Analysis & Synthesis report for Radio
Sat Jan  4 22:31:46 2025
Quartus Prime Version 17.1.0 Build 590 10/25/2017 SJ Lite Edition


---------------------
; Table of Contents ;
---------------------
  1. Legal Notice
  2. Analysis & Synthesis Summary
  3. Analysis & Synthesis Settings
  4. Parallel Compilation
  5. Analysis & Synthesis Source Files Read
  6. Analysis & Synthesis Resource Usage Summary
  7. Analysis & Synthesis Resource Utilization by Entity
  8. Analysis & Synthesis RAM Summary
  9. Analysis & Synthesis DSP Block Usage Summary
 10. Analysis & Synthesis IP Cores Summary
 11. State Machine - |radio|Transmitter:tx|FirInterp8:fi|rstate
 12. Registers Protected by Synthesis
 13. Registers Removed During Synthesis
 14. Removed Registers Triggering Further Register Optimizations
 15. General Register Statistics
 16. Inverted Register Statistics
 17. Multiplexer Restructuring Statistics (Restructuring Performed)
 18. Source assignments for Receiver:rx|memcic:memcic_inst_I|memcic_ram:memcic_ram_inst|altsyncram:altsyncram_component|altsyncram_7bp1:auto_generated
 19. Source assignments for Receiver:rx|memcic:memcic_inst_Q|memcic_ram:memcic_ram_inst|altsyncram:altsyncram_component|altsyncram_7bp1:auto_generated
 20. Source assignments for Receiver:rx|fir_coeffs:fir_coeffs_inst|fir_coeffs_rom:fir_coeffs_rom_inst|altsyncram:altsyncram_component|altsyncram_nvb1:auto_generated
 21. Source assignments for Receiver:rx|fir:fir_inst_I|fir_shiftreg:fir_shiftreg_inst|altshift_taps:ALTSHIFT_TAPS_component|shift_taps_frv:auto_generated|altsyncram_rga1:altsyncram2
 22. Source assignments for Receiver:rx|fir:fir_inst_Q|fir_shiftreg:fir_shiftreg_inst|altshift_taps:ALTSHIFT_TAPS_component|shift_taps_frv:auto_generated|altsyncram_rga1:altsyncram2
 23. Source assignments for Transmitter:tx|FirInterp8:fi|firromI:rom|altsyncram:altsyncram_component|altsyncram_83b1:auto_generated
 24. Source assignments for Transmitter:tx|FirInterp8:fi|firram36I:ram|altsyncram:altsyncram_component|altsyncram_jbp1:auto_generated
 25. Source assignments for Transmitter:tx|profile:cw_pro|altsyncram:altsyncram_component|altsyncram_p8b1:auto_generated
 26. Source assignments for fifo:fm|dcfifo:dcfifo_component
 27. Source assignments for fifo:fm|dcfifo:dcfifo_component|dcfifo_5ti1:auto_generated
 28. Source assignments for fifo:fm|dcfifo:dcfifo_component|dcfifo_5ti1:auto_generated|a_graycounter_777:rdptr_g1p
 29. Source assignments for fifo:fm|dcfifo:dcfifo_component|dcfifo_5ti1:auto_generated|a_graycounter_3lc:wrptr_g1p
 30. Source assignments for fifo:fm|dcfifo:dcfifo_component|dcfifo_5ti1:auto_generated|altsyncram_g271:fifo_ram
 31. Source assignments for fifo:fm|dcfifo:dcfifo_component|dcfifo_5ti1:auto_generated|alt_synch_pipe_fpl:rs_dgwp
 32. Source assignments for fifo:fm|dcfifo:dcfifo_component|dcfifo_5ti1:auto_generated|alt_synch_pipe_fpl:rs_dgwp|dffpipe_1f9:dffpipe5
 33. Source assignments for fifo:fm|dcfifo:dcfifo_component|dcfifo_5ti1:auto_generated|alt_synch_pipe_gpl:ws_dgrp
 34. Source assignments for fifo:fm|dcfifo:dcfifo_component|dcfifo_5ti1:auto_generated|alt_synch_pipe_gpl:ws_dgrp|dffpipe_2f9:dffpipe8
 35. Parameter Settings for User Entity Instance: pll_rx:prx|altpll:altpll_component
 36. Parameter Settings for User Entity Instance: Receiver:rx|cordic_rx:cordic_rx
 37. Parameter Settings for User Entity Instance: Receiver:rx|varcic:varcic_inst_I1
 38. Parameter Settings for User Entity Instance: Receiver:rx|varcic:varcic_inst_I1|cic_integrator:cic_stages[0].cic_integrator_inst
 39. Parameter Settings for User Entity Instance: Receiver:rx|varcic:varcic_inst_I1|cic_comb:cic_stages[0].cic_comb_inst
 40. Parameter Settings for User Entity Instance: Receiver:rx|varcic:varcic_inst_I1|cic_integrator:cic_stages[1].cic_integrator_inst
 41. Parameter Settings for User Entity Instance: Receiver:rx|varcic:varcic_inst_I1|cic_comb:cic_stages[1].cic_comb_inst
 42. Parameter Settings for User Entity Instance: Receiver:rx|varcic:varcic_inst_I1|cic_integrator:cic_stages[2].cic_integrator_inst
 43. Parameter Settings for User Entity Instance: Receiver:rx|varcic:varcic_inst_I1|cic_comb:cic_stages[2].cic_comb_inst
 44. Parameter Settings for User Entity Instance: Receiver:rx|varcic:varcic_inst_I1|cic_integrator:cic_stages[3].cic_integrator_inst
 45. Parameter Settings for User Entity Instance: Receiver:rx|varcic:varcic_inst_I1|cic_comb:cic_stages[3].cic_comb_inst
 46. Parameter Settings for User Entity Instance: Receiver:rx|varcic:varcic_inst_Q1
 47. Parameter Settings for User Entity Instance: Receiver:rx|varcic:varcic_inst_Q1|cic_integrator:cic_stages[0].cic_integrator_inst
 48. Parameter Settings for User Entity Instance: Receiver:rx|varcic:varcic_inst_Q1|cic_comb:cic_stages[0].cic_comb_inst
 49. Parameter Settings for User Entity Instance: Receiver:rx|varcic:varcic_inst_Q1|cic_integrator:cic_stages[1].cic_integrator_inst
 50. Parameter Settings for User Entity Instance: Receiver:rx|varcic:varcic_inst_Q1|cic_comb:cic_stages[1].cic_comb_inst
 51. Parameter Settings for User Entity Instance: Receiver:rx|varcic:varcic_inst_Q1|cic_integrator:cic_stages[2].cic_integrator_inst
 52. Parameter Settings for User Entity Instance: Receiver:rx|varcic:varcic_inst_Q1|cic_comb:cic_stages[2].cic_comb_inst
 53. Parameter Settings for User Entity Instance: Receiver:rx|varcic:varcic_inst_Q1|cic_integrator:cic_stages[3].cic_integrator_inst
 54. Parameter Settings for User Entity Instance: Receiver:rx|varcic:varcic_inst_Q1|cic_comb:cic_stages[3].cic_comb_inst
 55. Parameter Settings for User Entity Instance: Receiver:rx|memcic:memcic_inst_I
 56. Parameter Settings for User Entity Instance: Receiver:rx|memcic:memcic_inst_I|memcic_ram:memcic_ram_inst|altsyncram:altsyncram_component
 57. Parameter Settings for User Entity Instance: Receiver:rx|memcic:memcic_inst_Q
 58. Parameter Settings for User Entity Instance: Receiver:rx|memcic:memcic_inst_Q|memcic_ram:memcic_ram_inst|altsyncram:altsyncram_component
 59. Parameter Settings for User Entity Instance: Receiver:rx|fir_coeffs:fir_coeffs_inst|fir_coeffs_rom:fir_coeffs_rom_inst|altsyncram:altsyncram_component
 60. Parameter Settings for User Entity Instance: Receiver:rx|fir:fir_inst_I
 61. Parameter Settings for User Entity Instance: Receiver:rx|fir:fir_inst_I|fir_shiftreg:fir_shiftreg_inst|altshift_taps:ALTSHIFT_TAPS_component
 62. Parameter Settings for User Entity Instance: Receiver:rx|fir:fir_inst_I|fir_mac:fir_mac_inst|mult_24Sx24S:mult_24Sx24S_inst|lpm_mult:lpm_mult_component
 63. Parameter Settings for User Entity Instance: Receiver:rx|fir:fir_inst_Q
 64. Parameter Settings for User Entity Instance: Receiver:rx|fir:fir_inst_Q|fir_shiftreg:fir_shiftreg_inst|altshift_taps:ALTSHIFT_TAPS_component
 65. Parameter Settings for User Entity Instance: Receiver:rx|fir:fir_inst_Q|fir_mac:fir_mac_inst|mult_24Sx24S:mult_24Sx24S_inst|lpm_mult:lpm_mult_component
 66. Parameter Settings for User Entity Instance: Transmitter:tx
 67. Parameter Settings for User Entity Instance: Transmitter:tx|cdc_sync:re_data
 68. Parameter Settings for User Entity Instance: Transmitter:tx|cdc_sync:im_data
 69. Parameter Settings for User Entity Instance: Transmitter:tx|cdc_sync:c_w
 70. Parameter Settings for User Entity Instance: Transmitter:tx|cdc_sync:rst_t
 71. Parameter Settings for User Entity Instance: Transmitter:tx|cdc_sync:p_clk
 72. Parameter Settings for User Entity Instance: Transmitter:tx|FirInterp8:fi
 73. Parameter Settings for User Entity Instance: Transmitter:tx|FirInterp8:fi|firromI:rom|altsyncram:altsyncram_component
 74. Parameter Settings for User Entity Instance: Transmitter:tx|FirInterp8:fi|firram36I:ram|altsyncram:altsyncram_component
 75. Parameter Settings for User Entity Instance: Transmitter:tx|CicInterpM5:in2
 76. Parameter Settings for User Entity Instance: Transmitter:tx|profile:cw_pro|altsyncram:altsyncram_component
 77. Parameter Settings for User Entity Instance: Transmitter:tx|mult_16x16_uns:cw_mult|lpm_mult:lpm_mult_component
 78. Parameter Settings for User Entity Instance: Transmitter:tx|cordic_tx:cordic_inst
 79. Parameter Settings for User Entity Instance: cdc_sync:done
 80. Parameter Settings for User Entity Instance: cdc_sync:cont
 81. Parameter Settings for User Entity Instance: spi_slave:spi
 82. Parameter Settings for User Entity Instance: fifo:fm|dcfifo:dcfifo_component
 83. Parameter Settings for Inferred Entity Instance: Transmitter:tx|FirInterp8:fi|lpm_mult:Mult1
 84. Parameter Settings for Inferred Entity Instance: Transmitter:tx|FirInterp8:fi|lpm_mult:Mult0
 85. altpll Parameter Settings by Entity Instance
 86. altsyncram Parameter Settings by Entity Instance
 87. altshift_taps Parameter Settings by Entity Instance
 88. lpm_mult Parameter Settings by Entity Instance
 89. dcfifo Parameter Settings by Entity Instance
 90. Port Connectivity Checks: "fifo:fm"
 91. Port Connectivity Checks: "spi_slave:spi"
 92. Port Connectivity Checks: "cdc_sync:cont"
 93. Port Connectivity Checks: "cdc_sync:done"
 94. Port Connectivity Checks: "Transmitter:tx|cordic_tx:cordic_inst"
 95. Port Connectivity Checks: "Transmitter:tx|mult_16x16_uns:cw_mult"
 96. Port Connectivity Checks: "Transmitter:tx|CicInterpM5:in2"
 97. Port Connectivity Checks: "Transmitter:tx|cdc_sync:p_clk"
 98. Port Connectivity Checks: "Transmitter:tx|cdc_sync:rst_t"
 99. Port Connectivity Checks: "Transmitter:tx|cdc_sync:c_w"
100. Port Connectivity Checks: "Transmitter:tx|cdc_sync:im_data"
101. Port Connectivity Checks: "Transmitter:tx|cdc_sync:re_data"
102. Port Connectivity Checks: "Receiver:rx|fir:fir_inst_Q"
103. Port Connectivity Checks: "Receiver:rx|fir:fir_inst_I|fir_mac:fir_mac_inst"
104. Port Connectivity Checks: "Receiver:rx|fir:fir_inst_I|fir_shiftreg:fir_shiftreg_inst"
105. Port Connectivity Checks: "Receiver:rx|memcic:memcic_inst_Q"
106. Port Connectivity Checks: "Receiver:rx|memcic:memcic_inst_I|memcic_ram:memcic_ram_inst"
107. Port Connectivity Checks: "Receiver:rx|varcic:varcic_inst_Q1"
108. Port Connectivity Checks: "Receiver:rx|varcic:varcic_inst_I1|cic_comb:cic_stages[3].cic_comb_inst"
109. Port Connectivity Checks: "Receiver:rx|varcic:varcic_inst_I1"
110. Port Connectivity Checks: "Receiver:rx|cordic_rx:cordic_rx"
111. Post-Synthesis Netlist Statistics for Top Partition
112. Elapsed Time Per Partition
113. Analysis & Synthesis Messages
114. Analysis & Synthesis Suppressed Messages



----------------
; Legal Notice ;
----------------
Copyright (C) 2017  Intel Corporation. All rights reserved.
Your use of Intel Corporation's design tools, logic functions 
and other software and tools, and its AMPP partner logic 
functions, and any output files from any of the foregoing 
(including device programming or simulation files), and any 
associated documentation or information are expressly subject 
to the terms and conditions of the Intel Program License 
Subscription Agreement, the Intel Quartus Prime License Agreement,
the Intel FPGA IP License Agreement, or other applicable license
agreement, including, without limitation, that your use is for
the sole purpose of programming logic devices manufactured by
Intel and sold by Intel or its authorized distributors.  Please
refer to the applicable agreement for further details.



+----------------------------------------------------------------------------------+
; Analysis & Synthesis Summary                                                     ;
+------------------------------------+---------------------------------------------+
; Analysis & Synthesis Status        ; Successful - Sat Jan  4 22:31:46 2025       ;
; Quartus Prime Version              ; 17.1.0 Build 590 10/25/2017 SJ Lite Edition ;
; Revision Name                      ; Radio                                       ;
; Top-level Entity Name              ; radio                                       ;
; Family                             ; Cyclone IV E                                ;
; Total logic elements               ; 8,028                                       ;
;     Total combinational functions  ; 6,485                                       ;
;     Dedicated logic registers      ; 5,924                                       ;
; Total registers                    ; 5924                                        ;
; Total pins                         ; 63                                          ;
; Total virtual pins                 ; 0                                           ;
; Total memory bits                  ; 165,916                                     ;
; Embedded Multiplier 9-bit elements ; 18                                          ;
; Total PLLs                         ; 1                                           ;
+------------------------------------+---------------------------------------------+


+----------------------------------------------------------------------------------------------------------------------+
; Analysis & Synthesis Settings                                                                                        ;
+----------------------------------------------------------------------------+--------------------+--------------------+
; Option                                                                     ; Setting            ; Default Value      ;
+----------------------------------------------------------------------------+--------------------+--------------------+
; Device                                                                     ; EP4CE15F23C8       ;                    ;
; Top-level entity name                                                      ; radio              ; Radio              ;
; Family name                                                                ; Cyclone IV E       ; Stratix II         ;
; Optimization Technique                                                     ; Speed              ; Balanced           ;
; Use smart compilation                                                      ; Off                ; Off                ;
; Enable parallel Assembler and TimeQuest Timing Analyzer during compilation ; On                 ; On                 ;
; Enable compact report table                                                ; Off                ; Off                ;
; Restructure Multiplexers                                                   ; Auto               ; Auto               ;
; Create Debugging Nodes for IP Cores                                        ; Off                ; Off                ;
; Preserve fewer node names                                                  ; On                 ; On                 ;
; Intel FPGA IP Evaluation Mode                                              ; Enable             ; Enable             ;
; Verilog Version                                                            ; Verilog_2001       ; Verilog_2001       ;
; VHDL Version                                                               ; VHDL_1993          ; VHDL_1993          ;
; State Machine Processing                                                   ; Auto               ; Auto               ;
; Safe State Machine                                                         ; Off                ; Off                ;
; Extract Verilog State Machines                                             ; On                 ; On                 ;
; Extract VHDL State Machines                                                ; On                 ; On                 ;
; Ignore Verilog initial constructs                                          ; Off                ; Off                ;
; Iteration limit for constant Verilog loops                                 ; 5000               ; 5000               ;
; Iteration limit for non-constant Verilog loops                             ; 250                ; 250                ;
; Add Pass-Through Logic to Inferred RAMs                                    ; On                 ; On                 ;
; Infer RAMs from Raw Logic                                                  ; On                 ; On                 ;
; Parallel Synthesis                                                         ; Off                ; Off                ;
; DSP Block Balancing                                                        ; Auto               ; Auto               ;
; NOT Gate Push-Back                                                         ; On                 ; On                 ;
; Power-Up Don't Care                                                        ; On                 ; On                 ;
; Remove Redundant Logic Cells                                               ; Off                ; Off                ;
; Remove Duplicate Registers                                                 ; On                 ; On                 ;
; Ignore CARRY Buffers                                                       ; Off                ; Off                ;
; Ignore CASCADE Buffers                                                     ; Off                ; Off                ;
; Ignore GLOBAL Buffers                                                      ; Off                ; Off                ;
; Ignore ROW GLOBAL Buffers                                                  ; Off                ; Off                ;
; Ignore LCELL Buffers                                                       ; Off                ; Off                ;
; Ignore SOFT Buffers                                                        ; On                 ; On                 ;
; Limit AHDL Integers to 32 Bits                                             ; Off                ; Off                ;
; Carry Chain Length                                                         ; 70                 ; 70                 ;
; Auto Carry Chains                                                          ; On                 ; On                 ;
; Auto Open-Drain Pins                                                       ; On                 ; On                 ;
; Perform WYSIWYG Primitive Resynthesis                                      ; Off                ; Off                ;
; Auto ROM Replacement                                                       ; On                 ; On                 ;
; Auto RAM Replacement                                                       ; On                 ; On                 ;
; Auto DSP Block Replacement                                                 ; On                 ; On                 ;
; Auto Shift Register Replacement                                            ; Auto               ; Auto               ;
; Allow Shift Register Merging across Hierarchies                            ; Auto               ; Auto               ;
; Auto Clock Enable Replacement                                              ; On                 ; On                 ;
; Strict RAM Replacement                                                     ; Off                ; Off                ;
; Allow Synchronous Control Signals                                          ; On                 ; On                 ;
; Force Use of Synchronous Clear Signals                                     ; Off                ; Off                ;
; Auto RAM Block Balancing                                                   ; On                 ; On                 ;
; Auto RAM to Logic Cell Conversion                                          ; Off                ; Off                ;
; Auto Resource Sharing                                                      ; Off                ; Off                ;
; Allow Any RAM Size For Recognition                                         ; Off                ; Off                ;
; Allow Any ROM Size For Recognition                                         ; Off                ; Off                ;
; Allow Any Shift Register Size For Recognition                              ; Off                ; Off                ;
; Use LogicLock Constraints during Resource Balancing                        ; On                 ; On                 ;
; Ignore translate_off and synthesis_off directives                          ; Off                ; Off                ;
; Timing-Driven Synthesis                                                    ; On                 ; On                 ;
; Report Parameter Settings                                                  ; On                 ; On                 ;
; Report Source Assignments                                                  ; On                 ; On                 ;
; Report Connectivity Checks                                                 ; On                 ; On                 ;
; Ignore Maximum Fan-Out Assignments                                         ; Off                ; Off                ;
; Synchronization Register Chain Length                                      ; 2                  ; 2                  ;
; Power Optimization During Synthesis                                        ; Normal compilation ; Normal compilation ;
; HDL message level                                                          ; Level2             ; Level2             ;
; Suppress Register Optimization Related Messages                            ; Off                ; Off                ;
; Number of Removed Registers Reported in Synthesis Report                   ; 100                ; 100                ;
; Number of Swept Nodes Reported in Synthesis Report                         ; 5000               ; 5000               ;
; Number of Inverted Registers Reported in Synthesis Report                  ; 100                ; 100                ;
; Clock MUX Protection                                                       ; On                 ; On                 ;
; Auto Gated Clock Conversion                                                ; Off                ; Off                ;
; Block Design Naming                                                        ; Auto               ; Auto               ;
; SDC constraint protection                                                  ; Off                ; Off                ;
; Synthesis Effort                                                           ; Auto               ; Auto               ;
; Shift Register Replacement - Allow Asynchronous Clear Signal               ; On                 ; On                 ;
; Pre-Mapping Resynthesis Optimization                                       ; Off                ; Off                ;
; Analysis & Synthesis Message Level                                         ; Medium             ; Medium             ;
; Disable Register Merging Across Hierarchies                                ; Auto               ; Auto               ;
; Resource Aware Inference For Block RAM                                     ; On                 ; On                 ;
+----------------------------------------------------------------------------+--------------------+--------------------+


+------------------------------------------+
; Parallel Compilation                     ;
+----------------------------+-------------+
; Processors                 ; Number      ;
+----------------------------+-------------+
; Number detected on machine ; 2           ;
; Maximum allowed            ; 2           ;
;                            ;             ;
; Average used               ; 1.00        ;
; Maximum used               ; 2           ;
;                            ;             ;
; Usage by Processor         ; % Time Used ;
;     Processor 1            ; 100.0%      ;
;     Processor 2            ;   0.4%      ;
+----------------------------+-------------+


+------------------------------------------------------------------------------------------------------------------------------------------------------------------------------------------------+
; Analysis & Synthesis Source Files Read                                                                                                                                                         ;
+----------------------------------+-----------------+----------------------------------------+----------------------------------------------------------------------------------------+---------+
; File Name with User-Entered Path ; Used in Netlist ; File Type                              ; File Name with Absolute Path                                                           ; Library ;
+----------------------------------+-----------------+----------------------------------------+----------------------------------------------------------------------------------------+---------+
; mult_16x16_uns.v                 ; yes             ; User Wizard-Generated File             ; /home/tvl/Arduino/esp32-s3-sdr/fpga_projects/cyclone_project/mult_16x16_uns.v          ;         ;
; profile.v                        ; yes             ; User Wizard-Generated File             ; /home/tvl/Arduino/esp32-s3-sdr/fpga_projects/cyclone_project/profile.v                 ;         ;
; Radio.v                          ; yes             ; User Verilog HDL File                  ; /home/tvl/Arduino/esp32-s3-sdr/fpga_projects/cyclone_project/Radio.v                   ;         ;
; cdc_sync.v                       ; yes             ; User Verilog HDL File                  ; /home/tvl/Arduino/esp32-s3-sdr/fpga_projects/cyclone_project/cdc_sync.v                ;         ;
; firinterp.v                      ; yes             ; User Verilog HDL File                  ; /home/tvl/Arduino/esp32-s3-sdr/fpga_projects/cyclone_project/firinterp.v               ;         ;
; pll_rx.vhd                       ; yes             ; User Wizard-Generated File             ; /home/tvl/Arduino/esp32-s3-sdr/fpga_projects/cyclone_project/pll_rx.vhd                ;         ;
; transmitter.v                    ; yes             ; User Verilog HDL File                  ; /home/tvl/Arduino/esp32-s3-sdr/fpga_projects/cyclone_project/transmitter.v             ;         ;
; receiver.v                       ; yes             ; User Verilog HDL File                  ; /home/tvl/Arduino/esp32-s3-sdr/fpga_projects/cyclone_project/receiver.v                ;         ;
; spi_module.v                     ; yes             ; User Verilog HDL File                  ; /home/tvl/Arduino/esp32-s3-sdr/fpga_projects/cyclone_project/spi_module.v              ;         ;
; cordic_rx.v                      ; yes             ; User Verilog HDL File                  ; /home/tvl/Arduino/esp32-s3-sdr/fpga_projects/cyclone_project/cordic_rx.v               ;         ;
; firfilt.v                        ; yes             ; User Verilog HDL File                  ; /home/tvl/Arduino/esp32-s3-sdr/fpga_projects/cyclone_project/firfilt.v                 ;         ;
; firram36I.v                      ; yes             ; User Wizard-Generated File             ; /home/tvl/Arduino/esp32-s3-sdr/fpga_projects/cyclone_project/firram36I.v               ;         ;
; firromI.v                        ; yes             ; User Wizard-Generated File             ; /home/tvl/Arduino/esp32-s3-sdr/fpga_projects/cyclone_project/firromI.v                 ;         ;
; cordic_tx.v                      ; yes             ; User Verilog HDL File                  ; /home/tvl/Arduino/esp32-s3-sdr/fpga_projects/cyclone_project/cordic_tx.v               ;         ;
; varcic.v                         ; yes             ; User Verilog HDL File                  ; /home/tvl/Arduino/esp32-s3-sdr/fpga_projects/cyclone_project/varcic.v                  ;         ;
; memcic.v                         ; yes             ; User Verilog HDL File                  ; /home/tvl/Arduino/esp32-s3-sdr/fpga_projects/cyclone_project/memcic.v                  ;         ;
; memcic_ram.v                     ; yes             ; User Wizard-Generated File             ; /home/tvl/Arduino/esp32-s3-sdr/fpga_projects/cyclone_project/memcic_ram.v              ;         ;
; fir_coeffs_rom.v                 ; yes             ; User Wizard-Generated File             ; /home/tvl/Arduino/esp32-s3-sdr/fpga_projects/cyclone_project/fir_coeffs_rom.v          ;         ;
; mult_24Sx24S.v                   ; yes             ; User Wizard-Generated File             ; /home/tvl/Arduino/esp32-s3-sdr/fpga_projects/cyclone_project/mult_24Sx24S.v            ;         ;
; fir_shiftreg.v                   ; yes             ; User Wizard-Generated File             ; /home/tvl/Arduino/esp32-s3-sdr/fpga_projects/cyclone_project/fir_shiftreg.v            ;         ;
; cic_interp.v                     ; yes             ; User Verilog HDL File                  ; /home/tvl/Arduino/esp32-s3-sdr/fpga_projects/cyclone_project/cic_interp.v              ;         ;
; fifo.v                           ; yes             ; User Wizard-Generated File             ; /home/tvl/Arduino/esp32-s3-sdr/fpga_projects/cyclone_project/fifo.v                    ;         ;
; filter.v                         ; yes             ; User Verilog HDL File                  ; /home/tvl/Arduino/esp32-s3-sdr/fpga_projects/cyclone_project/filter.v                  ;         ;
; altpll.tdf                       ; yes             ; Megafunction                           ; /home/tvl/intelFPGA_lite/17.1/quartus/libraries/megafunctions/altpll.tdf               ;         ;
; aglobal171.inc                   ; yes             ; Megafunction                           ; /home/tvl/intelFPGA_lite/17.1/quartus/libraries/megafunctions/aglobal171.inc           ;         ;
; stratix_pll.inc                  ; yes             ; Megafunction                           ; /home/tvl/intelFPGA_lite/17.1/quartus/libraries/megafunctions/stratix_pll.inc          ;         ;
; stratixii_pll.inc                ; yes             ; Megafunction                           ; /home/tvl/intelFPGA_lite/17.1/quartus/libraries/megafunctions/stratixii_pll.inc        ;         ;
; cycloneii_pll.inc                ; yes             ; Megafunction                           ; /home/tvl/intelFPGA_lite/17.1/quartus/libraries/megafunctions/cycloneii_pll.inc        ;         ;
; db/pll_rx_altpll.v               ; yes             ; Auto-Generated Megafunction            ; /home/tvl/Arduino/esp32-s3-sdr/fpga_projects/cyclone_project/db/pll_rx_altpll.v        ;         ;
; altsyncram.tdf                   ; yes             ; Megafunction                           ; /home/tvl/intelFPGA_lite/17.1/quartus/libraries/megafunctions/altsyncram.tdf           ;         ;
; stratix_ram_block.inc            ; yes             ; Megafunction                           ; /home/tvl/intelFPGA_lite/17.1/quartus/libraries/megafunctions/stratix_ram_block.inc    ;         ;
; lpm_mux.inc                      ; yes             ; Megafunction                           ; /home/tvl/intelFPGA_lite/17.1/quartus/libraries/megafunctions/lpm_mux.inc              ;         ;
; lpm_decode.inc                   ; yes             ; Megafunction                           ; /home/tvl/intelFPGA_lite/17.1/quartus/libraries/megafunctions/lpm_decode.inc           ;         ;
; a_rdenreg.inc                    ; yes             ; Megafunction                           ; /home/tvl/intelFPGA_lite/17.1/quartus/libraries/megafunctions/a_rdenreg.inc            ;         ;
; altrom.inc                       ; yes             ; Megafunction                           ; /home/tvl/intelFPGA_lite/17.1/quartus/libraries/megafunctions/altrom.inc               ;         ;
; altram.inc                       ; yes             ; Megafunction                           ; /home/tvl/intelFPGA_lite/17.1/quartus/libraries/megafunctions/altram.inc               ;         ;
; altdpram.inc                     ; yes             ; Megafunction                           ; /home/tvl/intelFPGA_lite/17.1/quartus/libraries/megafunctions/altdpram.inc             ;         ;
; db/altsyncram_7bp1.tdf           ; yes             ; Auto-Generated Megafunction            ; /home/tvl/Arduino/esp32-s3-sdr/fpga_projects/cyclone_project/db/altsyncram_7bp1.tdf    ;         ;
; db/altsyncram_nvb1.tdf           ; yes             ; Auto-Generated Megafunction            ; /home/tvl/Arduino/esp32-s3-sdr/fpga_projects/cyclone_project/db/altsyncram_nvb1.tdf    ;         ;
; fir_coeffs_rom.hex               ; yes             ; Auto-Found Memory Initialization File  ; /home/tvl/Arduino/esp32-s3-sdr/fpga_projects/cyclone_project/fir_coeffs_rom.hex        ;         ;
; altshift_taps.tdf                ; yes             ; Megafunction                           ; /home/tvl/intelFPGA_lite/17.1/quartus/libraries/megafunctions/altshift_taps.tdf        ;         ;
; lpm_counter.inc                  ; yes             ; Megafunction                           ; /home/tvl/intelFPGA_lite/17.1/quartus/libraries/megafunctions/lpm_counter.inc          ;         ;
; lpm_compare.inc                  ; yes             ; Megafunction                           ; /home/tvl/intelFPGA_lite/17.1/quartus/libraries/megafunctions/lpm_compare.inc          ;         ;
; lpm_constant.inc                 ; yes             ; Megafunction                           ; /home/tvl/intelFPGA_lite/17.1/quartus/libraries/megafunctions/lpm_constant.inc         ;         ;
; db/shift_taps_frv.tdf            ; yes             ; Auto-Generated Megafunction            ; /home/tvl/Arduino/esp32-s3-sdr/fpga_projects/cyclone_project/db/shift_taps_frv.tdf     ;         ;
; db/altsyncram_rga1.tdf           ; yes             ; Auto-Generated Megafunction            ; /home/tvl/Arduino/esp32-s3-sdr/fpga_projects/cyclone_project/db/altsyncram_rga1.tdf    ;         ;
; db/cntr_ksf.tdf                  ; yes             ; Auto-Generated Megafunction            ; /home/tvl/Arduino/esp32-s3-sdr/fpga_projects/cyclone_project/db/cntr_ksf.tdf           ;         ;
; db/cmpr_ugc.tdf                  ; yes             ; Auto-Generated Megafunction            ; /home/tvl/Arduino/esp32-s3-sdr/fpga_projects/cyclone_project/db/cmpr_ugc.tdf           ;         ;
; lpm_mult.tdf                     ; yes             ; Megafunction                           ; /home/tvl/intelFPGA_lite/17.1/quartus/libraries/megafunctions/lpm_mult.tdf             ;         ;
; lpm_add_sub.inc                  ; yes             ; Megafunction                           ; /home/tvl/intelFPGA_lite/17.1/quartus/libraries/megafunctions/lpm_add_sub.inc          ;         ;
; multcore.inc                     ; yes             ; Megafunction                           ; /home/tvl/intelFPGA_lite/17.1/quartus/libraries/megafunctions/multcore.inc             ;         ;
; bypassff.inc                     ; yes             ; Megafunction                           ; /home/tvl/intelFPGA_lite/17.1/quartus/libraries/megafunctions/bypassff.inc             ;         ;
; altshift.inc                     ; yes             ; Megafunction                           ; /home/tvl/intelFPGA_lite/17.1/quartus/libraries/megafunctions/altshift.inc             ;         ;
; db/mult_okp.tdf                  ; yes             ; Auto-Generated Megafunction            ; /home/tvl/Arduino/esp32-s3-sdr/fpga_projects/cyclone_project/db/mult_okp.tdf           ;         ;
; db/altsyncram_83b1.tdf           ; yes             ; Auto-Generated Megafunction            ; /home/tvl/Arduino/esp32-s3-sdr/fpga_projects/cyclone_project/db/altsyncram_83b1.tdf    ;         ;
; coefI8.mif                       ; yes             ; Auto-Found Memory Initialization File  ; /home/tvl/Arduino/esp32-s3-sdr/fpga_projects/cyclone_project/coefI8.mif                ;         ;
; db/altsyncram_jbp1.tdf           ; yes             ; Auto-Generated Megafunction            ; /home/tvl/Arduino/esp32-s3-sdr/fpga_projects/cyclone_project/db/altsyncram_jbp1.tdf    ;         ;
; db/altsyncram_p8b1.tdf           ; yes             ; Auto-Generated Megafunction            ; /home/tvl/Arduino/esp32-s3-sdr/fpga_projects/cyclone_project/db/altsyncram_p8b1.tdf    ;         ;
; profile.mif                      ; yes             ; Auto-Found Memory Initialization File  ; /home/tvl/Arduino/esp32-s3-sdr/fpga_projects/cyclone_project/profile.mif               ;         ;
; db/mult_a3r.tdf                  ; yes             ; Auto-Generated Megafunction            ; /home/tvl/Arduino/esp32-s3-sdr/fpga_projects/cyclone_project/db/mult_a3r.tdf           ;         ;
; dcfifo.tdf                       ; yes             ; Megafunction                           ; /home/tvl/intelFPGA_lite/17.1/quartus/libraries/megafunctions/dcfifo.tdf               ;         ;
; a_graycounter.inc                ; yes             ; Megafunction                           ; /home/tvl/intelFPGA_lite/17.1/quartus/libraries/megafunctions/a_graycounter.inc        ;         ;
; a_fefifo.inc                     ; yes             ; Megafunction                           ; /home/tvl/intelFPGA_lite/17.1/quartus/libraries/megafunctions/a_fefifo.inc             ;         ;
; a_gray2bin.inc                   ; yes             ; Megafunction                           ; /home/tvl/intelFPGA_lite/17.1/quartus/libraries/megafunctions/a_gray2bin.inc           ;         ;
; dffpipe.inc                      ; yes             ; Megafunction                           ; /home/tvl/intelFPGA_lite/17.1/quartus/libraries/megafunctions/dffpipe.inc              ;         ;
; alt_sync_fifo.inc                ; yes             ; Megafunction                           ; /home/tvl/intelFPGA_lite/17.1/quartus/libraries/megafunctions/alt_sync_fifo.inc        ;         ;
; altsyncram_fifo.inc              ; yes             ; Megafunction                           ; /home/tvl/intelFPGA_lite/17.1/quartus/libraries/megafunctions/altsyncram_fifo.inc      ;         ;
; db/dcfifo_5ti1.tdf               ; yes             ; Auto-Generated Megafunction            ; /home/tvl/Arduino/esp32-s3-sdr/fpga_projects/cyclone_project/db/dcfifo_5ti1.tdf        ;         ;
; db/a_graycounter_777.tdf         ; yes             ; Auto-Generated Megafunction            ; /home/tvl/Arduino/esp32-s3-sdr/fpga_projects/cyclone_project/db/a_graycounter_777.tdf  ;         ;
; db/a_graycounter_3lc.tdf         ; yes             ; Auto-Generated Megafunction            ; /home/tvl/Arduino/esp32-s3-sdr/fpga_projects/cyclone_project/db/a_graycounter_3lc.tdf  ;         ;
; db/altsyncram_g271.tdf           ; yes             ; Auto-Generated Megafunction            ; /home/tvl/Arduino/esp32-s3-sdr/fpga_projects/cyclone_project/db/altsyncram_g271.tdf    ;         ;
; db/alt_synch_pipe_fpl.tdf        ; yes             ; Auto-Generated Megafunction            ; /home/tvl/Arduino/esp32-s3-sdr/fpga_projects/cyclone_project/db/alt_synch_pipe_fpl.tdf ;         ;
; db/dffpipe_1f9.tdf               ; yes             ; Auto-Generated Megafunction            ; /home/tvl/Arduino/esp32-s3-sdr/fpga_projects/cyclone_project/db/dffpipe_1f9.tdf        ;         ;
; db/alt_synch_pipe_gpl.tdf        ; yes             ; Auto-Generated Megafunction            ; /home/tvl/Arduino/esp32-s3-sdr/fpga_projects/cyclone_project/db/alt_synch_pipe_gpl.tdf ;         ;
; db/dffpipe_2f9.tdf               ; yes             ; Auto-Generated Megafunction            ; /home/tvl/Arduino/esp32-s3-sdr/fpga_projects/cyclone_project/db/dffpipe_2f9.tdf        ;         ;
; db/cmpr_p76.tdf                  ; yes             ; Auto-Generated Megafunction            ; /home/tvl/Arduino/esp32-s3-sdr/fpga_projects/cyclone_project/db/cmpr_p76.tdf           ;         ;
; db/mult_c6t.tdf                  ; yes             ; Auto-Generated Megafunction            ; /home/tvl/Arduino/esp32-s3-sdr/fpga_projects/cyclone_project/db/mult_c6t.tdf           ;         ;
+----------------------------------+-----------------+----------------------------------------+----------------------------------------------------------------------------------------+---------+


+---------------------------------------------------------------+
; Analysis & Synthesis Resource Usage Summary                   ;
+---------------------------------------------+-----------------+
; Resource                                    ; Usage           ;
+---------------------------------------------+-----------------+
; Estimated Total logic elements              ; 8,028           ;
;                                             ;                 ;
; Total combinational functions               ; 6485            ;
; Logic element usage by number of LUT inputs ;                 ;
;     -- 4 input functions                    ; 228             ;
;     -- 3 input functions                    ; 4695            ;
;     -- <=2 input functions                  ; 1562            ;
;                                             ;                 ;
; Logic elements by mode                      ;                 ;
;     -- normal mode                          ; 1833            ;
;     -- arithmetic mode                      ; 4652            ;
;                                             ;                 ;
; Total registers                             ; 5924            ;
;     -- Dedicated logic registers            ; 5924            ;
;     -- I/O registers                        ; 0               ;
;                                             ;                 ;
; I/O pins                                    ; 63              ;
; Total memory bits                           ; 165916          ;
;                                             ;                 ;
; Embedded Multiplier 9-bit elements          ; 18              ;
;                                             ;                 ;
; Total PLLs                                  ; 1               ;
;     -- PLLs                                 ; 1               ;
;                                             ;                 ;
; Maximum fan-out node                        ; clock_61M~input ;
; Maximum fan-out                             ; 3135            ;
; Total fan-out                               ; 38964           ;
; Average fan-out                             ; 3.02            ;
+---------------------------------------------+-----------------+


+-------------------------------------------------------------------------------------------------------------------------------------------------------------------------------------------------------------------------------------------------------------------------------------------------------------------------------------------------------------------------------------------------+
; Analysis & Synthesis Resource Utilization by Entity                                                                                                                                                                                                                                                                                                                                             ;
+-------------------------------------------------------------+---------------------+---------------------------+-------------+--------------+---------+-----------+------+--------------+--------------------------------------------------------------------------------------------------------------------------------------------------------------------+--------------------+--------------+
; Compilation Hierarchy Node                                  ; Combinational ALUTs ; Dedicated Logic Registers ; Memory Bits ; DSP Elements ; DSP 9x9 ; DSP 18x18 ; Pins ; Virtual Pins ; Full Hierarchy Name                                                                                                                                                ; Entity Name        ; Library Name ;
+-------------------------------------------------------------+---------------------+---------------------------+-------------+--------------+---------+-----------+------+--------------+--------------------------------------------------------------------------------------------------------------------------------------------------------------------+--------------------+--------------+
; |radio                                                      ; 6485 (98)           ; 5924 (239)                ; 165916      ; 18           ; 2       ; 8         ; 63   ; 0            ; |radio                                                                                                                                                             ; radio              ; work         ;
;    |Receiver:rx|                                            ; 3582 (0)            ; 2818 (48)                 ; 23324       ; 14           ; 2       ; 6         ; 0    ; 0            ; |radio|Receiver:rx                                                                                                                                                 ; Receiver           ; work         ;
;       |cordic_rx:cordic_rx|                                 ; 1508 (1508)         ; 1020 (1020)               ; 0           ; 0            ; 0       ; 0         ; 0    ; 0            ; |radio|Receiver:rx|cordic_rx:cordic_rx                                                                                                                             ; cordic_rx          ; work         ;
;       |fir:fir_inst_I|                                      ; 177 (60)            ; 86 (31)                   ; 6350        ; 7            ; 1       ; 3         ; 0    ; 0            ; |radio|Receiver:rx|fir:fir_inst_I                                                                                                                                  ; fir                ; work         ;
;          |fir_mac:fir_mac_inst|                             ; 105 (47)            ; 47 (47)                   ; 0           ; 7            ; 1       ; 3         ; 0    ; 0            ; |radio|Receiver:rx|fir:fir_inst_I|fir_mac:fir_mac_inst                                                                                                             ; fir_mac            ; work         ;
;             |mult_24Sx24S:mult_24Sx24S_inst|                ; 58 (0)              ; 0 (0)                     ; 0           ; 7            ; 1       ; 3         ; 0    ; 0            ; |radio|Receiver:rx|fir:fir_inst_I|fir_mac:fir_mac_inst|mult_24Sx24S:mult_24Sx24S_inst                                                                              ; mult_24Sx24S       ; work         ;
;                |lpm_mult:lpm_mult_component|                ; 58 (0)              ; 0 (0)                     ; 0           ; 7            ; 1       ; 3         ; 0    ; 0            ; |radio|Receiver:rx|fir:fir_inst_I|fir_mac:fir_mac_inst|mult_24Sx24S:mult_24Sx24S_inst|lpm_mult:lpm_mult_component                                                  ; lpm_mult           ; work         ;
;                   |mult_okp:auto_generated|                 ; 58 (58)             ; 0 (0)                     ; 0           ; 7            ; 1       ; 3         ; 0    ; 0            ; |radio|Receiver:rx|fir:fir_inst_I|fir_mac:fir_mac_inst|mult_24Sx24S:mult_24Sx24S_inst|lpm_mult:lpm_mult_component|mult_okp:auto_generated                          ; mult_okp           ; work         ;
;          |fir_shiftreg:fir_shiftreg_inst|                   ; 12 (0)              ; 8 (0)                     ; 6350        ; 0            ; 0       ; 0         ; 0    ; 0            ; |radio|Receiver:rx|fir:fir_inst_I|fir_shiftreg:fir_shiftreg_inst                                                                                                   ; fir_shiftreg       ; work         ;
;             |altshift_taps:ALTSHIFT_TAPS_component|         ; 12 (0)              ; 8 (0)                     ; 6350        ; 0            ; 0       ; 0         ; 0    ; 0            ; |radio|Receiver:rx|fir:fir_inst_I|fir_shiftreg:fir_shiftreg_inst|altshift_taps:ALTSHIFT_TAPS_component                                                             ; altshift_taps      ; work         ;
;                |shift_taps_frv:auto_generated|              ; 12 (0)              ; 8 (0)                     ; 6350        ; 0            ; 0       ; 0         ; 0    ; 0            ; |radio|Receiver:rx|fir:fir_inst_I|fir_shiftreg:fir_shiftreg_inst|altshift_taps:ALTSHIFT_TAPS_component|shift_taps_frv:auto_generated                               ; shift_taps_frv     ; work         ;
;                   |altsyncram_rga1:altsyncram2|             ; 0 (0)               ; 0 (0)                     ; 6350        ; 0            ; 0       ; 0         ; 0    ; 0            ; |radio|Receiver:rx|fir:fir_inst_I|fir_shiftreg:fir_shiftreg_inst|altshift_taps:ALTSHIFT_TAPS_component|shift_taps_frv:auto_generated|altsyncram_rga1:altsyncram2   ; altsyncram_rga1    ; work         ;
;                   |cntr_ksf:cntr1|                          ; 12 (10)             ; 8 (8)                     ; 0           ; 0            ; 0       ; 0         ; 0    ; 0            ; |radio|Receiver:rx|fir:fir_inst_I|fir_shiftreg:fir_shiftreg_inst|altshift_taps:ALTSHIFT_TAPS_component|shift_taps_frv:auto_generated|cntr_ksf:cntr1                ; cntr_ksf           ; work         ;
;                      |cmpr_ugc:cmpr4|                       ; 2 (2)               ; 0 (0)                     ; 0           ; 0            ; 0       ; 0         ; 0    ; 0            ; |radio|Receiver:rx|fir:fir_inst_I|fir_shiftreg:fir_shiftreg_inst|altshift_taps:ALTSHIFT_TAPS_component|shift_taps_frv:auto_generated|cntr_ksf:cntr1|cmpr_ugc:cmpr4 ; cmpr_ugc           ; work         ;
;       |fir:fir_inst_Q|                                      ; 174 (57)            ; 84 (29)                   ; 6350        ; 7            ; 1       ; 3         ; 0    ; 0            ; |radio|Receiver:rx|fir:fir_inst_Q                                                                                                                                  ; fir                ; work         ;
;          |fir_mac:fir_mac_inst|                             ; 105 (47)            ; 47 (47)                   ; 0           ; 7            ; 1       ; 3         ; 0    ; 0            ; |radio|Receiver:rx|fir:fir_inst_Q|fir_mac:fir_mac_inst                                                                                                             ; fir_mac            ; work         ;
;             |mult_24Sx24S:mult_24Sx24S_inst|                ; 58 (0)              ; 0 (0)                     ; 0           ; 7            ; 1       ; 3         ; 0    ; 0            ; |radio|Receiver:rx|fir:fir_inst_Q|fir_mac:fir_mac_inst|mult_24Sx24S:mult_24Sx24S_inst                                                                              ; mult_24Sx24S       ; work         ;
;                |lpm_mult:lpm_mult_component|                ; 58 (0)              ; 0 (0)                     ; 0           ; 7            ; 1       ; 3         ; 0    ; 0            ; |radio|Receiver:rx|fir:fir_inst_Q|fir_mac:fir_mac_inst|mult_24Sx24S:mult_24Sx24S_inst|lpm_mult:lpm_mult_component                                                  ; lpm_mult           ; work         ;
;                   |mult_okp:auto_generated|                 ; 58 (58)             ; 0 (0)                     ; 0           ; 7            ; 1       ; 3         ; 0    ; 0            ; |radio|Receiver:rx|fir:fir_inst_Q|fir_mac:fir_mac_inst|mult_24Sx24S:mult_24Sx24S_inst|lpm_mult:lpm_mult_component|mult_okp:auto_generated                          ; mult_okp           ; work         ;
;          |fir_shiftreg:fir_shiftreg_inst|                   ; 12 (0)              ; 8 (0)                     ; 6350        ; 0            ; 0       ; 0         ; 0    ; 0            ; |radio|Receiver:rx|fir:fir_inst_Q|fir_shiftreg:fir_shiftreg_inst                                                                                                   ; fir_shiftreg       ; work         ;
;             |altshift_taps:ALTSHIFT_TAPS_component|         ; 12 (0)              ; 8 (0)                     ; 6350        ; 0            ; 0       ; 0         ; 0    ; 0            ; |radio|Receiver:rx|fir:fir_inst_Q|fir_shiftreg:fir_shiftreg_inst|altshift_taps:ALTSHIFT_TAPS_component                                                             ; altshift_taps      ; work         ;
;                |shift_taps_frv:auto_generated|              ; 12 (0)              ; 8 (0)                     ; 6350        ; 0            ; 0       ; 0         ; 0    ; 0            ; |radio|Receiver:rx|fir:fir_inst_Q|fir_shiftreg:fir_shiftreg_inst|altshift_taps:ALTSHIFT_TAPS_component|shift_taps_frv:auto_generated                               ; shift_taps_frv     ; work         ;
;                   |altsyncram_rga1:altsyncram2|             ; 0 (0)               ; 0 (0)                     ; 6350        ; 0            ; 0       ; 0         ; 0    ; 0            ; |radio|Receiver:rx|fir:fir_inst_Q|fir_shiftreg:fir_shiftreg_inst|altshift_taps:ALTSHIFT_TAPS_component|shift_taps_frv:auto_generated|altsyncram_rga1:altsyncram2   ; altsyncram_rga1    ; work         ;
;                   |cntr_ksf:cntr1|                          ; 12 (10)             ; 8 (8)                     ; 0           ; 0            ; 0       ; 0         ; 0    ; 0            ; |radio|Receiver:rx|fir:fir_inst_Q|fir_shiftreg:fir_shiftreg_inst|altshift_taps:ALTSHIFT_TAPS_component|shift_taps_frv:auto_generated|cntr_ksf:cntr1                ; cntr_ksf           ; work         ;
;                      |cmpr_ugc:cmpr4|                       ; 2 (2)               ; 0 (0)                     ; 0           ; 0            ; 0       ; 0         ; 0    ; 0            ; |radio|Receiver:rx|fir:fir_inst_Q|fir_shiftreg:fir_shiftreg_inst|altshift_taps:ALTSHIFT_TAPS_component|shift_taps_frv:auto_generated|cntr_ksf:cntr1|cmpr_ugc:cmpr4 ; cmpr_ugc           ; work         ;
;       |fir_coeffs:fir_coeffs_inst|                          ; 8 (8)               ; 8 (8)                     ; 6144        ; 0            ; 0       ; 0         ; 0    ; 0            ; |radio|Receiver:rx|fir_coeffs:fir_coeffs_inst                                                                                                                      ; fir_coeffs         ; work         ;
;          |fir_coeffs_rom:fir_coeffs_rom_inst|               ; 0 (0)               ; 0 (0)                     ; 6144        ; 0            ; 0       ; 0         ; 0    ; 0            ; |radio|Receiver:rx|fir_coeffs:fir_coeffs_inst|fir_coeffs_rom:fir_coeffs_rom_inst                                                                                   ; fir_coeffs_rom     ; work         ;
;             |altsyncram:altsyncram_component|               ; 0 (0)               ; 0 (0)                     ; 6144        ; 0            ; 0       ; 0         ; 0    ; 0            ; |radio|Receiver:rx|fir_coeffs:fir_coeffs_inst|fir_coeffs_rom:fir_coeffs_rom_inst|altsyncram:altsyncram_component                                                   ; altsyncram         ; work         ;
;                |altsyncram_nvb1:auto_generated|             ; 0 (0)               ; 0 (0)                     ; 6144        ; 0            ; 0       ; 0         ; 0    ; 0            ; |radio|Receiver:rx|fir_coeffs:fir_coeffs_inst|fir_coeffs_rom:fir_coeffs_rom_inst|altsyncram:altsyncram_component|altsyncram_nvb1:auto_generated                    ; altsyncram_nvb1    ; work         ;
;       |memcic:memcic_inst_I|                                ; 343 (343)           ; 115 (115)                 ; 2240        ; 0            ; 0       ; 0         ; 0    ; 0            ; |radio|Receiver:rx|memcic:memcic_inst_I                                                                                                                            ; memcic             ; work         ;
;          |memcic_ram:memcic_ram_inst|                       ; 0 (0)               ; 0 (0)                     ; 2240        ; 0            ; 0       ; 0         ; 0    ; 0            ; |radio|Receiver:rx|memcic:memcic_inst_I|memcic_ram:memcic_ram_inst                                                                                                 ; memcic_ram         ; work         ;
;             |altsyncram:altsyncram_component|               ; 0 (0)               ; 0 (0)                     ; 2240        ; 0            ; 0       ; 0         ; 0    ; 0            ; |radio|Receiver:rx|memcic:memcic_inst_I|memcic_ram:memcic_ram_inst|altsyncram:altsyncram_component                                                                 ; altsyncram         ; work         ;
;                |altsyncram_7bp1:auto_generated|             ; 0 (0)               ; 0 (0)                     ; 2240        ; 0            ; 0       ; 0         ; 0    ; 0            ; |radio|Receiver:rx|memcic:memcic_inst_I|memcic_ram:memcic_ram_inst|altsyncram:altsyncram_component|altsyncram_7bp1:auto_generated                                  ; altsyncram_7bp1    ; work         ;
;       |memcic:memcic_inst_Q|                                ; 304 (304)           ; 94 (94)                   ; 2240        ; 0            ; 0       ; 0         ; 0    ; 0            ; |radio|Receiver:rx|memcic:memcic_inst_Q                                                                                                                            ; memcic             ; work         ;
;          |memcic_ram:memcic_ram_inst|                       ; 0 (0)               ; 0 (0)                     ; 2240        ; 0            ; 0       ; 0         ; 0    ; 0            ; |radio|Receiver:rx|memcic:memcic_inst_Q|memcic_ram:memcic_ram_inst                                                                                                 ; memcic_ram         ; work         ;
;             |altsyncram:altsyncram_component|               ; 0 (0)               ; 0 (0)                     ; 2240        ; 0            ; 0       ; 0         ; 0    ; 0            ; |radio|Receiver:rx|memcic:memcic_inst_Q|memcic_ram:memcic_ram_inst|altsyncram:altsyncram_component                                                                 ; altsyncram         ; work         ;
;                |altsyncram_7bp1:auto_generated|             ; 0 (0)               ; 0 (0)                     ; 2240        ; 0            ; 0       ; 0         ; 0    ; 0            ; |radio|Receiver:rx|memcic:memcic_inst_Q|memcic_ram:memcic_ram_inst|altsyncram:altsyncram_component|altsyncram_7bp1:auto_generated                                  ; altsyncram_7bp1    ; work         ;
;       |varcic:varcic_inst_I1|                               ; 545 (97)            ; 690 (41)                  ; 0           ; 0            ; 0       ; 0         ; 0    ; 0            ; |radio|Receiver:rx|varcic:varcic_inst_I1                                                                                                                           ; varcic             ; work         ;
;          |cic_comb:cic_stages[0].cic_comb_inst|             ; 56 (56)             ; 112 (112)                 ; 0           ; 0            ; 0       ; 0         ; 0    ; 0            ; |radio|Receiver:rx|varcic:varcic_inst_I1|cic_comb:cic_stages[0].cic_comb_inst                                                                                      ; cic_comb           ; work         ;
;          |cic_comb:cic_stages[1].cic_comb_inst|             ; 56 (56)             ; 112 (112)                 ; 0           ; 0            ; 0       ; 0         ; 0    ; 0            ; |radio|Receiver:rx|varcic:varcic_inst_I1|cic_comb:cic_stages[1].cic_comb_inst                                                                                      ; cic_comb           ; work         ;
;          |cic_comb:cic_stages[2].cic_comb_inst|             ; 56 (56)             ; 112 (112)                 ; 0           ; 0            ; 0       ; 0         ; 0    ; 0            ; |radio|Receiver:rx|varcic:varcic_inst_I1|cic_comb:cic_stages[2].cic_comb_inst                                                                                      ; cic_comb           ; work         ;
;          |cic_comb:cic_stages[3].cic_comb_inst|             ; 56 (56)             ; 89 (89)                   ; 0           ; 0            ; 0       ; 0         ; 0    ; 0            ; |radio|Receiver:rx|varcic:varcic_inst_I1|cic_comb:cic_stages[3].cic_comb_inst                                                                                      ; cic_comb           ; work         ;
;          |cic_integrator:cic_stages[0].cic_integrator_inst| ; 56 (56)             ; 56 (56)                   ; 0           ; 0            ; 0       ; 0         ; 0    ; 0            ; |radio|Receiver:rx|varcic:varcic_inst_I1|cic_integrator:cic_stages[0].cic_integrator_inst                                                                          ; cic_integrator     ; work         ;
;          |cic_integrator:cic_stages[1].cic_integrator_inst| ; 56 (56)             ; 56 (56)                   ; 0           ; 0            ; 0       ; 0         ; 0    ; 0            ; |radio|Receiver:rx|varcic:varcic_inst_I1|cic_integrator:cic_stages[1].cic_integrator_inst                                                                          ; cic_integrator     ; work         ;
;          |cic_integrator:cic_stages[2].cic_integrator_inst| ; 56 (56)             ; 56 (56)                   ; 0           ; 0            ; 0       ; 0         ; 0    ; 0            ; |radio|Receiver:rx|varcic:varcic_inst_I1|cic_integrator:cic_stages[2].cic_integrator_inst                                                                          ; cic_integrator     ; work         ;
;          |cic_integrator:cic_stages[3].cic_integrator_inst| ; 56 (56)             ; 56 (56)                   ; 0           ; 0            ; 0       ; 0         ; 0    ; 0            ; |radio|Receiver:rx|varcic:varcic_inst_I1|cic_integrator:cic_stages[3].cic_integrator_inst                                                                          ; cic_integrator     ; work         ;
;       |varcic:varcic_inst_Q1|                               ; 523 (75)            ; 673 (24)                  ; 0           ; 0            ; 0       ; 0         ; 0    ; 0            ; |radio|Receiver:rx|varcic:varcic_inst_Q1                                                                                                                           ; varcic             ; work         ;
;          |cic_comb:cic_stages[0].cic_comb_inst|             ; 56 (56)             ; 112 (112)                 ; 0           ; 0            ; 0       ; 0         ; 0    ; 0            ; |radio|Receiver:rx|varcic:varcic_inst_Q1|cic_comb:cic_stages[0].cic_comb_inst                                                                                      ; cic_comb           ; work         ;
;          |cic_comb:cic_stages[1].cic_comb_inst|             ; 56 (56)             ; 112 (112)                 ; 0           ; 0            ; 0       ; 0         ; 0    ; 0            ; |radio|Receiver:rx|varcic:varcic_inst_Q1|cic_comb:cic_stages[1].cic_comb_inst                                                                                      ; cic_comb           ; work         ;
;          |cic_comb:cic_stages[2].cic_comb_inst|             ; 56 (56)             ; 112 (112)                 ; 0           ; 0            ; 0       ; 0         ; 0    ; 0            ; |radio|Receiver:rx|varcic:varcic_inst_Q1|cic_comb:cic_stages[2].cic_comb_inst                                                                                      ; cic_comb           ; work         ;
;          |cic_comb:cic_stages[3].cic_comb_inst|             ; 56 (56)             ; 89 (89)                   ; 0           ; 0            ; 0       ; 0         ; 0    ; 0            ; |radio|Receiver:rx|varcic:varcic_inst_Q1|cic_comb:cic_stages[3].cic_comb_inst                                                                                      ; cic_comb           ; work         ;
;          |cic_integrator:cic_stages[0].cic_integrator_inst| ; 56 (56)             ; 56 (56)                   ; 0           ; 0            ; 0       ; 0         ; 0    ; 0            ; |radio|Receiver:rx|varcic:varcic_inst_Q1|cic_integrator:cic_stages[0].cic_integrator_inst                                                                          ; cic_integrator     ; work         ;
;          |cic_integrator:cic_stages[1].cic_integrator_inst| ; 56 (56)             ; 56 (56)                   ; 0           ; 0            ; 0       ; 0         ; 0    ; 0            ; |radio|Receiver:rx|varcic:varcic_inst_Q1|cic_integrator:cic_stages[1].cic_integrator_inst                                                                          ; cic_integrator     ; work         ;
;          |cic_integrator:cic_stages[2].cic_integrator_inst| ; 56 (56)             ; 56 (56)                   ; 0           ; 0            ; 0       ; 0         ; 0    ; 0            ; |radio|Receiver:rx|varcic:varcic_inst_Q1|cic_integrator:cic_stages[2].cic_integrator_inst                                                                          ; cic_integrator     ; work         ;
;          |cic_integrator:cic_stages[3].cic_integrator_inst| ; 56 (56)             ; 56 (56)                   ; 0           ; 0            ; 0       ; 0         ; 0    ; 0            ; |radio|Receiver:rx|varcic:varcic_inst_Q1|cic_integrator:cic_stages[3].cic_integrator_inst                                                                          ; cic_integrator     ; work         ;
;    |Transmitter:tx|                                         ; 2618 (0)            ; 2416 (32)                 ; 11520       ; 4            ; 0       ; 2         ; 0    ; 0            ; |radio|Transmitter:tx                                                                                                                                              ; Transmitter        ; work         ;
;       |CicInterpM5:in2|                                     ; 784 (784)           ; 1040 (1040)               ; 0           ; 0            ; 0       ; 0         ; 0    ; 0            ; |radio|Transmitter:tx|CicInterpM5:in2                                                                                                                              ; CicInterpM5        ; work         ;
;       |FirInterp8:fi|                                       ; 104 (104)           ; 224 (224)                 ; 11520       ; 4            ; 0       ; 2         ; 0    ; 0            ; |radio|Transmitter:tx|FirInterp8:fi                                                                                                                                ; FirInterp8         ; work         ;
;          |firram36I:ram|                                    ; 0 (0)               ; 0 (0)                     ; 2304        ; 0            ; 0       ; 0         ; 0    ; 0            ; |radio|Transmitter:tx|FirInterp8:fi|firram36I:ram                                                                                                                  ; firram36I          ; work         ;
;             |altsyncram:altsyncram_component|               ; 0 (0)               ; 0 (0)                     ; 2304        ; 0            ; 0       ; 0         ; 0    ; 0            ; |radio|Transmitter:tx|FirInterp8:fi|firram36I:ram|altsyncram:altsyncram_component                                                                                  ; altsyncram         ; work         ;
;                |altsyncram_jbp1:auto_generated|             ; 0 (0)               ; 0 (0)                     ; 2304        ; 0            ; 0       ; 0         ; 0    ; 0            ; |radio|Transmitter:tx|FirInterp8:fi|firram36I:ram|altsyncram:altsyncram_component|altsyncram_jbp1:auto_generated                                                   ; altsyncram_jbp1    ; work         ;
;          |firromI:rom|                                      ; 0 (0)               ; 0 (0)                     ; 9216        ; 0            ; 0       ; 0         ; 0    ; 0            ; |radio|Transmitter:tx|FirInterp8:fi|firromI:rom                                                                                                                    ; firromI            ; work         ;
;             |altsyncram:altsyncram_component|               ; 0 (0)               ; 0 (0)                     ; 9216        ; 0            ; 0       ; 0         ; 0    ; 0            ; |radio|Transmitter:tx|FirInterp8:fi|firromI:rom|altsyncram:altsyncram_component                                                                                    ; altsyncram         ; work         ;
;                |altsyncram_83b1:auto_generated|             ; 0 (0)               ; 0 (0)                     ; 9216        ; 0            ; 0       ; 0         ; 0    ; 0            ; |radio|Transmitter:tx|FirInterp8:fi|firromI:rom|altsyncram:altsyncram_component|altsyncram_83b1:auto_generated                                                     ; altsyncram_83b1    ; work         ;
;          |lpm_mult:Mult0|                                   ; 0 (0)               ; 0 (0)                     ; 0           ; 2            ; 0       ; 1         ; 0    ; 0            ; |radio|Transmitter:tx|FirInterp8:fi|lpm_mult:Mult0                                                                                                                 ; lpm_mult           ; work         ;
;             |mult_c6t:auto_generated|                       ; 0 (0)               ; 0 (0)                     ; 0           ; 2            ; 0       ; 1         ; 0    ; 0            ; |radio|Transmitter:tx|FirInterp8:fi|lpm_mult:Mult0|mult_c6t:auto_generated                                                                                         ; mult_c6t           ; work         ;
;          |lpm_mult:Mult1|                                   ; 0 (0)               ; 0 (0)                     ; 0           ; 2            ; 0       ; 1         ; 0    ; 0            ; |radio|Transmitter:tx|FirInterp8:fi|lpm_mult:Mult1                                                                                                                 ; lpm_mult           ; work         ;
;             |mult_c6t:auto_generated|                       ; 0 (0)               ; 0 (0)                     ; 0           ; 2            ; 0       ; 1         ; 0    ; 0            ; |radio|Transmitter:tx|FirInterp8:fi|lpm_mult:Mult1|mult_c6t:auto_generated                                                                                         ; mult_c6t           ; work         ;
;       |cdc_sync:im_data|                                    ; 0 (0)               ; 32 (32)                   ; 0           ; 0            ; 0       ; 0         ; 0    ; 0            ; |radio|Transmitter:tx|cdc_sync:im_data                                                                                                                             ; cdc_sync           ; work         ;
;       |cdc_sync:re_data|                                    ; 0 (0)               ; 32 (32)                   ; 0           ; 0            ; 0       ; 0         ; 0    ; 0            ; |radio|Transmitter:tx|cdc_sync:re_data                                                                                                                             ; cdc_sync           ; work         ;
;       |cordic_tx:cordic_inst|                               ; 1730 (1730)         ; 1056 (1056)               ; 0           ; 0            ; 0       ; 0         ; 0    ; 0            ; |radio|Transmitter:tx|cordic_tx:cordic_inst                                                                                                                        ; cordic_tx          ; work         ;
;    |cdc_sync:cont|                                          ; 0 (0)               ; 128 (128)                 ; 0           ; 0            ; 0       ; 0         ; 0    ; 0            ; |radio|cdc_sync:cont                                                                                                                                               ; cdc_sync           ; work         ;
;    |cdc_sync:done|                                          ; 0 (0)               ; 2 (2)                     ; 0           ; 0            ; 0       ; 0         ; 0    ; 0            ; |radio|cdc_sync:done                                                                                                                                               ; cdc_sync           ; work         ;
;    |fifo:fm|                                                ; 69 (0)              ; 116 (0)                   ; 131072      ; 0            ; 0       ; 0         ; 0    ; 0            ; |radio|fifo:fm                                                                                                                                                     ; fifo               ; work         ;
;       |dcfifo:dcfifo_component|                             ; 69 (0)              ; 116 (0)                   ; 131072      ; 0            ; 0       ; 0         ; 0    ; 0            ; |radio|fifo:fm|dcfifo:dcfifo_component                                                                                                                             ; dcfifo             ; work         ;
;          |dcfifo_5ti1:auto_generated|                       ; 69 (4)              ; 116 (36)                  ; 131072      ; 0            ; 0       ; 0         ; 0    ; 0            ; |radio|fifo:fm|dcfifo:dcfifo_component|dcfifo_5ti1:auto_generated                                                                                                  ; dcfifo_5ti1        ; work         ;
;             |a_graycounter_3lc:wrptr_g1p|                   ; 23 (23)             ; 16 (16)                   ; 0           ; 0            ; 0       ; 0         ; 0    ; 0            ; |radio|fifo:fm|dcfifo:dcfifo_component|dcfifo_5ti1:auto_generated|a_graycounter_3lc:wrptr_g1p                                                                      ; a_graycounter_3lc  ; work         ;
;             |a_graycounter_777:rdptr_g1p|                   ; 25 (25)             ; 16 (16)                   ; 0           ; 0            ; 0       ; 0         ; 0    ; 0            ; |radio|fifo:fm|dcfifo:dcfifo_component|dcfifo_5ti1:auto_generated|a_graycounter_777:rdptr_g1p                                                                      ; a_graycounter_777  ; work         ;
;             |alt_synch_pipe_fpl:rs_dgwp|                    ; 0 (0)               ; 24 (0)                    ; 0           ; 0            ; 0       ; 0         ; 0    ; 0            ; |radio|fifo:fm|dcfifo:dcfifo_component|dcfifo_5ti1:auto_generated|alt_synch_pipe_fpl:rs_dgwp                                                                       ; alt_synch_pipe_fpl ; work         ;
;                |dffpipe_1f9:dffpipe5|                       ; 0 (0)               ; 24 (24)                   ; 0           ; 0            ; 0       ; 0         ; 0    ; 0            ; |radio|fifo:fm|dcfifo:dcfifo_component|dcfifo_5ti1:auto_generated|alt_synch_pipe_fpl:rs_dgwp|dffpipe_1f9:dffpipe5                                                  ; dffpipe_1f9        ; work         ;
;             |alt_synch_pipe_gpl:ws_dgrp|                    ; 0 (0)               ; 24 (0)                    ; 0           ; 0            ; 0       ; 0         ; 0    ; 0            ; |radio|fifo:fm|dcfifo:dcfifo_component|dcfifo_5ti1:auto_generated|alt_synch_pipe_gpl:ws_dgrp                                                                       ; alt_synch_pipe_gpl ; work         ;
;                |dffpipe_2f9:dffpipe8|                       ; 0 (0)               ; 24 (24)                   ; 0           ; 0            ; 0       ; 0         ; 0    ; 0            ; |radio|fifo:fm|dcfifo:dcfifo_component|dcfifo_5ti1:auto_generated|alt_synch_pipe_gpl:ws_dgrp|dffpipe_2f9:dffpipe8                                                  ; dffpipe_2f9        ; work         ;
;             |altsyncram_g271:fifo_ram|                      ; 0 (0)               ; 0 (0)                     ; 131072      ; 0            ; 0       ; 0         ; 0    ; 0            ; |radio|fifo:fm|dcfifo:dcfifo_component|dcfifo_5ti1:auto_generated|altsyncram_g271:fifo_ram                                                                         ; altsyncram_g271    ; work         ;
;             |cmpr_p76:rdempty_eq_comp|                      ; 9 (9)               ; 0 (0)                     ; 0           ; 0            ; 0       ; 0         ; 0    ; 0            ; |radio|fifo:fm|dcfifo:dcfifo_component|dcfifo_5ti1:auto_generated|cmpr_p76:rdempty_eq_comp                                                                         ; cmpr_p76           ; work         ;
;             |cmpr_p76:wrfull_eq_comp|                       ; 8 (8)               ; 0 (0)                     ; 0           ; 0            ; 0       ; 0         ; 0    ; 0            ; |radio|fifo:fm|dcfifo:dcfifo_component|dcfifo_5ti1:auto_generated|cmpr_p76:wrfull_eq_comp                                                                          ; cmpr_p76           ; work         ;
;    |filter:filter_inst|                                     ; 35 (35)             ; 5 (5)                     ; 0           ; 0            ; 0       ; 0         ; 0    ; 0            ; |radio|filter:filter_inst                                                                                                                                          ; filter             ; work         ;
;    |pll_rx:prx|                                             ; 0 (0)               ; 0 (0)                     ; 0           ; 0            ; 0       ; 0         ; 0    ; 0            ; |radio|pll_rx:prx                                                                                                                                                  ; pll_rx             ; work         ;
;       |altpll:altpll_component|                             ; 0 (0)               ; 0 (0)                     ; 0           ; 0            ; 0       ; 0         ; 0    ; 0            ; |radio|pll_rx:prx|altpll:altpll_component                                                                                                                          ; altpll             ; work         ;
;          |pll_rx_altpll:auto_generated|                     ; 0 (0)               ; 0 (0)                     ; 0           ; 0            ; 0       ; 0         ; 0    ; 0            ; |radio|pll_rx:prx|altpll:altpll_component|pll_rx_altpll:auto_generated                                                                                             ; pll_rx_altpll      ; work         ;
;    |spi_slave:spi|                                          ; 83 (83)             ; 200 (200)                 ; 0           ; 0            ; 0       ; 0         ; 0    ; 0            ; |radio|spi_slave:spi                                                                                                                                               ; spi_slave          ; work         ;
+-------------------------------------------------------------+---------------------+---------------------------+-------------+--------------+---------+-----------+------+--------------+--------------------------------------------------------------------------------------------------------------------------------------------------------------------+--------------------+--------------+
Note: For table entries with two numbers listed, the numbers in parentheses indicate the number of resources of the given type used by the specific entity alone. The numbers listed outside of parentheses indicate the total resources of the given type used by the specific entity and all of its sub-entities in the hierarchy.


+------------------------------------------------------------------------------------------------------------------------------------------------------------------------------------------------------------------------------------------------------------------------------------------+
; Analysis & Synthesis RAM Summary                                                                                                                                                                                                                                                         ;
+----------------------------------------------------------------------------------------------------------------------------------------------------------------------+------+------------------+--------------+--------------+--------------+--------------+--------+--------------------+
; Name                                                                                                                                                                 ; Type ; Mode             ; Port A Depth ; Port A Width ; Port B Depth ; Port B Width ; Size   ; MIF                ;
+----------------------------------------------------------------------------------------------------------------------------------------------------------------------+------+------------------+--------------+--------------+--------------+--------------+--------+--------------------+
; Receiver:rx|fir:fir_inst_I|fir_shiftreg:fir_shiftreg_inst|altshift_taps:ALTSHIFT_TAPS_component|shift_taps_frv:auto_generated|altsyncram_rga1:altsyncram2|ALTSYNCRAM ; M9K  ; Simple Dual Port ; 254          ; 25           ; 254          ; 25           ; 6350   ; None               ;
; Receiver:rx|fir:fir_inst_Q|fir_shiftreg:fir_shiftreg_inst|altshift_taps:ALTSHIFT_TAPS_component|shift_taps_frv:auto_generated|altsyncram_rga1:altsyncram2|ALTSYNCRAM ; M9K  ; Simple Dual Port ; 254          ; 25           ; 254          ; 25           ; 6350   ; None               ;
; Receiver:rx|fir_coeffs:fir_coeffs_inst|fir_coeffs_rom:fir_coeffs_rom_inst|altsyncram:altsyncram_component|altsyncram_nvb1:auto_generated|ALTSYNCRAM                  ; M9K  ; ROM              ; 256          ; 24           ; --           ; --           ; 6144   ; fir_coeffs_rom.hex ;
; Receiver:rx|memcic:memcic_inst_I|memcic_ram:memcic_ram_inst|altsyncram:altsyncram_component|altsyncram_7bp1:auto_generated|ALTSYNCRAM                                ; M9K  ; Simple Dual Port ; 32           ; 72           ; 32           ; 72           ; 2304   ; None               ;
; Receiver:rx|memcic:memcic_inst_Q|memcic_ram:memcic_ram_inst|altsyncram:altsyncram_component|altsyncram_7bp1:auto_generated|ALTSYNCRAM                                ; M9K  ; Simple Dual Port ; 32           ; 72           ; 32           ; 72           ; 2304   ; None               ;
; Transmitter:tx|FirInterp8:fi|firram36I:ram|altsyncram:altsyncram_component|altsyncram_jbp1:auto_generated|ALTSYNCRAM                                                 ; M9K  ; Simple Dual Port ; 64           ; 36           ; 64           ; 36           ; 2304   ; None               ;
; Transmitter:tx|FirInterp8:fi|firromI:rom|altsyncram:altsyncram_component|altsyncram_83b1:auto_generated|ALTSYNCRAM                                                   ; M9K  ; ROM              ; 512          ; 18           ; --           ; --           ; 9216   ; coefI8.mif         ;
; fifo:fm|dcfifo:dcfifo_component|dcfifo_5ti1:auto_generated|altsyncram_g271:fifo_ram|ALTSYNCRAM                                                                       ; AUTO ; Simple Dual Port ; 2048         ; 64           ; 2048         ; 64           ; 131072 ; None               ;
+----------------------------------------------------------------------------------------------------------------------------------------------------------------------+------+------------------+--------------+--------------+--------------+--------------+--------+--------------------+


+-----------------------------------------------------+
; Analysis & Synthesis DSP Block Usage Summary        ;
+---------------------------------------+-------------+
; Statistic                             ; Number Used ;
+---------------------------------------+-------------+
; Simple Multipliers (9-bit)            ; 2           ;
; Simple Multipliers (18-bit)           ; 8           ;
; Embedded Multiplier Blocks            ; --          ;
; Embedded Multiplier 9-bit elements    ; 18          ;
; Signed Embedded Multipliers           ; 4           ;
; Unsigned Embedded Multipliers         ; 2           ;
; Mixed Sign Embedded Multipliers       ; 4           ;
; Variable Sign Embedded Multipliers    ; 0           ;
; Dedicated Input Shift Register Chains ; 0           ;
+---------------------------------------+-------------+
Note: number of Embedded Multiplier Blocks used is only available after a successful fit.


+----------------------------------------------------------------------------------------------------------------------------------------------------------------------------------------+
; Analysis & Synthesis IP Cores Summary                                                                                                                                                  ;
+--------+----------------------------+---------+--------------+--------------+---------------------------------------------------------------------------------------+------------------+
; Vendor ; IP Core Name               ; Version ; Release Date ; License Type ; Entity Instance                                                                       ; IP Include File  ;
+--------+----------------------------+---------+--------------+--------------+---------------------------------------------------------------------------------------+------------------+
; Altera ; FIFO                       ; 17.1    ; N/A          ; N/A          ; |radio|fifo:fm                                                                        ; fifo.v           ;
; Altera ; ALTPLL                     ; 17.1    ; N/A          ; N/A          ; |radio|pll_rx:prx                                                                     ; pll_rx.vhd       ;
; Altera ; ROM: 1-PORT                ; 13.1    ; N/A          ; N/A          ; |radio|Receiver:rx|fir_coeffs:fir_coeffs_inst|fir_coeffs_rom:fir_coeffs_rom_inst      ; fir_coeffs_rom.v ;
; Altera ; LPM_MULT                   ; 13.1    ; N/A          ; N/A          ; |radio|Receiver:rx|fir:fir_inst_I|fir_mac:fir_mac_inst|mult_24Sx24S:mult_24Sx24S_inst ; mult_24Sx24S.v   ;
; Altera ; Shift register (RAM-based) ; 13.1    ; N/A          ; N/A          ; |radio|Receiver:rx|fir:fir_inst_I|fir_shiftreg:fir_shiftreg_inst                      ; fir_shiftreg.v   ;
; Altera ; LPM_MULT                   ; 13.1    ; N/A          ; N/A          ; |radio|Receiver:rx|fir:fir_inst_Q|fir_mac:fir_mac_inst|mult_24Sx24S:mult_24Sx24S_inst ; mult_24Sx24S.v   ;
; Altera ; Shift register (RAM-based) ; 13.1    ; N/A          ; N/A          ; |radio|Receiver:rx|fir:fir_inst_Q|fir_shiftreg:fir_shiftreg_inst                      ; fir_shiftreg.v   ;
; Altera ; RAM: 2-PORT                ; 13.1    ; N/A          ; N/A          ; |radio|Receiver:rx|memcic:memcic_inst_I|memcic_ram:memcic_ram_inst                    ; memcic_ram.v     ;
; Altera ; RAM: 2-PORT                ; 13.1    ; N/A          ; N/A          ; |radio|Receiver:rx|memcic:memcic_inst_Q|memcic_ram:memcic_ram_inst                    ; memcic_ram.v     ;
; Altera ; RAM: 2-PORT                ; 13.1    ; N/A          ; N/A          ; |radio|Transmitter:tx|FirInterp8:fi|firram36I:ram                                     ; firram36I.v      ;
; Altera ; ROM: 1-PORT                ; 13.1    ; N/A          ; N/A          ; |radio|Transmitter:tx|FirInterp8:fi|firromI:rom                                       ; firromI.v        ;
+--------+----------------------------+---------+--------------+--------------+---------------------------------------------------------------------------------------+------------------+


Encoding Type:  One-Hot
+----------------------------------------------------------------------------------------------------------------------------------------------------------------------+
; State Machine - |radio|Transmitter:tx|FirInterp8:fi|rstate                                                                                                           ;
+---------------+--------------+--------------+--------------+--------------+--------------+-------------+---------------+---------------+--------------+--------------+
; Name          ; rstate.rEnd4 ; rstate.rEnd3 ; rstate.rEnd2 ; rstate.rEnd1 ; rstate.rDone ; rstate.rRun ; rstate.rAddrB ; rstate.rAddrA ; rstate.rAddr ; rstate.rWait ;
+---------------+--------------+--------------+--------------+--------------+--------------+-------------+---------------+---------------+--------------+--------------+
; rstate.rWait  ; 0            ; 0            ; 0            ; 0            ; 0            ; 0           ; 0             ; 0             ; 0            ; 0            ;
; rstate.rAddr  ; 0            ; 0            ; 0            ; 0            ; 0            ; 0           ; 0             ; 0             ; 1            ; 1            ;
; rstate.rAddrA ; 0            ; 0            ; 0            ; 0            ; 0            ; 0           ; 0             ; 1             ; 0            ; 1            ;
; rstate.rAddrB ; 0            ; 0            ; 0            ; 0            ; 0            ; 0           ; 1             ; 0             ; 0            ; 1            ;
; rstate.rRun   ; 0            ; 0            ; 0            ; 0            ; 0            ; 1           ; 0             ; 0             ; 0            ; 1            ;
; rstate.rDone  ; 0            ; 0            ; 0            ; 0            ; 1            ; 0           ; 0             ; 0             ; 0            ; 1            ;
; rstate.rEnd1  ; 0            ; 0            ; 0            ; 1            ; 0            ; 0           ; 0             ; 0             ; 0            ; 1            ;
; rstate.rEnd2  ; 0            ; 0            ; 1            ; 0            ; 0            ; 0           ; 0             ; 0             ; 0            ; 1            ;
; rstate.rEnd3  ; 0            ; 1            ; 0            ; 0            ; 0            ; 0           ; 0             ; 0             ; 0            ; 1            ;
; rstate.rEnd4  ; 1            ; 0            ; 0            ; 0            ; 0            ; 0           ; 0             ; 0             ; 0            ; 1            ;
+---------------+--------------+--------------+--------------+--------------+--------------+-------------+---------------+---------------+--------------+--------------+


+----------------------------------------------------------------------------------------------------------------------------------------------------------------------------------------------------------------------------------------+
; Registers Protected by Synthesis                                                                                                                                                                                                       ;
+------------------------------------------------------------------------------------------------------------------------+------------------------------------------------------------------+--------------------------------------------+
; Register Name                                                                                                          ; Protected by Synthesis Attribute or Preserve Register Assignment ; Not to be Touched by Netlist Optimizations ;
+------------------------------------------------------------------------------------------------------------------------+------------------------------------------------------------------+--------------------------------------------+
; fifo:fm|dcfifo:dcfifo_component|dcfifo_5ti1:auto_generated|alt_synch_pipe_gpl:ws_dgrp|dffpipe_2f9:dffpipe8|dffe10a[10] ; yes                                                              ; yes                                        ;
; fifo:fm|dcfifo:dcfifo_component|dcfifo_5ti1:auto_generated|alt_synch_pipe_gpl:ws_dgrp|dffpipe_2f9:dffpipe8|dffe10a[11] ; yes                                                              ; yes                                        ;
; fifo:fm|dcfifo:dcfifo_component|dcfifo_5ti1:auto_generated|alt_synch_pipe_gpl:ws_dgrp|dffpipe_2f9:dffpipe8|dffe10a[8]  ; yes                                                              ; yes                                        ;
; fifo:fm|dcfifo:dcfifo_component|dcfifo_5ti1:auto_generated|alt_synch_pipe_gpl:ws_dgrp|dffpipe_2f9:dffpipe8|dffe10a[9]  ; yes                                                              ; yes                                        ;
; fifo:fm|dcfifo:dcfifo_component|dcfifo_5ti1:auto_generated|alt_synch_pipe_gpl:ws_dgrp|dffpipe_2f9:dffpipe8|dffe10a[6]  ; yes                                                              ; yes                                        ;
; fifo:fm|dcfifo:dcfifo_component|dcfifo_5ti1:auto_generated|alt_synch_pipe_gpl:ws_dgrp|dffpipe_2f9:dffpipe8|dffe10a[7]  ; yes                                                              ; yes                                        ;
; fifo:fm|dcfifo:dcfifo_component|dcfifo_5ti1:auto_generated|alt_synch_pipe_gpl:ws_dgrp|dffpipe_2f9:dffpipe8|dffe10a[4]  ; yes                                                              ; yes                                        ;
; fifo:fm|dcfifo:dcfifo_component|dcfifo_5ti1:auto_generated|alt_synch_pipe_gpl:ws_dgrp|dffpipe_2f9:dffpipe8|dffe10a[5]  ; yes                                                              ; yes                                        ;
; fifo:fm|dcfifo:dcfifo_component|dcfifo_5ti1:auto_generated|alt_synch_pipe_gpl:ws_dgrp|dffpipe_2f9:dffpipe8|dffe10a[2]  ; yes                                                              ; yes                                        ;
; fifo:fm|dcfifo:dcfifo_component|dcfifo_5ti1:auto_generated|alt_synch_pipe_gpl:ws_dgrp|dffpipe_2f9:dffpipe8|dffe10a[3]  ; yes                                                              ; yes                                        ;
; fifo:fm|dcfifo:dcfifo_component|dcfifo_5ti1:auto_generated|alt_synch_pipe_gpl:ws_dgrp|dffpipe_2f9:dffpipe8|dffe10a[0]  ; yes                                                              ; yes                                        ;
; fifo:fm|dcfifo:dcfifo_component|dcfifo_5ti1:auto_generated|alt_synch_pipe_gpl:ws_dgrp|dffpipe_2f9:dffpipe8|dffe10a[1]  ; yes                                                              ; yes                                        ;
; fifo:fm|dcfifo:dcfifo_component|dcfifo_5ti1:auto_generated|alt_synch_pipe_fpl:rs_dgwp|dffpipe_1f9:dffpipe5|dffe7a[10]  ; yes                                                              ; yes                                        ;
; fifo:fm|dcfifo:dcfifo_component|dcfifo_5ti1:auto_generated|alt_synch_pipe_fpl:rs_dgwp|dffpipe_1f9:dffpipe5|dffe7a[11]  ; yes                                                              ; yes                                        ;
; fifo:fm|dcfifo:dcfifo_component|dcfifo_5ti1:auto_generated|alt_synch_pipe_fpl:rs_dgwp|dffpipe_1f9:dffpipe5|dffe7a[8]   ; yes                                                              ; yes                                        ;
; fifo:fm|dcfifo:dcfifo_component|dcfifo_5ti1:auto_generated|alt_synch_pipe_fpl:rs_dgwp|dffpipe_1f9:dffpipe5|dffe7a[9]   ; yes                                                              ; yes                                        ;
; fifo:fm|dcfifo:dcfifo_component|dcfifo_5ti1:auto_generated|alt_synch_pipe_fpl:rs_dgwp|dffpipe_1f9:dffpipe5|dffe7a[6]   ; yes                                                              ; yes                                        ;
; fifo:fm|dcfifo:dcfifo_component|dcfifo_5ti1:auto_generated|alt_synch_pipe_fpl:rs_dgwp|dffpipe_1f9:dffpipe5|dffe7a[7]   ; yes                                                              ; yes                                        ;
; fifo:fm|dcfifo:dcfifo_component|dcfifo_5ti1:auto_generated|alt_synch_pipe_fpl:rs_dgwp|dffpipe_1f9:dffpipe5|dffe7a[4]   ; yes                                                              ; yes                                        ;
; fifo:fm|dcfifo:dcfifo_component|dcfifo_5ti1:auto_generated|alt_synch_pipe_fpl:rs_dgwp|dffpipe_1f9:dffpipe5|dffe7a[5]   ; yes                                                              ; yes                                        ;
; fifo:fm|dcfifo:dcfifo_component|dcfifo_5ti1:auto_generated|alt_synch_pipe_fpl:rs_dgwp|dffpipe_1f9:dffpipe5|dffe7a[2]   ; yes                                                              ; yes                                        ;
; fifo:fm|dcfifo:dcfifo_component|dcfifo_5ti1:auto_generated|alt_synch_pipe_fpl:rs_dgwp|dffpipe_1f9:dffpipe5|dffe7a[3]   ; yes                                                              ; yes                                        ;
; fifo:fm|dcfifo:dcfifo_component|dcfifo_5ti1:auto_generated|alt_synch_pipe_fpl:rs_dgwp|dffpipe_1f9:dffpipe5|dffe7a[0]   ; yes                                                              ; yes                                        ;
; fifo:fm|dcfifo:dcfifo_component|dcfifo_5ti1:auto_generated|alt_synch_pipe_fpl:rs_dgwp|dffpipe_1f9:dffpipe5|dffe7a[1]   ; yes                                                              ; yes                                        ;
; fifo:fm|dcfifo:dcfifo_component|dcfifo_5ti1:auto_generated|alt_synch_pipe_gpl:ws_dgrp|dffpipe_2f9:dffpipe8|dffe9a[10]  ; yes                                                              ; yes                                        ;
; fifo:fm|dcfifo:dcfifo_component|dcfifo_5ti1:auto_generated|alt_synch_pipe_gpl:ws_dgrp|dffpipe_2f9:dffpipe8|dffe9a[11]  ; yes                                                              ; yes                                        ;
; fifo:fm|dcfifo:dcfifo_component|dcfifo_5ti1:auto_generated|alt_synch_pipe_gpl:ws_dgrp|dffpipe_2f9:dffpipe8|dffe9a[8]   ; yes                                                              ; yes                                        ;
; fifo:fm|dcfifo:dcfifo_component|dcfifo_5ti1:auto_generated|alt_synch_pipe_gpl:ws_dgrp|dffpipe_2f9:dffpipe8|dffe9a[9]   ; yes                                                              ; yes                                        ;
; fifo:fm|dcfifo:dcfifo_component|dcfifo_5ti1:auto_generated|alt_synch_pipe_gpl:ws_dgrp|dffpipe_2f9:dffpipe8|dffe9a[6]   ; yes                                                              ; yes                                        ;
; fifo:fm|dcfifo:dcfifo_component|dcfifo_5ti1:auto_generated|alt_synch_pipe_gpl:ws_dgrp|dffpipe_2f9:dffpipe8|dffe9a[7]   ; yes                                                              ; yes                                        ;
; fifo:fm|dcfifo:dcfifo_component|dcfifo_5ti1:auto_generated|alt_synch_pipe_gpl:ws_dgrp|dffpipe_2f9:dffpipe8|dffe9a[4]   ; yes                                                              ; yes                                        ;
; fifo:fm|dcfifo:dcfifo_component|dcfifo_5ti1:auto_generated|alt_synch_pipe_gpl:ws_dgrp|dffpipe_2f9:dffpipe8|dffe9a[5]   ; yes                                                              ; yes                                        ;
; fifo:fm|dcfifo:dcfifo_component|dcfifo_5ti1:auto_generated|alt_synch_pipe_gpl:ws_dgrp|dffpipe_2f9:dffpipe8|dffe9a[2]   ; yes                                                              ; yes                                        ;
; fifo:fm|dcfifo:dcfifo_component|dcfifo_5ti1:auto_generated|alt_synch_pipe_gpl:ws_dgrp|dffpipe_2f9:dffpipe8|dffe9a[3]   ; yes                                                              ; yes                                        ;
; fifo:fm|dcfifo:dcfifo_component|dcfifo_5ti1:auto_generated|alt_synch_pipe_gpl:ws_dgrp|dffpipe_2f9:dffpipe8|dffe9a[0]   ; yes                                                              ; yes                                        ;
; fifo:fm|dcfifo:dcfifo_component|dcfifo_5ti1:auto_generated|alt_synch_pipe_gpl:ws_dgrp|dffpipe_2f9:dffpipe8|dffe9a[1]   ; yes                                                              ; yes                                        ;
; fifo:fm|dcfifo:dcfifo_component|dcfifo_5ti1:auto_generated|alt_synch_pipe_fpl:rs_dgwp|dffpipe_1f9:dffpipe5|dffe6a[10]  ; yes                                                              ; yes                                        ;
; fifo:fm|dcfifo:dcfifo_component|dcfifo_5ti1:auto_generated|alt_synch_pipe_fpl:rs_dgwp|dffpipe_1f9:dffpipe5|dffe6a[11]  ; yes                                                              ; yes                                        ;
; fifo:fm|dcfifo:dcfifo_component|dcfifo_5ti1:auto_generated|alt_synch_pipe_fpl:rs_dgwp|dffpipe_1f9:dffpipe5|dffe6a[8]   ; yes                                                              ; yes                                        ;
; fifo:fm|dcfifo:dcfifo_component|dcfifo_5ti1:auto_generated|alt_synch_pipe_fpl:rs_dgwp|dffpipe_1f9:dffpipe5|dffe6a[9]   ; yes                                                              ; yes                                        ;
; fifo:fm|dcfifo:dcfifo_component|dcfifo_5ti1:auto_generated|alt_synch_pipe_fpl:rs_dgwp|dffpipe_1f9:dffpipe5|dffe6a[6]   ; yes                                                              ; yes                                        ;
; fifo:fm|dcfifo:dcfifo_component|dcfifo_5ti1:auto_generated|alt_synch_pipe_fpl:rs_dgwp|dffpipe_1f9:dffpipe5|dffe6a[7]   ; yes                                                              ; yes                                        ;
; fifo:fm|dcfifo:dcfifo_component|dcfifo_5ti1:auto_generated|alt_synch_pipe_fpl:rs_dgwp|dffpipe_1f9:dffpipe5|dffe6a[4]   ; yes                                                              ; yes                                        ;
; fifo:fm|dcfifo:dcfifo_component|dcfifo_5ti1:auto_generated|alt_synch_pipe_fpl:rs_dgwp|dffpipe_1f9:dffpipe5|dffe6a[5]   ; yes                                                              ; yes                                        ;
; fifo:fm|dcfifo:dcfifo_component|dcfifo_5ti1:auto_generated|alt_synch_pipe_fpl:rs_dgwp|dffpipe_1f9:dffpipe5|dffe6a[2]   ; yes                                                              ; yes                                        ;
; fifo:fm|dcfifo:dcfifo_component|dcfifo_5ti1:auto_generated|alt_synch_pipe_fpl:rs_dgwp|dffpipe_1f9:dffpipe5|dffe6a[3]   ; yes                                                              ; yes                                        ;
; fifo:fm|dcfifo:dcfifo_component|dcfifo_5ti1:auto_generated|alt_synch_pipe_fpl:rs_dgwp|dffpipe_1f9:dffpipe5|dffe6a[0]   ; yes                                                              ; yes                                        ;
; fifo:fm|dcfifo:dcfifo_component|dcfifo_5ti1:auto_generated|alt_synch_pipe_fpl:rs_dgwp|dffpipe_1f9:dffpipe5|dffe6a[1]   ; yes                                                              ; yes                                        ;
; Total number of protected registers is 48                                                                              ;                                                                  ;                                            ;
+------------------------------------------------------------------------------------------------------------------------+------------------------------------------------------------------+--------------------------------------------+


+---------------------------------------------------------------------------------------------------------------+
; Registers Removed During Synthesis                                                                            ;
+-------------------------------------------------+-------------------------------------------------------------+
; Register name                                   ; Reason for Removal                                          ;
+-------------------------------------------------+-------------------------------------------------------------+
; level_pwm~reg0                                  ; Stuck at VCC due to stuck port data_in                      ;
; spi_slave:spi|rreg[63]                          ; Lost fanout                                                 ;
; Transmitter:tx|pro_cnt[0..8]                    ; Stuck at GND due to stuck port data_in                      ;
; Transmitter:tx|cordic_tx:cordic_inst|Z[0][19]   ; Merged with Transmitter:tx|cordic_tx:cordic_inst|Z[0][18]   ;
; Transmitter:tx|CicInterpM5:in2|q0[20..53]       ; Merged with Transmitter:tx|CicInterpM5:in2|q0[19]           ;
; Transmitter:tx|CicInterpM5:in2|x0[20..53]       ; Merged with Transmitter:tx|CicInterpM5:in2|x0[19]           ;
; Receiver:rx|cordic_rx:cordic_rx|Z[0][19]        ; Merged with Receiver:rx|cordic_rx:cordic_rx|Z[0][18]        ;
; Transmitter:tx|CicInterpM5:in2|dq0[20..53]      ; Merged with Transmitter:tx|CicInterpM5:in2|dq0[19]          ;
; Transmitter:tx|CicInterpM5:in2|dx0[20..53]      ; Merged with Transmitter:tx|CicInterpM5:in2|dx0[19]          ;
; Receiver:rx|memcic:memcic_inst_Q|state[2]       ; Merged with Receiver:rx|memcic:memcic_inst_I|state[2]       ;
; Receiver:rx|memcic:memcic_inst_Q|state[1]       ; Merged with Receiver:rx|memcic:memcic_inst_I|state[1]       ;
; Receiver:rx|memcic:memcic_inst_Q|state[0]       ; Merged with Receiver:rx|memcic:memcic_inst_I|state[0]       ;
; Receiver:rx|varcic:varcic_inst_Q1|out_strobe    ; Merged with Receiver:rx|varcic:varcic_inst_I1|out_strobe    ;
; Receiver:rx|memcic:memcic_inst_Q|sample_no[7]   ; Merged with Receiver:rx|memcic:memcic_inst_I|sample_no[7]   ;
; Receiver:rx|memcic:memcic_inst_Q|sample_no[6]   ; Merged with Receiver:rx|memcic:memcic_inst_I|sample_no[6]   ;
; Receiver:rx|memcic:memcic_inst_Q|sample_no[5]   ; Merged with Receiver:rx|memcic:memcic_inst_I|sample_no[5]   ;
; Receiver:rx|memcic:memcic_inst_Q|sample_no[4]   ; Merged with Receiver:rx|memcic:memcic_inst_I|sample_no[4]   ;
; Receiver:rx|memcic:memcic_inst_Q|sample_no[3]   ; Merged with Receiver:rx|memcic:memcic_inst_I|sample_no[3]   ;
; Receiver:rx|memcic:memcic_inst_Q|sample_no[2]   ; Merged with Receiver:rx|memcic:memcic_inst_I|sample_no[2]   ;
; Receiver:rx|memcic:memcic_inst_Q|sample_no[1]   ; Merged with Receiver:rx|memcic:memcic_inst_I|sample_no[1]   ;
; Receiver:rx|memcic:memcic_inst_Q|sample_no[0]   ; Merged with Receiver:rx|memcic:memcic_inst_I|sample_no[0]   ;
; Receiver:rx|memcic:memcic_inst_Q|wraddress[3]   ; Merged with Receiver:rx|memcic:memcic_inst_I|wraddress[3]   ;
; Receiver:rx|memcic:memcic_inst_Q|wraddress[2]   ; Merged with Receiver:rx|memcic:memcic_inst_I|wraddress[2]   ;
; Receiver:rx|memcic:memcic_inst_Q|wraddress[1]   ; Merged with Receiver:rx|memcic:memcic_inst_I|wraddress[1]   ;
; Receiver:rx|memcic:memcic_inst_Q|wraddress[0]   ; Merged with Receiver:rx|memcic:memcic_inst_I|wraddress[0]   ;
; Receiver:rx|varcic:varcic_inst_Q1|sample_no[15] ; Merged with Receiver:rx|varcic:varcic_inst_I1|sample_no[15] ;
; Receiver:rx|varcic:varcic_inst_Q1|sample_no[14] ; Merged with Receiver:rx|varcic:varcic_inst_I1|sample_no[14] ;
; Receiver:rx|varcic:varcic_inst_Q1|sample_no[13] ; Merged with Receiver:rx|varcic:varcic_inst_I1|sample_no[13] ;
; Receiver:rx|varcic:varcic_inst_Q1|sample_no[12] ; Merged with Receiver:rx|varcic:varcic_inst_I1|sample_no[12] ;
; Receiver:rx|varcic:varcic_inst_Q1|sample_no[11] ; Merged with Receiver:rx|varcic:varcic_inst_I1|sample_no[11] ;
; Receiver:rx|varcic:varcic_inst_Q1|sample_no[10] ; Merged with Receiver:rx|varcic:varcic_inst_I1|sample_no[10] ;
; Receiver:rx|varcic:varcic_inst_Q1|sample_no[9]  ; Merged with Receiver:rx|varcic:varcic_inst_I1|sample_no[9]  ;
; Receiver:rx|varcic:varcic_inst_Q1|sample_no[8]  ; Merged with Receiver:rx|varcic:varcic_inst_I1|sample_no[8]  ;
; Receiver:rx|varcic:varcic_inst_Q1|sample_no[7]  ; Merged with Receiver:rx|varcic:varcic_inst_I1|sample_no[7]  ;
; Receiver:rx|varcic:varcic_inst_Q1|sample_no[6]  ; Merged with Receiver:rx|varcic:varcic_inst_I1|sample_no[6]  ;
; Receiver:rx|varcic:varcic_inst_Q1|sample_no[5]  ; Merged with Receiver:rx|varcic:varcic_inst_I1|sample_no[5]  ;
; Receiver:rx|varcic:varcic_inst_Q1|sample_no[4]  ; Merged with Receiver:rx|varcic:varcic_inst_I1|sample_no[4]  ;
; Receiver:rx|varcic:varcic_inst_Q1|sample_no[3]  ; Merged with Receiver:rx|varcic:varcic_inst_I1|sample_no[3]  ;
; Receiver:rx|varcic:varcic_inst_Q1|sample_no[2]  ; Merged with Receiver:rx|varcic:varcic_inst_I1|sample_no[2]  ;
; Receiver:rx|varcic:varcic_inst_Q1|sample_no[1]  ; Merged with Receiver:rx|varcic:varcic_inst_I1|sample_no[1]  ;
; Receiver:rx|varcic:varcic_inst_Q1|sample_no[0]  ; Merged with Receiver:rx|varcic:varcic_inst_I1|sample_no[0]  ;
; Receiver:rx|memcic:memcic_inst_Q|wren           ; Merged with Receiver:rx|memcic:memcic_inst_I|wren           ;
; Receiver:rx|memcic:memcic_inst_Q|rdaddress[0]   ; Merged with Receiver:rx|memcic:memcic_inst_I|rdaddress[0]   ;
; Receiver:rx|memcic:memcic_inst_Q|rdaddress[1]   ; Merged with Receiver:rx|memcic:memcic_inst_I|rdaddress[1]   ;
; Receiver:rx|memcic:memcic_inst_Q|rdaddress[2]   ; Merged with Receiver:rx|memcic:memcic_inst_I|rdaddress[2]   ;
; Receiver:rx|memcic:memcic_inst_Q|rdaddress[3]   ; Merged with Receiver:rx|memcic:memcic_inst_I|rdaddress[3]   ;
; Transmitter:tx|cordic_tx:cordic_inst|X[0][1]    ; Merged with Transmitter:tx|cordic_tx:cordic_inst|X[0][0]    ;
; Transmitter:tx|cordic_tx:cordic_inst|X[0][2]    ; Merged with Transmitter:tx|cordic_tx:cordic_inst|X[0][0]    ;
; Transmitter:tx|cordic_tx:cordic_inst|Y[0][0]    ; Merged with Transmitter:tx|cordic_tx:cordic_inst|X[0][0]    ;
; Transmitter:tx|cordic_tx:cordic_inst|Y[0][1]    ; Merged with Transmitter:tx|cordic_tx:cordic_inst|X[0][0]    ;
; Transmitter:tx|cordic_tx:cordic_inst|Y[0][2]    ; Merged with Transmitter:tx|cordic_tx:cordic_inst|X[0][0]    ;
; Receiver:rx|cordic_rx:cordic_rx|X[0][1]         ; Merged with Receiver:rx|cordic_rx:cordic_rx|X[0][0]         ;
; Receiver:rx|cordic_rx:cordic_rx|X[0][2]         ; Merged with Receiver:rx|cordic_rx:cordic_rx|X[0][0]         ;
; Receiver:rx|cordic_rx:cordic_rx|X[0][3]         ; Merged with Receiver:rx|cordic_rx:cordic_rx|X[0][0]         ;
; Receiver:rx|cordic_rx:cordic_rx|X[0][4]         ; Merged with Receiver:rx|cordic_rx:cordic_rx|X[0][0]         ;
; Receiver:rx|cordic_rx:cordic_rx|Y[0][0]         ; Merged with Receiver:rx|cordic_rx:cordic_rx|X[0][0]         ;
; Receiver:rx|cordic_rx:cordic_rx|Y[0][1]         ; Merged with Receiver:rx|cordic_rx:cordic_rx|X[0][0]         ;
; Receiver:rx|cordic_rx:cordic_rx|Y[0][2]         ; Merged with Receiver:rx|cordic_rx:cordic_rx|X[0][0]         ;
; Receiver:rx|cordic_rx:cordic_rx|Y[0][3]         ; Merged with Receiver:rx|cordic_rx:cordic_rx|X[0][0]         ;
; Receiver:rx|cordic_rx:cordic_rx|Y[0][4]         ; Merged with Receiver:rx|cordic_rx:cordic_rx|X[0][0]         ;
; Transmitter:tx|cordic_tx:cordic_inst|Y[0][3]    ; Stuck at GND due to stuck port data_in                      ;
; Transmitter:tx|cordic_tx:cordic_inst|X[0][0]    ; Stuck at GND due to stuck port data_in                      ;
; Transmitter:tx|cordic_tx:cordic_inst|X[0][3]    ; Stuck at GND due to stuck port data_in                      ;
; Receiver:rx|cordic_rx:cordic_rx|Y[0][5]         ; Stuck at GND due to stuck port data_in                      ;
; Receiver:rx|cordic_rx:cordic_rx|Y[0][6]         ; Stuck at GND due to stuck port data_in                      ;
; Receiver:rx|cordic_rx:cordic_rx|Y[0][7]         ; Stuck at GND due to stuck port data_in                      ;
; Receiver:rx|cordic_rx:cordic_rx|Y[0][8]         ; Stuck at GND due to stuck port data_in                      ;
; Receiver:rx|cordic_rx:cordic_rx|X[0][0]         ; Stuck at GND due to stuck port data_in                      ;
; Receiver:rx|cordic_rx:cordic_rx|X[0][5]         ; Stuck at GND due to stuck port data_in                      ;
; Receiver:rx|cordic_rx:cordic_rx|X[0][6]         ; Stuck at GND due to stuck port data_in                      ;
; Receiver:rx|cordic_rx:cordic_rx|X[0][7]         ; Stuck at GND due to stuck port data_in                      ;
; Receiver:rx|cordic_rx:cordic_rx|X[0][8]         ; Stuck at GND due to stuck port data_in                      ;
; Transmitter:tx|cordic_tx:cordic_inst|Y[1][0]    ; Stuck at GND due to stuck port data_in                      ;
; Transmitter:tx|cordic_tx:cordic_inst|Y[1][1]    ; Stuck at GND due to stuck port data_in                      ;
; Transmitter:tx|cordic_tx:cordic_inst|Y[1][2]    ; Stuck at GND due to stuck port data_in                      ;
; Transmitter:tx|cordic_tx:cordic_inst|X[1][0]    ; Stuck at GND due to stuck port data_in                      ;
; Transmitter:tx|cordic_tx:cordic_inst|X[1][1]    ; Stuck at GND due to stuck port data_in                      ;
; Transmitter:tx|cordic_tx:cordic_inst|X[1][2]    ; Stuck at GND due to stuck port data_in                      ;
; Receiver:rx|cordic_rx:cordic_rx|Y[1][0]         ; Stuck at GND due to stuck port data_in                      ;
; Receiver:rx|cordic_rx:cordic_rx|Y[1][1]         ; Stuck at GND due to stuck port data_in                      ;
; Receiver:rx|cordic_rx:cordic_rx|Y[1][2]         ; Stuck at GND due to stuck port data_in                      ;
; Receiver:rx|cordic_rx:cordic_rx|Y[1][3]         ; Stuck at GND due to stuck port data_in                      ;
; Receiver:rx|cordic_rx:cordic_rx|Y[1][4]         ; Stuck at GND due to stuck port data_in                      ;
; Receiver:rx|cordic_rx:cordic_rx|Y[1][5]         ; Stuck at GND due to stuck port data_in                      ;
; Receiver:rx|cordic_rx:cordic_rx|Y[1][6]         ; Stuck at GND due to stuck port data_in                      ;
; Receiver:rx|cordic_rx:cordic_rx|Y[1][7]         ; Stuck at GND due to stuck port data_in                      ;
; Receiver:rx|cordic_rx:cordic_rx|X[1][0]         ; Stuck at GND due to stuck port data_in                      ;
; Receiver:rx|cordic_rx:cordic_rx|X[1][1]         ; Stuck at GND due to stuck port data_in                      ;
; Receiver:rx|cordic_rx:cordic_rx|X[1][2]         ; Stuck at GND due to stuck port data_in                      ;
; Receiver:rx|cordic_rx:cordic_rx|X[1][3]         ; Stuck at GND due to stuck port data_in                      ;
; Receiver:rx|cordic_rx:cordic_rx|X[1][4]         ; Stuck at GND due to stuck port data_in                      ;
; Receiver:rx|cordic_rx:cordic_rx|X[1][5]         ; Stuck at GND due to stuck port data_in                      ;
; Receiver:rx|cordic_rx:cordic_rx|X[1][6]         ; Stuck at GND due to stuck port data_in                      ;
; Receiver:rx|cordic_rx:cordic_rx|X[1][7]         ; Stuck at GND due to stuck port data_in                      ;
; Transmitter:tx|cordic_tx:cordic_inst|Y[2][0]    ; Stuck at GND due to stuck port data_in                      ;
; Transmitter:tx|cordic_tx:cordic_inst|X[2][0]    ; Stuck at GND due to stuck port data_in                      ;
; Transmitter:tx|cordic_tx:cordic_inst|Y[0][4]    ; Stuck at GND due to stuck port data_in                      ;
; Transmitter:tx|cordic_tx:cordic_inst|X[0][4]    ; Stuck at GND due to stuck port data_in                      ;
; Receiver:rx|cordic_rx:cordic_rx|Y[2][0]         ; Stuck at GND due to stuck port data_in                      ;
; Receiver:rx|cordic_rx:cordic_rx|X[2][0]         ; Stuck at GND due to stuck port data_in                      ;
; Total Number of Removed Registers = 858         ;                                                             ;
+-------------------------------------------------+-------------------------------------------------------------+
* Table truncated at 100 items. To change the number of removed registers reported, set the "Number of Removed Registers Reported" option under Assignments->Settings->Analysis and Synthesis Settings->More Settings


+--------------------------------------------------------------------------------------------------------------------------------------------------------------+
; Removed Registers Triggering Further Register Optimizations                                                                                                  ;
+----------------------------------------------+---------------------------+-----------------------------------------------------------------------------------+
; Register name                                ; Reason for Removal        ; Registers Removed due to This Register                                            ;
+----------------------------------------------+---------------------------+-----------------------------------------------------------------------------------+
; Receiver:rx|cordic_rx:cordic_rx|X[0][0]      ; Stuck at GND              ; Receiver:rx|cordic_rx:cordic_rx|Y[1][0], Receiver:rx|cordic_rx:cordic_rx|Y[1][1], ;
;                                              ; due to stuck port data_in ; Receiver:rx|cordic_rx:cordic_rx|Y[1][2], Receiver:rx|cordic_rx:cordic_rx|Y[1][3], ;
;                                              ;                           ; Receiver:rx|cordic_rx:cordic_rx|Y[1][4], Receiver:rx|cordic_rx:cordic_rx|Y[1][5], ;
;                                              ;                           ; Receiver:rx|cordic_rx:cordic_rx|Y[1][6], Receiver:rx|cordic_rx:cordic_rx|Y[1][7], ;
;                                              ;                           ; Receiver:rx|cordic_rx:cordic_rx|Y[2][0], Receiver:rx|cordic_rx:cordic_rx|X[2][0], ;
;                                              ;                           ; Receiver:rx|cordic_rx:cordic_rx|Y[2][1], Receiver:rx|cordic_rx:cordic_rx|Y[2][2], ;
;                                              ;                           ; Receiver:rx|cordic_rx:cordic_rx|Y[2][3], Receiver:rx|cordic_rx:cordic_rx|Y[2][4], ;
;                                              ;                           ; Receiver:rx|cordic_rx:cordic_rx|Y[2][5], Receiver:rx|cordic_rx:cordic_rx|X[2][1], ;
;                                              ;                           ; Receiver:rx|cordic_rx:cordic_rx|X[2][2], Receiver:rx|cordic_rx:cordic_rx|X[2][3], ;
;                                              ;                           ; Receiver:rx|cordic_rx:cordic_rx|X[2][4], Receiver:rx|cordic_rx:cordic_rx|X[2][5], ;
;                                              ;                           ; Receiver:rx|cordic_rx:cordic_rx|X[3][1], Receiver:rx|cordic_rx:cordic_rx|X[3][0], ;
;                                              ;                           ; Receiver:rx|cordic_rx:cordic_rx|Y[3][1], Receiver:rx|cordic_rx:cordic_rx|Y[3][0], ;
;                                              ;                           ; Receiver:rx|cordic_rx:cordic_rx|X[3][2], Receiver:rx|cordic_rx:cordic_rx|Y[3][2]  ;
; Transmitter:tx|cordic_tx:cordic_inst|X[0][0] ; Stuck at GND              ; Transmitter:tx|cordic_tx:cordic_inst|Y[1][0],                                     ;
;                                              ; due to stuck port data_in ; Transmitter:tx|cordic_tx:cordic_inst|Y[1][1],                                     ;
;                                              ;                           ; Transmitter:tx|cordic_tx:cordic_inst|Y[1][2],                                     ;
;                                              ;                           ; Transmitter:tx|cordic_tx:cordic_inst|Y[2][0],                                     ;
;                                              ;                           ; Transmitter:tx|cordic_tx:cordic_inst|X[2][0],                                     ;
;                                              ;                           ; Transmitter:tx|cordic_tx:cordic_inst|Y[1][3],                                     ;
;                                              ;                           ; Transmitter:tx|cordic_tx:cordic_inst|Y[2][1],                                     ;
;                                              ;                           ; Transmitter:tx|cordic_tx:cordic_inst|X[2][1]                                      ;
; Transmitter:tx|pro_cnt[0]                    ; Stuck at GND              ; Transmitter:tx|cdc_sync:p_clk|sigb[0], Transmitter:tx|cdc_sync:p_clk|q1[0]        ;
;                                              ; due to stuck port data_in ;                                                                                   ;
; Transmitter:tx|cordic_tx:cordic_inst|Y[0][4] ; Stuck at GND              ; Transmitter:tx|cordic_tx:cordic_inst|X[1][3]                                      ;
;                                              ; due to stuck port data_in ;                                                                                   ;
+----------------------------------------------+---------------------------+-----------------------------------------------------------------------------------+


+------------------------------------------------------+
; General Register Statistics                          ;
+----------------------------------------------+-------+
; Statistic                                    ; Value ;
+----------------------------------------------+-------+
; Total registers                              ; 5924  ;
; Number of registers using Synchronous Clear  ; 261   ;
; Number of registers using Synchronous Load   ; 535   ;
; Number of registers using Asynchronous Clear ; 316   ;
; Number of registers using Asynchronous Load  ; 0     ;
; Number of registers using Clock Enable       ; 2101  ;
; Number of registers using Preset             ; 0     ;
+----------------------------------------------+-------+


+-------------------------------------------------------------------------------------------------------------+
; Inverted Register Statistics                                                                                ;
+---------------------------------------------------------------------------------------------------+---------+
; Inverted Register                                                                                 ; Fan out ;
+---------------------------------------------------------------------------------------------------+---------+
; Receiver:rx|fir:fir_inst_I|even_sample                                                            ; 2       ;
; fifo:fm|dcfifo:dcfifo_component|dcfifo_5ti1:auto_generated|a_graycounter_777:rdptr_g1p|counter5a0 ; 8       ;
; fifo:fm|dcfifo:dcfifo_component|dcfifo_5ti1:auto_generated|a_graycounter_3lc:wrptr_g1p|counter8a0 ; 8       ;
; fifo:fm|dcfifo:dcfifo_component|dcfifo_5ti1:auto_generated|a_graycounter_777:rdptr_g1p|parity6    ; 5       ;
; fifo:fm|dcfifo:dcfifo_component|dcfifo_5ti1:auto_generated|a_graycounter_3lc:wrptr_g1p|parity9    ; 5       ;
; s_rate[1]                                                                                         ; 53      ;
; Receiver:rx|fir:fir_inst_Q|clear_mac                                                              ; 52      ;
; Receiver:rx|fir:fir_inst_I|clear_mac                                                              ; 52      ;
; spi_slave:spi|treg[7]                                                                             ; 1       ;
; spi_slave:spi|treg[6]                                                                             ; 1       ;
; spi_slave:spi|treg[5]                                                                             ; 1       ;
; spi_slave:spi|treg[4]                                                                             ; 1       ;
; spi_slave:spi|treg[3]                                                                             ; 1       ;
; spi_slave:spi|treg[2]                                                                             ; 1       ;
; spi_slave:spi|treg[1]                                                                             ; 1       ;
; spi_slave:spi|treg[0]                                                                             ; 1       ;
; Total number of inverted registers = 16                                                           ;         ;
+---------------------------------------------------------------------------------------------------+---------+


+--------------------------------------------------------------------------------------------------------------------------------------------------------------------+
; Multiplexer Restructuring Statistics (Restructuring Performed)                                                                                                     ;
+--------------------+-----------+---------------+----------------------+------------------------+------------+------------------------------------------------------+
; Multiplexer Inputs ; Bus Width ; Baseline Area ; Area if Restructured ; Saving if Restructured ; Registered ; Example Multiplexer Output                           ;
+--------------------+-----------+---------------+----------------------+------------------------+------------+------------------------------------------------------+
; 3:1                ; 18 bits   ; 36 LEs        ; 36 LEs               ; 0 LEs                  ; Yes        ; |radio|Transmitter:tx|cordic_tx:cordic_inst|Y[0][22] ;
; 3:1                ; 18 bits   ; 36 LEs        ; 36 LEs               ; 0 LEs                  ; Yes        ; |radio|Transmitter:tx|cordic_tx:cordic_inst|X[0][11] ;
; 3:1                ; 13 bits   ; 26 LEs        ; 26 LEs               ; 0 LEs                  ; Yes        ; |radio|Receiver:rx|cordic_rx:cordic_rx|X[0][21]      ;
; 4:1                ; 2 bits    ; 4 LEs         ; 2 LEs                ; 2 LEs                  ; Yes        ; |radio|filter:filter_inst|selected_filter[3]         ;
; 5:1                ; 4 bits    ; 12 LEs        ; 4 LEs                ; 8 LEs                  ; Yes        ; |radio|Receiver:rx|memcic:memcic_inst_I|wraddress[3] ;
; 4:1                ; 106 bits  ; 212 LEs       ; 106 LEs              ; 106 LEs                ; Yes        ; |radio|Transmitter:tx|FirInterp8:fi|Rmult[19]        ;
; 10:1               ; 2 bits    ; 12 LEs        ; 8 LEs                ; 4 LEs                  ; Yes        ; |radio|Receiver:rx|fir:fir_inst_I|state[1]           ;
; 10:1               ; 2 bits    ; 12 LEs        ; 8 LEs                ; 4 LEs                  ; Yes        ; |radio|Receiver:rx|fir:fir_inst_Q|state[1]           ;
; 7:1                ; 140 bits  ; 560 LEs       ; 280 LEs              ; 280 LEs                ; Yes        ; |radio|Receiver:rx|memcic:memcic_inst_I|work_reg[47] ;
; 11:1               ; 2 bits    ; 14 LEs        ; 8 LEs                ; 6 LEs                  ; Yes        ; |radio|Receiver:rx|memcic:memcic_inst_I|state[0]     ;
; 11:1               ; 4 bits    ; 28 LEs        ; 8 LEs                ; 20 LEs                 ; Yes        ; |radio|Receiver:rx|memcic:memcic_inst_I|rdaddress[2] ;
; 7:1                ; 6 bits    ; 24 LEs        ; 6 LEs                ; 18 LEs                 ; Yes        ; |radio|Transmitter:tx|FirInterp8:fi|caddr[5]         ;
; 7:1                ; 6 bits    ; 24 LEs        ; 6 LEs                ; 18 LEs                 ; Yes        ; |radio|Transmitter:tx|FirInterp8:fi|raddr[0]         ;
; 3:1                ; 50 bits   ; 100 LEs       ; 100 LEs              ; 0 LEs                  ; No         ; |radio|Receiver:rx|varcic:varcic_inst_Q1|Add3        ;
; 3:1                ; 2 bits    ; 4 LEs         ; 2 LEs                ; 2 LEs                  ; No         ; |radio|Receiver:rx|varcic:varcic_inst_I1|ShiftLeft0  ;
; 3:1                ; 2 bits    ; 4 LEs         ; 2 LEs                ; 2 LEs                  ; No         ; |radio|Receiver:rx|varcic:varcic_inst_I1|ShiftLeft0  ;
+--------------------+-----------+---------------+----------------------+------------------------+------------+------------------------------------------------------+


+---------------------------------------------------------------------------------------------------------------------------------------------------+
; Source assignments for Receiver:rx|memcic:memcic_inst_I|memcic_ram:memcic_ram_inst|altsyncram:altsyncram_component|altsyncram_7bp1:auto_generated ;
+---------------------------------+--------------------+------+-------------------------------------------------------------------------------------+
; Assignment                      ; Value              ; From ; To                                                                                  ;
+---------------------------------+--------------------+------+-------------------------------------------------------------------------------------+
; OPTIMIZE_POWER_DURING_SYNTHESIS ; NORMAL_COMPILATION ; -    ; -                                                                                   ;
+---------------------------------+--------------------+------+-------------------------------------------------------------------------------------+


+---------------------------------------------------------------------------------------------------------------------------------------------------+
; Source assignments for Receiver:rx|memcic:memcic_inst_Q|memcic_ram:memcic_ram_inst|altsyncram:altsyncram_component|altsyncram_7bp1:auto_generated ;
+---------------------------------+--------------------+------+-------------------------------------------------------------------------------------+
; Assignment                      ; Value              ; From ; To                                                                                  ;
+---------------------------------+--------------------+------+-------------------------------------------------------------------------------------+
; OPTIMIZE_POWER_DURING_SYNTHESIS ; NORMAL_COMPILATION ; -    ; -                                                                                   ;
+---------------------------------+--------------------+------+-------------------------------------------------------------------------------------+


+-----------------------------------------------------------------------------------------------------------------------------------------------------------------+
; Source assignments for Receiver:rx|fir_coeffs:fir_coeffs_inst|fir_coeffs_rom:fir_coeffs_rom_inst|altsyncram:altsyncram_component|altsyncram_nvb1:auto_generated ;
+---------------------------------+--------------------+------+---------------------------------------------------------------------------------------------------+
; Assignment                      ; Value              ; From ; To                                                                                                ;
+---------------------------------+--------------------+------+---------------------------------------------------------------------------------------------------+
; OPTIMIZE_POWER_DURING_SYNTHESIS ; NORMAL_COMPILATION ; -    ; -                                                                                                 ;
+---------------------------------+--------------------+------+---------------------------------------------------------------------------------------------------+


+----------------------------------------------------------------------------------------------------------------------------------------------------------------------------------+
; Source assignments for Receiver:rx|fir:fir_inst_I|fir_shiftreg:fir_shiftreg_inst|altshift_taps:ALTSHIFT_TAPS_component|shift_taps_frv:auto_generated|altsyncram_rga1:altsyncram2 ;
+---------------------------------+--------------------+------+--------------------------------------------------------------------------------------------------------------------+
; Assignment                      ; Value              ; From ; To                                                                                                                 ;
+---------------------------------+--------------------+------+--------------------------------------------------------------------------------------------------------------------+
; OPTIMIZE_POWER_DURING_SYNTHESIS ; NORMAL_COMPILATION ; -    ; -                                                                                                                  ;
+---------------------------------+--------------------+------+--------------------------------------------------------------------------------------------------------------------+


+----------------------------------------------------------------------------------------------------------------------------------------------------------------------------------+
; Source assignments for Receiver:rx|fir:fir_inst_Q|fir_shiftreg:fir_shiftreg_inst|altshift_taps:ALTSHIFT_TAPS_component|shift_taps_frv:auto_generated|altsyncram_rga1:altsyncram2 ;
+---------------------------------+--------------------+------+--------------------------------------------------------------------------------------------------------------------+
; Assignment                      ; Value              ; From ; To                                                                                                                 ;
+---------------------------------+--------------------+------+--------------------------------------------------------------------------------------------------------------------+
; OPTIMIZE_POWER_DURING_SYNTHESIS ; NORMAL_COMPILATION ; -    ; -                                                                                                                  ;
+---------------------------------+--------------------+------+--------------------------------------------------------------------------------------------------------------------+


+--------------------------------------------------------------------------------------------------------------------------------+
; Source assignments for Transmitter:tx|FirInterp8:fi|firromI:rom|altsyncram:altsyncram_component|altsyncram_83b1:auto_generated ;
+---------------------------------+--------------------+------+------------------------------------------------------------------+
; Assignment                      ; Value              ; From ; To                                                               ;
+---------------------------------+--------------------+------+------------------------------------------------------------------+
; OPTIMIZE_POWER_DURING_SYNTHESIS ; NORMAL_COMPILATION ; -    ; -                                                                ;
+---------------------------------+--------------------+------+------------------------------------------------------------------+


+----------------------------------------------------------------------------------------------------------------------------------+
; Source assignments for Transmitter:tx|FirInterp8:fi|firram36I:ram|altsyncram:altsyncram_component|altsyncram_jbp1:auto_generated ;
+---------------------------------+--------------------+------+--------------------------------------------------------------------+
; Assignment                      ; Value              ; From ; To                                                                 ;
+---------------------------------+--------------------+------+--------------------------------------------------------------------+
; OPTIMIZE_POWER_DURING_SYNTHESIS ; NORMAL_COMPILATION ; -    ; -                                                                  ;
+---------------------------------+--------------------+------+--------------------------------------------------------------------+


+---------------------------------------------------------------------------------------------------------------------+
; Source assignments for Transmitter:tx|profile:cw_pro|altsyncram:altsyncram_component|altsyncram_p8b1:auto_generated ;
+---------------------------------+--------------------+------+-------------------------------------------------------+
; Assignment                      ; Value              ; From ; To                                                    ;
+---------------------------------+--------------------+------+-------------------------------------------------------+
; OPTIMIZE_POWER_DURING_SYNTHESIS ; NORMAL_COMPILATION ; -    ; -                                                     ;
+---------------------------------+--------------------+------+-------------------------------------------------------+


+--------------------------------------------------------+
; Source assignments for fifo:fm|dcfifo:dcfifo_component ;
+---------------------------------+-------+------+-------+
; Assignment                      ; Value ; From ; To    ;
+---------------------------------+-------+------+-------+
; AUTO_SHIFT_REGISTER_RECOGNITION ; OFF   ; -    ; -     ;
+---------------------------------+-------+------+-------+


+-----------------------------------------------------------------------------------+
; Source assignments for fifo:fm|dcfifo:dcfifo_component|dcfifo_5ti1:auto_generated ;
+---------------------------------------+-------+------+----------------------------+
; Assignment                            ; Value ; From ; To                         ;
+---------------------------------------+-------+------+----------------------------+
; AUTO_SHIFT_REGISTER_RECOGNITION       ; OFF   ; -    ; -                          ;
; REMOVE_DUPLICATE_REGISTERS            ; OFF   ; -    ; -                          ;
; SYNCHRONIZER_IDENTIFICATION           ; OFF   ; -    ; -                          ;
; SYNCHRONIZATION_REGISTER_CHAIN_LENGTH ; 2     ; -    ; -                          ;
; POWER_UP_LEVEL                        ; LOW   ; -    ; wrptr_g                    ;
+---------------------------------------+-------+------+----------------------------+


+---------------------------------------------------------------------------------------------------------------+
; Source assignments for fifo:fm|dcfifo:dcfifo_component|dcfifo_5ti1:auto_generated|a_graycounter_777:rdptr_g1p ;
+----------------+-------+------+-------------------------------------------------------------------------------+
; Assignment     ; Value ; From ; To                                                                            ;
+----------------+-------+------+-------------------------------------------------------------------------------+
; POWER_UP_LEVEL ; HIGH  ; -    ; counter5a0                                                                    ;
; POWER_UP_LEVEL ; HIGH  ; -    ; parity6                                                                       ;
+----------------+-------+------+-------------------------------------------------------------------------------+


+---------------------------------------------------------------------------------------------------------------+
; Source assignments for fifo:fm|dcfifo:dcfifo_component|dcfifo_5ti1:auto_generated|a_graycounter_3lc:wrptr_g1p ;
+----------------+-------+------+-------------------------------------------------------------------------------+
; Assignment     ; Value ; From ; To                                                                            ;
+----------------+-------+------+-------------------------------------------------------------------------------+
; POWER_UP_LEVEL ; HIGH  ; -    ; counter8a0                                                                    ;
; POWER_UP_LEVEL ; HIGH  ; -    ; parity9                                                                       ;
+----------------+-------+------+-------------------------------------------------------------------------------+


+------------------------------------------------------------------------------------------------------------+
; Source assignments for fifo:fm|dcfifo:dcfifo_component|dcfifo_5ti1:auto_generated|altsyncram_g271:fifo_ram ;
+---------------------------------+--------------------+------+----------------------------------------------+
; Assignment                      ; Value              ; From ; To                                           ;
+---------------------------------+--------------------+------+----------------------------------------------+
; OPTIMIZE_POWER_DURING_SYNTHESIS ; NORMAL_COMPILATION ; -    ; -                                            ;
+---------------------------------+--------------------+------+----------------------------------------------+


+--------------------------------------------------------------------------------------------------------------+
; Source assignments for fifo:fm|dcfifo:dcfifo_component|dcfifo_5ti1:auto_generated|alt_synch_pipe_fpl:rs_dgwp ;
+-----------------------------+------------------------+------+------------------------------------------------+
; Assignment                  ; Value                  ; From ; To                                             ;
+-----------------------------+------------------------+------+------------------------------------------------+
; X_ON_VIOLATION_OPTION       ; OFF                    ; -    ; -                                              ;
; SYNCHRONIZER_IDENTIFICATION ; FORCED_IF_ASYNCHRONOUS ; -    ; -                                              ;
; PRESERVE_REGISTER           ; ON                     ; -    ; -                                              ;
; DONT_MERGE_REGISTER         ; ON                     ; -    ; -                                              ;
; ADV_NETLIST_OPT_ALLOWED     ; NEVER_ALLOW            ; -    ; -                                              ;
+-----------------------------+------------------------+------+------------------------------------------------+


+-----------------------------------------------------------------------------------------------------------------------------------+
; Source assignments for fifo:fm|dcfifo:dcfifo_component|dcfifo_5ti1:auto_generated|alt_synch_pipe_fpl:rs_dgwp|dffpipe_1f9:dffpipe5 ;
+---------------------------------+-------+------+----------------------------------------------------------------------------------+
; Assignment                      ; Value ; From ; To                                                                               ;
+---------------------------------+-------+------+----------------------------------------------------------------------------------+
; AUTO_SHIFT_REGISTER_RECOGNITION ; OFF   ; -    ; -                                                                                ;
+---------------------------------+-------+------+----------------------------------------------------------------------------------+


+--------------------------------------------------------------------------------------------------------------+
; Source assignments for fifo:fm|dcfifo:dcfifo_component|dcfifo_5ti1:auto_generated|alt_synch_pipe_gpl:ws_dgrp ;
+-----------------------------+------------------------+------+------------------------------------------------+
; Assignment                  ; Value                  ; From ; To                                             ;
+-----------------------------+------------------------+------+------------------------------------------------+
; X_ON_VIOLATION_OPTION       ; OFF                    ; -    ; -                                              ;
; SYNCHRONIZER_IDENTIFICATION ; FORCED_IF_ASYNCHRONOUS ; -    ; -                                              ;
; PRESERVE_REGISTER           ; ON                     ; -    ; -                                              ;
; DONT_MERGE_REGISTER         ; ON                     ; -    ; -                                              ;
; ADV_NETLIST_OPT_ALLOWED     ; NEVER_ALLOW            ; -    ; -                                              ;
+-----------------------------+------------------------+------+------------------------------------------------+


+-----------------------------------------------------------------------------------------------------------------------------------+
; Source assignments for fifo:fm|dcfifo:dcfifo_component|dcfifo_5ti1:auto_generated|alt_synch_pipe_gpl:ws_dgrp|dffpipe_2f9:dffpipe8 ;
+---------------------------------+-------+------+----------------------------------------------------------------------------------+
; Assignment                      ; Value ; From ; To                                                                               ;
+---------------------------------+-------+------+----------------------------------------------------------------------------------+
; AUTO_SHIFT_REGISTER_RECOGNITION ; OFF   ; -    ; -                                                                                ;
+---------------------------------+-------+------+----------------------------------------------------------------------------------+


+---------------------------------------------------------------------------------+
; Parameter Settings for User Entity Instance: pll_rx:prx|altpll:altpll_component ;
+-------------------------------+--------------------------+----------------------+
; Parameter Name                ; Value                    ; Type                 ;
+-------------------------------+--------------------------+----------------------+
; OPERATION_MODE                ; NORMAL                   ; Untyped              ;
; PLL_TYPE                      ; AUTO                     ; Untyped              ;
; LPM_HINT                      ; CBX_MODULE_PREFIX=pll_rx ; Untyped              ;
; QUALIFY_CONF_DONE             ; OFF                      ; Untyped              ;
; COMPENSATE_CLOCK              ; CLK0                     ; Untyped              ;
; SCAN_CHAIN                    ; LONG                     ; Untyped              ;
; PRIMARY_CLOCK                 ; INCLK0                   ; Untyped              ;
; INCLK0_INPUT_FREQUENCY        ; 16276                    ; Signed Integer       ;
; INCLK1_INPUT_FREQUENCY        ; 0                        ; Untyped              ;
; GATE_LOCK_SIGNAL              ; NO                       ; Untyped              ;
; GATE_LOCK_COUNTER             ; 0                        ; Untyped              ;
; LOCK_HIGH                     ; 1                        ; Untyped              ;
; LOCK_LOW                      ; 1                        ; Untyped              ;
; VALID_LOCK_MULTIPLIER         ; 1                        ; Untyped              ;
; INVALID_LOCK_MULTIPLIER       ; 5                        ; Untyped              ;
; SWITCH_OVER_ON_LOSSCLK        ; OFF                      ; Untyped              ;
; SWITCH_OVER_ON_GATED_LOCK     ; OFF                      ; Untyped              ;
; ENABLE_SWITCH_OVER_COUNTER    ; OFF                      ; Untyped              ;
; SKIP_VCO                      ; OFF                      ; Untyped              ;
; SWITCH_OVER_COUNTER           ; 0                        ; Untyped              ;
; SWITCH_OVER_TYPE              ; AUTO                     ; Untyped              ;
; FEEDBACK_SOURCE               ; EXTCLK0                  ; Untyped              ;
; BANDWIDTH                     ; 0                        ; Untyped              ;
; BANDWIDTH_TYPE                ; AUTO                     ; Untyped              ;
; SPREAD_FREQUENCY              ; 0                        ; Untyped              ;
; DOWN_SPREAD                   ; 0                        ; Untyped              ;
; SELF_RESET_ON_GATED_LOSS_LOCK ; OFF                      ; Untyped              ;
; SELF_RESET_ON_LOSS_LOCK       ; OFF                      ; Untyped              ;
; CLK9_MULTIPLY_BY              ; 0                        ; Untyped              ;
; CLK8_MULTIPLY_BY              ; 0                        ; Untyped              ;
; CLK7_MULTIPLY_BY              ; 0                        ; Untyped              ;
; CLK6_MULTIPLY_BY              ; 0                        ; Untyped              ;
; CLK5_MULTIPLY_BY              ; 1                        ; Untyped              ;
; CLK4_MULTIPLY_BY              ; 1                        ; Untyped              ;
; CLK3_MULTIPLY_BY              ; 1                        ; Untyped              ;
; CLK2_MULTIPLY_BY              ; 5                        ; Signed Integer       ;
; CLK1_MULTIPLY_BY              ; 1                        ; Signed Integer       ;
; CLK0_MULTIPLY_BY              ; 2                        ; Signed Integer       ;
; CLK9_DIVIDE_BY                ; 0                        ; Untyped              ;
; CLK8_DIVIDE_BY                ; 0                        ; Untyped              ;
; CLK7_DIVIDE_BY                ; 0                        ; Untyped              ;
; CLK6_DIVIDE_BY                ; 0                        ; Untyped              ;
; CLK5_DIVIDE_BY                ; 1                        ; Untyped              ;
; CLK4_DIVIDE_BY                ; 1                        ; Untyped              ;
; CLK3_DIVIDE_BY                ; 1                        ; Untyped              ;
; CLK2_DIVIDE_BY                ; 3072                     ; Signed Integer       ;
; CLK1_DIVIDE_BY                ; 5                        ; Signed Integer       ;
; CLK0_DIVIDE_BY                ; 1                        ; Signed Integer       ;
; CLK9_PHASE_SHIFT              ; 0                        ; Untyped              ;
; CLK8_PHASE_SHIFT              ; 0                        ; Untyped              ;
; CLK7_PHASE_SHIFT              ; 0                        ; Untyped              ;
; CLK6_PHASE_SHIFT              ; 0                        ; Untyped              ;
; CLK5_PHASE_SHIFT              ; 0                        ; Untyped              ;
; CLK4_PHASE_SHIFT              ; 0                        ; Untyped              ;
; CLK3_PHASE_SHIFT              ; 0                        ; Untyped              ;
; CLK2_PHASE_SHIFT              ; 0                        ; Untyped              ;
; CLK1_PHASE_SHIFT              ; 0                        ; Untyped              ;
; CLK0_PHASE_SHIFT              ; 0                        ; Untyped              ;
; CLK5_TIME_DELAY               ; 0                        ; Untyped              ;
; CLK4_TIME_DELAY               ; 0                        ; Untyped              ;
; CLK3_TIME_DELAY               ; 0                        ; Untyped              ;
; CLK2_TIME_DELAY               ; 0                        ; Untyped              ;
; CLK1_TIME_DELAY               ; 0                        ; Untyped              ;
; CLK0_TIME_DELAY               ; 0                        ; Untyped              ;
; CLK9_DUTY_CYCLE               ; 50                       ; Untyped              ;
; CLK8_DUTY_CYCLE               ; 50                       ; Untyped              ;
; CLK7_DUTY_CYCLE               ; 50                       ; Untyped              ;
; CLK6_DUTY_CYCLE               ; 50                       ; Untyped              ;
; CLK5_DUTY_CYCLE               ; 50                       ; Untyped              ;
; CLK4_DUTY_CYCLE               ; 50                       ; Untyped              ;
; CLK3_DUTY_CYCLE               ; 50                       ; Untyped              ;
; CLK2_DUTY_CYCLE               ; 50                       ; Signed Integer       ;
; CLK1_DUTY_CYCLE               ; 50                       ; Signed Integer       ;
; CLK0_DUTY_CYCLE               ; 50                       ; Signed Integer       ;
; CLK9_USE_EVEN_COUNTER_MODE    ; OFF                      ; Untyped              ;
; CLK8_USE_EVEN_COUNTER_MODE    ; OFF                      ; Untyped              ;
; CLK7_USE_EVEN_COUNTER_MODE    ; OFF                      ; Untyped              ;
; CLK6_USE_EVEN_COUNTER_MODE    ; OFF                      ; Untyped              ;
; CLK5_USE_EVEN_COUNTER_MODE    ; OFF                      ; Untyped              ;
; CLK4_USE_EVEN_COUNTER_MODE    ; OFF                      ; Untyped              ;
; CLK3_USE_EVEN_COUNTER_MODE    ; OFF                      ; Untyped              ;
; CLK2_USE_EVEN_COUNTER_MODE    ; OFF                      ; Untyped              ;
; CLK1_USE_EVEN_COUNTER_MODE    ; OFF                      ; Untyped              ;
; CLK0_USE_EVEN_COUNTER_MODE    ; OFF                      ; Untyped              ;
; CLK9_USE_EVEN_COUNTER_VALUE   ; OFF                      ; Untyped              ;
; CLK8_USE_EVEN_COUNTER_VALUE   ; OFF                      ; Untyped              ;
; CLK7_USE_EVEN_COUNTER_VALUE   ; OFF                      ; Untyped              ;
; CLK6_USE_EVEN_COUNTER_VALUE   ; OFF                      ; Untyped              ;
; CLK5_USE_EVEN_COUNTER_VALUE   ; OFF                      ; Untyped              ;
; CLK4_USE_EVEN_COUNTER_VALUE   ; OFF                      ; Untyped              ;
; CLK3_USE_EVEN_COUNTER_VALUE   ; OFF                      ; Untyped              ;
; CLK2_USE_EVEN_COUNTER_VALUE   ; OFF                      ; Untyped              ;
; CLK1_USE_EVEN_COUNTER_VALUE   ; OFF                      ; Untyped              ;
; CLK0_USE_EVEN_COUNTER_VALUE   ; OFF                      ; Untyped              ;
; LOCK_WINDOW_UI                ;  0.05                    ; Untyped              ;
; LOCK_WINDOW_UI_BITS           ; UNUSED                   ; Untyped              ;
; VCO_RANGE_DETECTOR_LOW_BITS   ; UNUSED                   ; Untyped              ;
; VCO_RANGE_DETECTOR_HIGH_BITS  ; UNUSED                   ; Untyped              ;
; DPA_MULTIPLY_BY               ; 0                        ; Untyped              ;
; DPA_DIVIDE_BY                 ; 1                        ; Untyped              ;
; DPA_DIVIDER                   ; 0                        ; Untyped              ;
; EXTCLK3_MULTIPLY_BY           ; 1                        ; Untyped              ;
; EXTCLK2_MULTIPLY_BY           ; 1                        ; Untyped              ;
; EXTCLK1_MULTIPLY_BY           ; 1                        ; Untyped              ;
; EXTCLK0_MULTIPLY_BY           ; 1                        ; Untyped              ;
; EXTCLK3_DIVIDE_BY             ; 1                        ; Untyped              ;
; EXTCLK2_DIVIDE_BY             ; 1                        ; Untyped              ;
; EXTCLK1_DIVIDE_BY             ; 1                        ; Untyped              ;
; EXTCLK0_DIVIDE_BY             ; 1                        ; Untyped              ;
; EXTCLK3_PHASE_SHIFT           ; 0                        ; Untyped              ;
; EXTCLK2_PHASE_SHIFT           ; 0                        ; Untyped              ;
; EXTCLK1_PHASE_SHIFT           ; 0                        ; Untyped              ;
; EXTCLK0_PHASE_SHIFT           ; 0                        ; Untyped              ;
; EXTCLK3_TIME_DELAY            ; 0                        ; Untyped              ;
; EXTCLK2_TIME_DELAY            ; 0                        ; Untyped              ;
; EXTCLK1_TIME_DELAY            ; 0                        ; Untyped              ;
; EXTCLK0_TIME_DELAY            ; 0                        ; Untyped              ;
; EXTCLK3_DUTY_CYCLE            ; 50                       ; Untyped              ;
; EXTCLK2_DUTY_CYCLE            ; 50                       ; Untyped              ;
; EXTCLK1_DUTY_CYCLE            ; 50                       ; Untyped              ;
; EXTCLK0_DUTY_CYCLE            ; 50                       ; Untyped              ;
; VCO_MULTIPLY_BY               ; 0                        ; Untyped              ;
; VCO_DIVIDE_BY                 ; 0                        ; Untyped              ;
; SCLKOUT0_PHASE_SHIFT          ; 0                        ; Untyped              ;
; SCLKOUT1_PHASE_SHIFT          ; 0                        ; Untyped              ;
; VCO_MIN                       ; 0                        ; Untyped              ;
; VCO_MAX                       ; 0                        ; Untyped              ;
; VCO_CENTER                    ; 0                        ; Untyped              ;
; PFD_MIN                       ; 0                        ; Untyped              ;
; PFD_MAX                       ; 0                        ; Untyped              ;
; M_INITIAL                     ; 0                        ; Untyped              ;
; M                             ; 0                        ; Untyped              ;
; N                             ; 1                        ; Untyped              ;
; M2                            ; 1                        ; Untyped              ;
; N2                            ; 1                        ; Untyped              ;
; SS                            ; 1                        ; Untyped              ;
; C0_HIGH                       ; 0                        ; Untyped              ;
; C1_HIGH                       ; 0                        ; Untyped              ;
; C2_HIGH                       ; 0                        ; Untyped              ;
; C3_HIGH                       ; 0                        ; Untyped              ;
; C4_HIGH                       ; 0                        ; Untyped              ;
; C5_HIGH                       ; 0                        ; Untyped              ;
; C6_HIGH                       ; 0                        ; Untyped              ;
; C7_HIGH                       ; 0                        ; Untyped              ;
; C8_HIGH                       ; 0                        ; Untyped              ;
; C9_HIGH                       ; 0                        ; Untyped              ;
; C0_LOW                        ; 0                        ; Untyped              ;
; C1_LOW                        ; 0                        ; Untyped              ;
; C2_LOW                        ; 0                        ; Untyped              ;
; C3_LOW                        ; 0                        ; Untyped              ;
; C4_LOW                        ; 0                        ; Untyped              ;
; C5_LOW                        ; 0                        ; Untyped              ;
; C6_LOW                        ; 0                        ; Untyped              ;
; C7_LOW                        ; 0                        ; Untyped              ;
; C8_LOW                        ; 0                        ; Untyped              ;
; C9_LOW                        ; 0                        ; Untyped              ;
; C0_INITIAL                    ; 0                        ; Untyped              ;
; C1_INITIAL                    ; 0                        ; Untyped              ;
; C2_INITIAL                    ; 0                        ; Untyped              ;
; C3_INITIAL                    ; 0                        ; Untyped              ;
; C4_INITIAL                    ; 0                        ; Untyped              ;
; C5_INITIAL                    ; 0                        ; Untyped              ;
; C6_INITIAL                    ; 0                        ; Untyped              ;
; C7_INITIAL                    ; 0                        ; Untyped              ;
; C8_INITIAL                    ; 0                        ; Untyped              ;
; C9_INITIAL                    ; 0                        ; Untyped              ;
; C0_MODE                       ; BYPASS                   ; Untyped              ;
; C1_MODE                       ; BYPASS                   ; Untyped              ;
; C2_MODE                       ; BYPASS                   ; Untyped              ;
; C3_MODE                       ; BYPASS                   ; Untyped              ;
; C4_MODE                       ; BYPASS                   ; Untyped              ;
; C5_MODE                       ; BYPASS                   ; Untyped              ;
; C6_MODE                       ; BYPASS                   ; Untyped              ;
; C7_MODE                       ; BYPASS                   ; Untyped              ;
; C8_MODE                       ; BYPASS                   ; Untyped              ;
; C9_MODE                       ; BYPASS                   ; Untyped              ;
; C0_PH                         ; 0                        ; Untyped              ;
; C1_PH                         ; 0                        ; Untyped              ;
; C2_PH                         ; 0                        ; Untyped              ;
; C3_PH                         ; 0                        ; Untyped              ;
; C4_PH                         ; 0                        ; Untyped              ;
; C5_PH                         ; 0                        ; Untyped              ;
; C6_PH                         ; 0                        ; Untyped              ;
; C7_PH                         ; 0                        ; Untyped              ;
; C8_PH                         ; 0                        ; Untyped              ;
; C9_PH                         ; 0                        ; Untyped              ;
; L0_HIGH                       ; 1                        ; Untyped              ;
; L1_HIGH                       ; 1                        ; Untyped              ;
; G0_HIGH                       ; 1                        ; Untyped              ;
; G1_HIGH                       ; 1                        ; Untyped              ;
; G2_HIGH                       ; 1                        ; Untyped              ;
; G3_HIGH                       ; 1                        ; Untyped              ;
; E0_HIGH                       ; 1                        ; Untyped              ;
; E1_HIGH                       ; 1                        ; Untyped              ;
; E2_HIGH                       ; 1                        ; Untyped              ;
; E3_HIGH                       ; 1                        ; Untyped              ;
; L0_LOW                        ; 1                        ; Untyped              ;
; L1_LOW                        ; 1                        ; Untyped              ;
; G0_LOW                        ; 1                        ; Untyped              ;
; G1_LOW                        ; 1                        ; Untyped              ;
; G2_LOW                        ; 1                        ; Untyped              ;
; G3_LOW                        ; 1                        ; Untyped              ;
; E0_LOW                        ; 1                        ; Untyped              ;
; E1_LOW                        ; 1                        ; Untyped              ;
; E2_LOW                        ; 1                        ; Untyped              ;
; E3_LOW                        ; 1                        ; Untyped              ;
; L0_INITIAL                    ; 1                        ; Untyped              ;
; L1_INITIAL                    ; 1                        ; Untyped              ;
; G0_INITIAL                    ; 1                        ; Untyped              ;
; G1_INITIAL                    ; 1                        ; Untyped              ;
; G2_INITIAL                    ; 1                        ; Untyped              ;
; G3_INITIAL                    ; 1                        ; Untyped              ;
; E0_INITIAL                    ; 1                        ; Untyped              ;
; E1_INITIAL                    ; 1                        ; Untyped              ;
; E2_INITIAL                    ; 1                        ; Untyped              ;
; E3_INITIAL                    ; 1                        ; Untyped              ;
; L0_MODE                       ; BYPASS                   ; Untyped              ;
; L1_MODE                       ; BYPASS                   ; Untyped              ;
; G0_MODE                       ; BYPASS                   ; Untyped              ;
; G1_MODE                       ; BYPASS                   ; Untyped              ;
; G2_MODE                       ; BYPASS                   ; Untyped              ;
; G3_MODE                       ; BYPASS                   ; Untyped              ;
; E0_MODE                       ; BYPASS                   ; Untyped              ;
; E1_MODE                       ; BYPASS                   ; Untyped              ;
; E2_MODE                       ; BYPASS                   ; Untyped              ;
; E3_MODE                       ; BYPASS                   ; Untyped              ;
; L0_PH                         ; 0                        ; Untyped              ;
; L1_PH                         ; 0                        ; Untyped              ;
; G0_PH                         ; 0                        ; Untyped              ;
; G1_PH                         ; 0                        ; Untyped              ;
; G2_PH                         ; 0                        ; Untyped              ;
; G3_PH                         ; 0                        ; Untyped              ;
; E0_PH                         ; 0                        ; Untyped              ;
; E1_PH                         ; 0                        ; Untyped              ;
; E2_PH                         ; 0                        ; Untyped              ;
; E3_PH                         ; 0                        ; Untyped              ;
; M_PH                          ; 0                        ; Untyped              ;
; C1_USE_CASC_IN                ; OFF                      ; Untyped              ;
; C2_USE_CASC_IN                ; OFF                      ; Untyped              ;
; C3_USE_CASC_IN                ; OFF                      ; Untyped              ;
; C4_USE_CASC_IN                ; OFF                      ; Untyped              ;
; C5_USE_CASC_IN                ; OFF                      ; Untyped              ;
; C6_USE_CASC_IN                ; OFF                      ; Untyped              ;
; C7_USE_CASC_IN                ; OFF                      ; Untyped              ;
; C8_USE_CASC_IN                ; OFF                      ; Untyped              ;
; C9_USE_CASC_IN                ; OFF                      ; Untyped              ;
; CLK0_COUNTER                  ; G0                       ; Untyped              ;
; CLK1_COUNTER                  ; G0                       ; Untyped              ;
; CLK2_COUNTER                  ; G0                       ; Untyped              ;
; CLK3_COUNTER                  ; G0                       ; Untyped              ;
; CLK4_COUNTER                  ; G0                       ; Untyped              ;
; CLK5_COUNTER                  ; G0                       ; Untyped              ;
; CLK6_COUNTER                  ; E0                       ; Untyped              ;
; CLK7_COUNTER                  ; E1                       ; Untyped              ;
; CLK8_COUNTER                  ; E2                       ; Untyped              ;
; CLK9_COUNTER                  ; E3                       ; Untyped              ;
; L0_TIME_DELAY                 ; 0                        ; Untyped              ;
; L1_TIME_DELAY                 ; 0                        ; Untyped              ;
; G0_TIME_DELAY                 ; 0                        ; Untyped              ;
; G1_TIME_DELAY                 ; 0                        ; Untyped              ;
; G2_TIME_DELAY                 ; 0                        ; Untyped              ;
; G3_TIME_DELAY                 ; 0                        ; Untyped              ;
; E0_TIME_DELAY                 ; 0                        ; Untyped              ;
; E1_TIME_DELAY                 ; 0                        ; Untyped              ;
; E2_TIME_DELAY                 ; 0                        ; Untyped              ;
; E3_TIME_DELAY                 ; 0                        ; Untyped              ;
; M_TIME_DELAY                  ; 0                        ; Untyped              ;
; N_TIME_DELAY                  ; 0                        ; Untyped              ;
; EXTCLK3_COUNTER               ; E3                       ; Untyped              ;
; EXTCLK2_COUNTER               ; E2                       ; Untyped              ;
; EXTCLK1_COUNTER               ; E1                       ; Untyped              ;
; EXTCLK0_COUNTER               ; E0                       ; Untyped              ;
; ENABLE0_COUNTER               ; L0                       ; Untyped              ;
; ENABLE1_COUNTER               ; L0                       ; Untyped              ;
; CHARGE_PUMP_CURRENT           ; 2                        ; Untyped              ;
; LOOP_FILTER_R                 ;  1.000000                ; Untyped              ;
; LOOP_FILTER_C                 ; 5                        ; Untyped              ;
; CHARGE_PUMP_CURRENT_BITS      ; 9999                     ; Untyped              ;
; LOOP_FILTER_R_BITS            ; 9999                     ; Untyped              ;
; LOOP_FILTER_C_BITS            ; 9999                     ; Untyped              ;
; VCO_POST_SCALE                ; 0                        ; Untyped              ;
; CLK2_OUTPUT_FREQUENCY         ; 0                        ; Untyped              ;
; CLK1_OUTPUT_FREQUENCY         ; 0                        ; Untyped              ;
; CLK0_OUTPUT_FREQUENCY         ; 0                        ; Untyped              ;
; INTENDED_DEVICE_FAMILY        ; Cyclone IV E             ; Untyped              ;
; PORT_CLKENA0                  ; PORT_UNUSED              ; Untyped              ;
; PORT_CLKENA1                  ; PORT_UNUSED              ; Untyped              ;
; PORT_CLKENA2                  ; PORT_UNUSED              ; Untyped              ;
; PORT_CLKENA3                  ; PORT_UNUSED              ; Untyped              ;
; PORT_CLKENA4                  ; PORT_UNUSED              ; Untyped              ;
; PORT_CLKENA5                  ; PORT_UNUSED              ; Untyped              ;
; PORT_EXTCLKENA0               ; PORT_CONNECTIVITY        ; Untyped              ;
; PORT_EXTCLKENA1               ; PORT_CONNECTIVITY        ; Untyped              ;
; PORT_EXTCLKENA2               ; PORT_CONNECTIVITY        ; Untyped              ;
; PORT_EXTCLKENA3               ; PORT_CONNECTIVITY        ; Untyped              ;
; PORT_EXTCLK0                  ; PORT_UNUSED              ; Untyped              ;
; PORT_EXTCLK1                  ; PORT_UNUSED              ; Untyped              ;
; PORT_EXTCLK2                  ; PORT_UNUSED              ; Untyped              ;
; PORT_EXTCLK3                  ; PORT_UNUSED              ; Untyped              ;
; PORT_CLKBAD0                  ; PORT_UNUSED              ; Untyped              ;
; PORT_CLKBAD1                  ; PORT_UNUSED              ; Untyped              ;
; PORT_CLK0                     ; PORT_USED                ; Untyped              ;
; PORT_CLK1                     ; PORT_USED                ; Untyped              ;
; PORT_CLK2                     ; PORT_USED                ; Untyped              ;
; PORT_CLK3                     ; PORT_UNUSED              ; Untyped              ;
; PORT_CLK4                     ; PORT_UNUSED              ; Untyped              ;
; PORT_CLK5                     ; PORT_UNUSED              ; Untyped              ;
; PORT_CLK6                     ; PORT_UNUSED              ; Untyped              ;
; PORT_CLK7                     ; PORT_UNUSED              ; Untyped              ;
; PORT_CLK8                     ; PORT_UNUSED              ; Untyped              ;
; PORT_CLK9                     ; PORT_UNUSED              ; Untyped              ;
; PORT_SCANDATA                 ; PORT_UNUSED              ; Untyped              ;
; PORT_SCANDATAOUT              ; PORT_UNUSED              ; Untyped              ;
; PORT_SCANDONE                 ; PORT_UNUSED              ; Untyped              ;
; PORT_SCLKOUT1                 ; PORT_CONNECTIVITY        ; Untyped              ;
; PORT_SCLKOUT0                 ; PORT_CONNECTIVITY        ; Untyped              ;
; PORT_ACTIVECLOCK              ; PORT_UNUSED              ; Untyped              ;
; PORT_CLKLOSS                  ; PORT_UNUSED              ; Untyped              ;
; PORT_INCLK1                   ; PORT_UNUSED              ; Untyped              ;
; PORT_INCLK0                   ; PORT_USED                ; Untyped              ;
; PORT_FBIN                     ; PORT_UNUSED              ; Untyped              ;
; PORT_PLLENA                   ; PORT_UNUSED              ; Untyped              ;
; PORT_CLKSWITCH                ; PORT_UNUSED              ; Untyped              ;
; PORT_ARESET                   ; PORT_UNUSED              ; Untyped              ;
; PORT_PFDENA                   ; PORT_UNUSED              ; Untyped              ;
; PORT_SCANCLK                  ; PORT_UNUSED              ; Untyped              ;
; PORT_SCANACLR                 ; PORT_UNUSED              ; Untyped              ;
; PORT_SCANREAD                 ; PORT_UNUSED              ; Untyped              ;
; PORT_SCANWRITE                ; PORT_UNUSED              ; Untyped              ;
; PORT_ENABLE0                  ; PORT_CONNECTIVITY        ; Untyped              ;
; PORT_ENABLE1                  ; PORT_CONNECTIVITY        ; Untyped              ;
; PORT_LOCKED                   ; PORT_UNUSED              ; Untyped              ;
; PORT_CONFIGUPDATE             ; PORT_UNUSED              ; Untyped              ;
; PORT_FBOUT                    ; PORT_CONNECTIVITY        ; Untyped              ;
; PORT_PHASEDONE                ; PORT_UNUSED              ; Untyped              ;
; PORT_PHASESTEP                ; PORT_UNUSED              ; Untyped              ;
; PORT_PHASEUPDOWN              ; PORT_UNUSED              ; Untyped              ;
; PORT_SCANCLKENA               ; PORT_UNUSED              ; Untyped              ;
; PORT_PHASECOUNTERSELECT       ; PORT_UNUSED              ; Untyped              ;
; PORT_VCOOVERRANGE             ; PORT_CONNECTIVITY        ; Untyped              ;
; PORT_VCOUNDERRANGE            ; PORT_CONNECTIVITY        ; Untyped              ;
; M_TEST_SOURCE                 ; 5                        ; Untyped              ;
; C0_TEST_SOURCE                ; 5                        ; Untyped              ;
; C1_TEST_SOURCE                ; 5                        ; Untyped              ;
; C2_TEST_SOURCE                ; 5                        ; Untyped              ;
; C3_TEST_SOURCE                ; 5                        ; Untyped              ;
; C4_TEST_SOURCE                ; 5                        ; Untyped              ;
; C5_TEST_SOURCE                ; 5                        ; Untyped              ;
; C6_TEST_SOURCE                ; 5                        ; Untyped              ;
; C7_TEST_SOURCE                ; 5                        ; Untyped              ;
; C8_TEST_SOURCE                ; 5                        ; Untyped              ;
; C9_TEST_SOURCE                ; 5                        ; Untyped              ;
; CBXI_PARAMETER                ; pll_rx_altpll            ; Untyped              ;
; VCO_FREQUENCY_CONTROL         ; AUTO                     ; Untyped              ;
; VCO_PHASE_SHIFT_STEP          ; 0                        ; Untyped              ;
; WIDTH_CLOCK                   ; 5                        ; Signed Integer       ;
; WIDTH_PHASECOUNTERSELECT      ; 4                        ; Untyped              ;
; USING_FBMIMICBIDIR_PORT       ; OFF                      ; Untyped              ;
; DEVICE_FAMILY                 ; Cyclone IV E             ; Untyped              ;
; SCAN_CHAIN_MIF_FILE           ; UNUSED                   ; Untyped              ;
; SIM_GATE_LOCK_DEVICE_BEHAVIOR ; OFF                      ; Untyped              ;
; AUTO_CARRY_CHAINS             ; ON                       ; AUTO_CARRY           ;
; IGNORE_CARRY_BUFFERS          ; OFF                      ; IGNORE_CARRY         ;
; AUTO_CASCADE_CHAINS           ; ON                       ; AUTO_CASCADE         ;
; IGNORE_CASCADE_BUFFERS        ; OFF                      ; IGNORE_CASCADE       ;
+-------------------------------+--------------------------+----------------------+
Note: In order to hide this table in the UI and the text report file, please set the "Show Parameter Settings in Synthesis Report" option in "Analysis and Synthesis Settings -> More Settings" to "Off".


+------------------------------------------------------------------------------+
; Parameter Settings for User Entity Instance: Receiver:rx|cordic_rx:cordic_rx ;
+----------------+-------+-----------------------------------------------------+
; Parameter Name ; Value ; Type                                                ;
+----------------+-------+-----------------------------------------------------+
; IN_WIDTH       ; 16    ; Signed Integer                                      ;
; EXTRA_BITS     ; 5     ; Signed Integer                                      ;
+----------------+-------+-----------------------------------------------------+
Note: In order to hide this table in the UI and the text report file, please set the "Show Parameter Settings in Synthesis Report" option in "Analysis and Synthesis Settings -> More Settings" to "Off".


+--------------------------------------------------------------------------------+
; Parameter Settings for User Entity Instance: Receiver:rx|varcic:varcic_inst_I1 ;
+----------------+-------+-------------------------------------------------------+
; Parameter Name ; Value ; Type                                                  ;
+----------------+-------+-------------------------------------------------------+
; STAGES         ; 4     ; Signed Integer                                        ;
; DECIMATION     ; 32    ; Signed Integer                                        ;
; IN_WIDTH       ; 22    ; Signed Integer                                        ;
; ACC_WIDTH      ; 56    ; Signed Integer                                        ;
; OUT_WIDTH      ; 24    ; Signed Integer                                        ;
+----------------+-------+-------------------------------------------------------+
Note: In order to hide this table in the UI and the text report file, please set the "Show Parameter Settings in Synthesis Report" option in "Analysis and Synthesis Settings -> More Settings" to "Off".


+---------------------------------------------------------------------------------------------------------------------------------+
; Parameter Settings for User Entity Instance: Receiver:rx|varcic:varcic_inst_I1|cic_integrator:cic_stages[0].cic_integrator_inst ;
+----------------+-------+--------------------------------------------------------------------------------------------------------+
; Parameter Name ; Value ; Type                                                                                                   ;
+----------------+-------+--------------------------------------------------------------------------------------------------------+
; WIDTH          ; 56    ; Signed Integer                                                                                         ;
+----------------+-------+--------------------------------------------------------------------------------------------------------+
Note: In order to hide this table in the UI and the text report file, please set the "Show Parameter Settings in Synthesis Report" option in "Analysis and Synthesis Settings -> More Settings" to "Off".


+---------------------------------------------------------------------------------------------------------------------+
; Parameter Settings for User Entity Instance: Receiver:rx|varcic:varcic_inst_I1|cic_comb:cic_stages[0].cic_comb_inst ;
+----------------+-------+--------------------------------------------------------------------------------------------+
; Parameter Name ; Value ; Type                                                                                       ;
+----------------+-------+--------------------------------------------------------------------------------------------+
; WIDTH          ; 56    ; Signed Integer                                                                             ;
+----------------+-------+--------------------------------------------------------------------------------------------+
Note: In order to hide this table in the UI and the text report file, please set the "Show Parameter Settings in Synthesis Report" option in "Analysis and Synthesis Settings -> More Settings" to "Off".


+---------------------------------------------------------------------------------------------------------------------------------+
; Parameter Settings for User Entity Instance: Receiver:rx|varcic:varcic_inst_I1|cic_integrator:cic_stages[1].cic_integrator_inst ;
+----------------+-------+--------------------------------------------------------------------------------------------------------+
; Parameter Name ; Value ; Type                                                                                                   ;
+----------------+-------+--------------------------------------------------------------------------------------------------------+
; WIDTH          ; 56    ; Signed Integer                                                                                         ;
+----------------+-------+--------------------------------------------------------------------------------------------------------+
Note: In order to hide this table in the UI and the text report file, please set the "Show Parameter Settings in Synthesis Report" option in "Analysis and Synthesis Settings -> More Settings" to "Off".


+---------------------------------------------------------------------------------------------------------------------+
; Parameter Settings for User Entity Instance: Receiver:rx|varcic:varcic_inst_I1|cic_comb:cic_stages[1].cic_comb_inst ;
+----------------+-------+--------------------------------------------------------------------------------------------+
; Parameter Name ; Value ; Type                                                                                       ;
+----------------+-------+--------------------------------------------------------------------------------------------+
; WIDTH          ; 56    ; Signed Integer                                                                             ;
+----------------+-------+--------------------------------------------------------------------------------------------+
Note: In order to hide this table in the UI and the text report file, please set the "Show Parameter Settings in Synthesis Report" option in "Analysis and Synthesis Settings -> More Settings" to "Off".


+---------------------------------------------------------------------------------------------------------------------------------+
; Parameter Settings for User Entity Instance: Receiver:rx|varcic:varcic_inst_I1|cic_integrator:cic_stages[2].cic_integrator_inst ;
+----------------+-------+--------------------------------------------------------------------------------------------------------+
; Parameter Name ; Value ; Type                                                                                                   ;
+----------------+-------+--------------------------------------------------------------------------------------------------------+
; WIDTH          ; 56    ; Signed Integer                                                                                         ;
+----------------+-------+--------------------------------------------------------------------------------------------------------+
Note: In order to hide this table in the UI and the text report file, please set the "Show Parameter Settings in Synthesis Report" option in "Analysis and Synthesis Settings -> More Settings" to "Off".


+---------------------------------------------------------------------------------------------------------------------+
; Parameter Settings for User Entity Instance: Receiver:rx|varcic:varcic_inst_I1|cic_comb:cic_stages[2].cic_comb_inst ;
+----------------+-------+--------------------------------------------------------------------------------------------+
; Parameter Name ; Value ; Type                                                                                       ;
+----------------+-------+--------------------------------------------------------------------------------------------+
; WIDTH          ; 56    ; Signed Integer                                                                             ;
+----------------+-------+--------------------------------------------------------------------------------------------+
Note: In order to hide this table in the UI and the text report file, please set the "Show Parameter Settings in Synthesis Report" option in "Analysis and Synthesis Settings -> More Settings" to "Off".


+---------------------------------------------------------------------------------------------------------------------------------+
; Parameter Settings for User Entity Instance: Receiver:rx|varcic:varcic_inst_I1|cic_integrator:cic_stages[3].cic_integrator_inst ;
+----------------+-------+--------------------------------------------------------------------------------------------------------+
; Parameter Name ; Value ; Type                                                                                                   ;
+----------------+-------+--------------------------------------------------------------------------------------------------------+
; WIDTH          ; 56    ; Signed Integer                                                                                         ;
+----------------+-------+--------------------------------------------------------------------------------------------------------+
Note: In order to hide this table in the UI and the text report file, please set the "Show Parameter Settings in Synthesis Report" option in "Analysis and Synthesis Settings -> More Settings" to "Off".


+---------------------------------------------------------------------------------------------------------------------+
; Parameter Settings for User Entity Instance: Receiver:rx|varcic:varcic_inst_I1|cic_comb:cic_stages[3].cic_comb_inst ;
+----------------+-------+--------------------------------------------------------------------------------------------+
; Parameter Name ; Value ; Type                                                                                       ;
+----------------+-------+--------------------------------------------------------------------------------------------+
; WIDTH          ; 56    ; Signed Integer                                                                             ;
+----------------+-------+--------------------------------------------------------------------------------------------+
Note: In order to hide this table in the UI and the text report file, please set the "Show Parameter Settings in Synthesis Report" option in "Analysis and Synthesis Settings -> More Settings" to "Off".


+--------------------------------------------------------------------------------+
; Parameter Settings for User Entity Instance: Receiver:rx|varcic:varcic_inst_Q1 ;
+----------------+-------+-------------------------------------------------------+
; Parameter Name ; Value ; Type                                                  ;
+----------------+-------+-------------------------------------------------------+
; STAGES         ; 4     ; Signed Integer                                        ;
; DECIMATION     ; 32    ; Signed Integer                                        ;
; IN_WIDTH       ; 22    ; Signed Integer                                        ;
; ACC_WIDTH      ; 56    ; Signed Integer                                        ;
; OUT_WIDTH      ; 24    ; Signed Integer                                        ;
+----------------+-------+-------------------------------------------------------+
Note: In order to hide this table in the UI and the text report file, please set the "Show Parameter Settings in Synthesis Report" option in "Analysis and Synthesis Settings -> More Settings" to "Off".


+---------------------------------------------------------------------------------------------------------------------------------+
; Parameter Settings for User Entity Instance: Receiver:rx|varcic:varcic_inst_Q1|cic_integrator:cic_stages[0].cic_integrator_inst ;
+----------------+-------+--------------------------------------------------------------------------------------------------------+
; Parameter Name ; Value ; Type                                                                                                   ;
+----------------+-------+--------------------------------------------------------------------------------------------------------+
; WIDTH          ; 56    ; Signed Integer                                                                                         ;
+----------------+-------+--------------------------------------------------------------------------------------------------------+
Note: In order to hide this table in the UI and the text report file, please set the "Show Parameter Settings in Synthesis Report" option in "Analysis and Synthesis Settings -> More Settings" to "Off".


+---------------------------------------------------------------------------------------------------------------------+
; Parameter Settings for User Entity Instance: Receiver:rx|varcic:varcic_inst_Q1|cic_comb:cic_stages[0].cic_comb_inst ;
+----------------+-------+--------------------------------------------------------------------------------------------+
; Parameter Name ; Value ; Type                                                                                       ;
+----------------+-------+--------------------------------------------------------------------------------------------+
; WIDTH          ; 56    ; Signed Integer                                                                             ;
+----------------+-------+--------------------------------------------------------------------------------------------+
Note: In order to hide this table in the UI and the text report file, please set the "Show Parameter Settings in Synthesis Report" option in "Analysis and Synthesis Settings -> More Settings" to "Off".


+---------------------------------------------------------------------------------------------------------------------------------+
; Parameter Settings for User Entity Instance: Receiver:rx|varcic:varcic_inst_Q1|cic_integrator:cic_stages[1].cic_integrator_inst ;
+----------------+-------+--------------------------------------------------------------------------------------------------------+
; Parameter Name ; Value ; Type                                                                                                   ;
+----------------+-------+--------------------------------------------------------------------------------------------------------+
; WIDTH          ; 56    ; Signed Integer                                                                                         ;
+----------------+-------+--------------------------------------------------------------------------------------------------------+
Note: In order to hide this table in the UI and the text report file, please set the "Show Parameter Settings in Synthesis Report" option in "Analysis and Synthesis Settings -> More Settings" to "Off".


+---------------------------------------------------------------------------------------------------------------------+
; Parameter Settings for User Entity Instance: Receiver:rx|varcic:varcic_inst_Q1|cic_comb:cic_stages[1].cic_comb_inst ;
+----------------+-------+--------------------------------------------------------------------------------------------+
; Parameter Name ; Value ; Type                                                                                       ;
+----------------+-------+--------------------------------------------------------------------------------------------+
; WIDTH          ; 56    ; Signed Integer                                                                             ;
+----------------+-------+--------------------------------------------------------------------------------------------+
Note: In order to hide this table in the UI and the text report file, please set the "Show Parameter Settings in Synthesis Report" option in "Analysis and Synthesis Settings -> More Settings" to "Off".


+---------------------------------------------------------------------------------------------------------------------------------+
; Parameter Settings for User Entity Instance: Receiver:rx|varcic:varcic_inst_Q1|cic_integrator:cic_stages[2].cic_integrator_inst ;
+----------------+-------+--------------------------------------------------------------------------------------------------------+
; Parameter Name ; Value ; Type                                                                                                   ;
+----------------+-------+--------------------------------------------------------------------------------------------------------+
; WIDTH          ; 56    ; Signed Integer                                                                                         ;
+----------------+-------+--------------------------------------------------------------------------------------------------------+
Note: In order to hide this table in the UI and the text report file, please set the "Show Parameter Settings in Synthesis Report" option in "Analysis and Synthesis Settings -> More Settings" to "Off".


+---------------------------------------------------------------------------------------------------------------------+
; Parameter Settings for User Entity Instance: Receiver:rx|varcic:varcic_inst_Q1|cic_comb:cic_stages[2].cic_comb_inst ;
+----------------+-------+--------------------------------------------------------------------------------------------+
; Parameter Name ; Value ; Type                                                                                       ;
+----------------+-------+--------------------------------------------------------------------------------------------+
; WIDTH          ; 56    ; Signed Integer                                                                             ;
+----------------+-------+--------------------------------------------------------------------------------------------+
Note: In order to hide this table in the UI and the text report file, please set the "Show Parameter Settings in Synthesis Report" option in "Analysis and Synthesis Settings -> More Settings" to "Off".


+---------------------------------------------------------------------------------------------------------------------------------+
; Parameter Settings for User Entity Instance: Receiver:rx|varcic:varcic_inst_Q1|cic_integrator:cic_stages[3].cic_integrator_inst ;
+----------------+-------+--------------------------------------------------------------------------------------------------------+
; Parameter Name ; Value ; Type                                                                                                   ;
+----------------+-------+--------------------------------------------------------------------------------------------------------+
; WIDTH          ; 56    ; Signed Integer                                                                                         ;
+----------------+-------+--------------------------------------------------------------------------------------------------------+
Note: In order to hide this table in the UI and the text report file, please set the "Show Parameter Settings in Synthesis Report" option in "Analysis and Synthesis Settings -> More Settings" to "Off".


+---------------------------------------------------------------------------------------------------------------------+
; Parameter Settings for User Entity Instance: Receiver:rx|varcic:varcic_inst_Q1|cic_comb:cic_stages[3].cic_comb_inst ;
+----------------+-------+--------------------------------------------------------------------------------------------+
; Parameter Name ; Value ; Type                                                                                       ;
+----------------+-------+--------------------------------------------------------------------------------------------+
; WIDTH          ; 56    ; Signed Integer                                                                             ;
+----------------+-------+--------------------------------------------------------------------------------------------+
Note: In order to hide this table in the UI and the text report file, please set the "Show Parameter Settings in Synthesis Report" option in "Analysis and Synthesis Settings -> More Settings" to "Off".


+-------------------------------------------------------------------------------+
; Parameter Settings for User Entity Instance: Receiver:rx|memcic:memcic_inst_I ;
+----------------+-------+------------------------------------------------------+
; Parameter Name ; Value ; Type                                                 ;
+----------------+-------+------------------------------------------------------+
; STAGES         ; 13    ; Signed Integer                                       ;
; DECIMATION     ; 10    ; Signed Integer                                       ;
; ACC_WIDTH      ; 70    ; Signed Integer                                       ;
+----------------+-------+------------------------------------------------------+
Note: In order to hide this table in the UI and the text report file, please set the "Show Parameter Settings in Synthesis Report" option in "Analysis and Synthesis Settings -> More Settings" to "Off".


+------------------------------------------------------------------------------------------------------------------------------------------+
; Parameter Settings for User Entity Instance: Receiver:rx|memcic:memcic_inst_I|memcic_ram:memcic_ram_inst|altsyncram:altsyncram_component ;
+------------------------------------+----------------------+------------------------------------------------------------------------------+
; Parameter Name                     ; Value                ; Type                                                                         ;
+------------------------------------+----------------------+------------------------------------------------------------------------------+
; BYTE_SIZE_BLOCK                    ; 8                    ; Untyped                                                                      ;
; AUTO_CARRY_CHAINS                  ; ON                   ; AUTO_CARRY                                                                   ;
; IGNORE_CARRY_BUFFERS               ; OFF                  ; IGNORE_CARRY                                                                 ;
; AUTO_CASCADE_CHAINS                ; ON                   ; AUTO_CASCADE                                                                 ;
; IGNORE_CASCADE_BUFFERS             ; OFF                  ; IGNORE_CASCADE                                                               ;
; WIDTH_BYTEENA                      ; 1                    ; Untyped                                                                      ;
; OPERATION_MODE                     ; DUAL_PORT            ; Untyped                                                                      ;
; WIDTH_A                            ; 72                   ; Signed Integer                                                               ;
; WIDTHAD_A                          ; 5                    ; Signed Integer                                                               ;
; NUMWORDS_A                         ; 32                   ; Signed Integer                                                               ;
; OUTDATA_REG_A                      ; UNREGISTERED         ; Untyped                                                                      ;
; ADDRESS_ACLR_A                     ; NONE                 ; Untyped                                                                      ;
; OUTDATA_ACLR_A                     ; NONE                 ; Untyped                                                                      ;
; WRCONTROL_ACLR_A                   ; NONE                 ; Untyped                                                                      ;
; INDATA_ACLR_A                      ; NONE                 ; Untyped                                                                      ;
; BYTEENA_ACLR_A                     ; NONE                 ; Untyped                                                                      ;
; WIDTH_B                            ; 72                   ; Signed Integer                                                               ;
; WIDTHAD_B                          ; 5                    ; Signed Integer                                                               ;
; NUMWORDS_B                         ; 32                   ; Signed Integer                                                               ;
; INDATA_REG_B                       ; CLOCK1               ; Untyped                                                                      ;
; WRCONTROL_WRADDRESS_REG_B          ; CLOCK1               ; Untyped                                                                      ;
; RDCONTROL_REG_B                    ; CLOCK1               ; Untyped                                                                      ;
; ADDRESS_REG_B                      ; CLOCK0               ; Untyped                                                                      ;
; OUTDATA_REG_B                      ; CLOCK0               ; Untyped                                                                      ;
; BYTEENA_REG_B                      ; CLOCK1               ; Untyped                                                                      ;
; INDATA_ACLR_B                      ; NONE                 ; Untyped                                                                      ;
; WRCONTROL_ACLR_B                   ; NONE                 ; Untyped                                                                      ;
; ADDRESS_ACLR_B                     ; NONE                 ; Untyped                                                                      ;
; OUTDATA_ACLR_B                     ; NONE                 ; Untyped                                                                      ;
; RDCONTROL_ACLR_B                   ; NONE                 ; Untyped                                                                      ;
; BYTEENA_ACLR_B                     ; NONE                 ; Untyped                                                                      ;
; WIDTH_BYTEENA_A                    ; 1                    ; Signed Integer                                                               ;
; WIDTH_BYTEENA_B                    ; 1                    ; Untyped                                                                      ;
; RAM_BLOCK_TYPE                     ; M9K                  ; Untyped                                                                      ;
; BYTE_SIZE                          ; 8                    ; Untyped                                                                      ;
; READ_DURING_WRITE_MODE_MIXED_PORTS ; DONT_CARE            ; Untyped                                                                      ;
; READ_DURING_WRITE_MODE_PORT_A      ; NEW_DATA_NO_NBE_READ ; Untyped                                                                      ;
; READ_DURING_WRITE_MODE_PORT_B      ; NEW_DATA_NO_NBE_READ ; Untyped                                                                      ;
; INIT_FILE                          ; UNUSED               ; Untyped                                                                      ;
; INIT_FILE_LAYOUT                   ; PORT_A               ; Untyped                                                                      ;
; MAXIMUM_DEPTH                      ; 0                    ; Untyped                                                                      ;
; CLOCK_ENABLE_INPUT_A               ; BYPASS               ; Untyped                                                                      ;
; CLOCK_ENABLE_INPUT_B               ; BYPASS               ; Untyped                                                                      ;
; CLOCK_ENABLE_OUTPUT_A              ; NORMAL               ; Untyped                                                                      ;
; CLOCK_ENABLE_OUTPUT_B              ; BYPASS               ; Untyped                                                                      ;
; CLOCK_ENABLE_CORE_A                ; USE_INPUT_CLKEN      ; Untyped                                                                      ;
; CLOCK_ENABLE_CORE_B                ; USE_INPUT_CLKEN      ; Untyped                                                                      ;
; ENABLE_ECC                         ; FALSE                ; Untyped                                                                      ;
; ECC_PIPELINE_STAGE_ENABLED         ; FALSE                ; Untyped                                                                      ;
; WIDTH_ECCSTATUS                    ; 3                    ; Untyped                                                                      ;
; DEVICE_FAMILY                      ; Cyclone IV E         ; Untyped                                                                      ;
; CBXI_PARAMETER                     ; altsyncram_7bp1      ; Untyped                                                                      ;
+------------------------------------+----------------------+------------------------------------------------------------------------------+
Note: In order to hide this table in the UI and the text report file, please set the "Show Parameter Settings in Synthesis Report" option in "Analysis and Synthesis Settings -> More Settings" to "Off".


+-------------------------------------------------------------------------------+
; Parameter Settings for User Entity Instance: Receiver:rx|memcic:memcic_inst_Q ;
+----------------+-------+------------------------------------------------------+
; Parameter Name ; Value ; Type                                                 ;
+----------------+-------+------------------------------------------------------+
; STAGES         ; 13    ; Signed Integer                                       ;
; DECIMATION     ; 10    ; Signed Integer                                       ;
; ACC_WIDTH      ; 70    ; Signed Integer                                       ;
+----------------+-------+------------------------------------------------------+
Note: In order to hide this table in the UI and the text report file, please set the "Show Parameter Settings in Synthesis Report" option in "Analysis and Synthesis Settings -> More Settings" to "Off".


+------------------------------------------------------------------------------------------------------------------------------------------+
; Parameter Settings for User Entity Instance: Receiver:rx|memcic:memcic_inst_Q|memcic_ram:memcic_ram_inst|altsyncram:altsyncram_component ;
+------------------------------------+----------------------+------------------------------------------------------------------------------+
; Parameter Name                     ; Value                ; Type                                                                         ;
+------------------------------------+----------------------+------------------------------------------------------------------------------+
; BYTE_SIZE_BLOCK                    ; 8                    ; Untyped                                                                      ;
; AUTO_CARRY_CHAINS                  ; ON                   ; AUTO_CARRY                                                                   ;
; IGNORE_CARRY_BUFFERS               ; OFF                  ; IGNORE_CARRY                                                                 ;
; AUTO_CASCADE_CHAINS                ; ON                   ; AUTO_CASCADE                                                                 ;
; IGNORE_CASCADE_BUFFERS             ; OFF                  ; IGNORE_CASCADE                                                               ;
; WIDTH_BYTEENA                      ; 1                    ; Untyped                                                                      ;
; OPERATION_MODE                     ; DUAL_PORT            ; Untyped                                                                      ;
; WIDTH_A                            ; 72                   ; Signed Integer                                                               ;
; WIDTHAD_A                          ; 5                    ; Signed Integer                                                               ;
; NUMWORDS_A                         ; 32                   ; Signed Integer                                                               ;
; OUTDATA_REG_A                      ; UNREGISTERED         ; Untyped                                                                      ;
; ADDRESS_ACLR_A                     ; NONE                 ; Untyped                                                                      ;
; OUTDATA_ACLR_A                     ; NONE                 ; Untyped                                                                      ;
; WRCONTROL_ACLR_A                   ; NONE                 ; Untyped                                                                      ;
; INDATA_ACLR_A                      ; NONE                 ; Untyped                                                                      ;
; BYTEENA_ACLR_A                     ; NONE                 ; Untyped                                                                      ;
; WIDTH_B                            ; 72                   ; Signed Integer                                                               ;
; WIDTHAD_B                          ; 5                    ; Signed Integer                                                               ;
; NUMWORDS_B                         ; 32                   ; Signed Integer                                                               ;
; INDATA_REG_B                       ; CLOCK1               ; Untyped                                                                      ;
; WRCONTROL_WRADDRESS_REG_B          ; CLOCK1               ; Untyped                                                                      ;
; RDCONTROL_REG_B                    ; CLOCK1               ; Untyped                                                                      ;
; ADDRESS_REG_B                      ; CLOCK0               ; Untyped                                                                      ;
; OUTDATA_REG_B                      ; CLOCK0               ; Untyped                                                                      ;
; BYTEENA_REG_B                      ; CLOCK1               ; Untyped                                                                      ;
; INDATA_ACLR_B                      ; NONE                 ; Untyped                                                                      ;
; WRCONTROL_ACLR_B                   ; NONE                 ; Untyped                                                                      ;
; ADDRESS_ACLR_B                     ; NONE                 ; Untyped                                                                      ;
; OUTDATA_ACLR_B                     ; NONE                 ; Untyped                                                                      ;
; RDCONTROL_ACLR_B                   ; NONE                 ; Untyped                                                                      ;
; BYTEENA_ACLR_B                     ; NONE                 ; Untyped                                                                      ;
; WIDTH_BYTEENA_A                    ; 1                    ; Signed Integer                                                               ;
; WIDTH_BYTEENA_B                    ; 1                    ; Untyped                                                                      ;
; RAM_BLOCK_TYPE                     ; M9K                  ; Untyped                                                                      ;
; BYTE_SIZE                          ; 8                    ; Untyped                                                                      ;
; READ_DURING_WRITE_MODE_MIXED_PORTS ; DONT_CARE            ; Untyped                                                                      ;
; READ_DURING_WRITE_MODE_PORT_A      ; NEW_DATA_NO_NBE_READ ; Untyped                                                                      ;
; READ_DURING_WRITE_MODE_PORT_B      ; NEW_DATA_NO_NBE_READ ; Untyped                                                                      ;
; INIT_FILE                          ; UNUSED               ; Untyped                                                                      ;
; INIT_FILE_LAYOUT                   ; PORT_A               ; Untyped                                                                      ;
; MAXIMUM_DEPTH                      ; 0                    ; Untyped                                                                      ;
; CLOCK_ENABLE_INPUT_A               ; BYPASS               ; Untyped                                                                      ;
; CLOCK_ENABLE_INPUT_B               ; BYPASS               ; Untyped                                                                      ;
; CLOCK_ENABLE_OUTPUT_A              ; NORMAL               ; Untyped                                                                      ;
; CLOCK_ENABLE_OUTPUT_B              ; BYPASS               ; Untyped                                                                      ;
; CLOCK_ENABLE_CORE_A                ; USE_INPUT_CLKEN      ; Untyped                                                                      ;
; CLOCK_ENABLE_CORE_B                ; USE_INPUT_CLKEN      ; Untyped                                                                      ;
; ENABLE_ECC                         ; FALSE                ; Untyped                                                                      ;
; ECC_PIPELINE_STAGE_ENABLED         ; FALSE                ; Untyped                                                                      ;
; WIDTH_ECCSTATUS                    ; 3                    ; Untyped                                                                      ;
; DEVICE_FAMILY                      ; Cyclone IV E         ; Untyped                                                                      ;
; CBXI_PARAMETER                     ; altsyncram_7bp1      ; Untyped                                                                      ;
+------------------------------------+----------------------+------------------------------------------------------------------------------+
Note: In order to hide this table in the UI and the text report file, please set the "Show Parameter Settings in Synthesis Report" option in "Analysis and Synthesis Settings -> More Settings" to "Off".


+--------------------------------------------------------------------------------------------------------------------------------------------------------+
; Parameter Settings for User Entity Instance: Receiver:rx|fir_coeffs:fir_coeffs_inst|fir_coeffs_rom:fir_coeffs_rom_inst|altsyncram:altsyncram_component ;
+------------------------------------+----------------------+--------------------------------------------------------------------------------------------+
; Parameter Name                     ; Value                ; Type                                                                                       ;
+------------------------------------+----------------------+--------------------------------------------------------------------------------------------+
; BYTE_SIZE_BLOCK                    ; 8                    ; Untyped                                                                                    ;
; AUTO_CARRY_CHAINS                  ; ON                   ; AUTO_CARRY                                                                                 ;
; IGNORE_CARRY_BUFFERS               ; OFF                  ; IGNORE_CARRY                                                                               ;
; AUTO_CASCADE_CHAINS                ; ON                   ; AUTO_CASCADE                                                                               ;
; IGNORE_CASCADE_BUFFERS             ; OFF                  ; IGNORE_CASCADE                                                                             ;
; WIDTH_BYTEENA                      ; 1                    ; Untyped                                                                                    ;
; OPERATION_MODE                     ; ROM                  ; Untyped                                                                                    ;
; WIDTH_A                            ; 24                   ; Signed Integer                                                                             ;
; WIDTHAD_A                          ; 8                    ; Signed Integer                                                                             ;
; NUMWORDS_A                         ; 256                  ; Signed Integer                                                                             ;
; OUTDATA_REG_A                      ; CLOCK0               ; Untyped                                                                                    ;
; ADDRESS_ACLR_A                     ; NONE                 ; Untyped                                                                                    ;
; OUTDATA_ACLR_A                     ; NONE                 ; Untyped                                                                                    ;
; WRCONTROL_ACLR_A                   ; NONE                 ; Untyped                                                                                    ;
; INDATA_ACLR_A                      ; NONE                 ; Untyped                                                                                    ;
; BYTEENA_ACLR_A                     ; NONE                 ; Untyped                                                                                    ;
; WIDTH_B                            ; 1                    ; Untyped                                                                                    ;
; WIDTHAD_B                          ; 1                    ; Untyped                                                                                    ;
; NUMWORDS_B                         ; 1                    ; Untyped                                                                                    ;
; INDATA_REG_B                       ; CLOCK1               ; Untyped                                                                                    ;
; WRCONTROL_WRADDRESS_REG_B          ; CLOCK1               ; Untyped                                                                                    ;
; RDCONTROL_REG_B                    ; CLOCK1               ; Untyped                                                                                    ;
; ADDRESS_REG_B                      ; CLOCK1               ; Untyped                                                                                    ;
; OUTDATA_REG_B                      ; UNREGISTERED         ; Untyped                                                                                    ;
; BYTEENA_REG_B                      ; CLOCK1               ; Untyped                                                                                    ;
; INDATA_ACLR_B                      ; NONE                 ; Untyped                                                                                    ;
; WRCONTROL_ACLR_B                   ; NONE                 ; Untyped                                                                                    ;
; ADDRESS_ACLR_B                     ; NONE                 ; Untyped                                                                                    ;
; OUTDATA_ACLR_B                     ; NONE                 ; Untyped                                                                                    ;
; RDCONTROL_ACLR_B                   ; NONE                 ; Untyped                                                                                    ;
; BYTEENA_ACLR_B                     ; NONE                 ; Untyped                                                                                    ;
; WIDTH_BYTEENA_A                    ; 1                    ; Signed Integer                                                                             ;
; WIDTH_BYTEENA_B                    ; 1                    ; Untyped                                                                                    ;
; RAM_BLOCK_TYPE                     ; M9K                  ; Untyped                                                                                    ;
; BYTE_SIZE                          ; 8                    ; Untyped                                                                                    ;
; READ_DURING_WRITE_MODE_MIXED_PORTS ; DONT_CARE            ; Untyped                                                                                    ;
; READ_DURING_WRITE_MODE_PORT_A      ; NEW_DATA_NO_NBE_READ ; Untyped                                                                                    ;
; READ_DURING_WRITE_MODE_PORT_B      ; NEW_DATA_NO_NBE_READ ; Untyped                                                                                    ;
; INIT_FILE                          ; fir_coeffs_rom.hex   ; Untyped                                                                                    ;
; INIT_FILE_LAYOUT                   ; PORT_A               ; Untyped                                                                                    ;
; MAXIMUM_DEPTH                      ; 0                    ; Untyped                                                                                    ;
; CLOCK_ENABLE_INPUT_A               ; BYPASS               ; Untyped                                                                                    ;
; CLOCK_ENABLE_INPUT_B               ; NORMAL               ; Untyped                                                                                    ;
; CLOCK_ENABLE_OUTPUT_A              ; BYPASS               ; Untyped                                                                                    ;
; CLOCK_ENABLE_OUTPUT_B              ; NORMAL               ; Untyped                                                                                    ;
; CLOCK_ENABLE_CORE_A                ; USE_INPUT_CLKEN      ; Untyped                                                                                    ;
; CLOCK_ENABLE_CORE_B                ; USE_INPUT_CLKEN      ; Untyped                                                                                    ;
; ENABLE_ECC                         ; FALSE                ; Untyped                                                                                    ;
; ECC_PIPELINE_STAGE_ENABLED         ; FALSE                ; Untyped                                                                                    ;
; WIDTH_ECCSTATUS                    ; 3                    ; Untyped                                                                                    ;
; DEVICE_FAMILY                      ; Cyclone IV E         ; Untyped                                                                                    ;
; CBXI_PARAMETER                     ; altsyncram_nvb1      ; Untyped                                                                                    ;
+------------------------------------+----------------------+--------------------------------------------------------------------------------------------+
Note: In order to hide this table in the UI and the text report file, please set the "Show Parameter Settings in Synthesis Report" option in "Analysis and Synthesis Settings -> More Settings" to "Off".


+-------------------------------------------------------------------------+
; Parameter Settings for User Entity Instance: Receiver:rx|fir:fir_inst_I ;
+----------------+-------+------------------------------------------------+
; Parameter Name ; Value ; Type                                           ;
+----------------+-------+------------------------------------------------+
; OUT_WIDTH      ; 24    ; Signed Integer                                 ;
+----------------+-------+------------------------------------------------+
Note: In order to hide this table in the UI and the text report file, please set the "Show Parameter Settings in Synthesis Report" option in "Analysis and Synthesis Settings -> More Settings" to "Off".


+----------------------------------------------------------------------------------------------------------------------------------------------+
; Parameter Settings for User Entity Instance: Receiver:rx|fir:fir_inst_I|fir_shiftreg:fir_shiftreg_inst|altshift_taps:ALTSHIFT_TAPS_component ;
+----------------+----------------+------------------------------------------------------------------------------------------------------------+
; Parameter Name ; Value          ; Type                                                                                                       ;
+----------------+----------------+------------------------------------------------------------------------------------------------------------+
; WIDTH_BYTEENA  ; 1              ; Untyped                                                                                                    ;
; NUMBER_OF_TAPS ; 1              ; Signed Integer                                                                                             ;
; TAP_DISTANCE   ; 256            ; Signed Integer                                                                                             ;
; WIDTH          ; 25             ; Signed Integer                                                                                             ;
; POWER_UP_STATE ; CLEARED        ; Untyped                                                                                                    ;
; CBXI_PARAMETER ; shift_taps_frv ; Untyped                                                                                                    ;
+----------------+----------------+------------------------------------------------------------------------------------------------------------+
Note: In order to hide this table in the UI and the text report file, please set the "Show Parameter Settings in Synthesis Report" option in "Analysis and Synthesis Settings -> More Settings" to "Off".


+---------------------------------------------------------------------------------------------------------------------------------------------------------+
; Parameter Settings for User Entity Instance: Receiver:rx|fir:fir_inst_I|fir_mac:fir_mac_inst|mult_24Sx24S:mult_24Sx24S_inst|lpm_mult:lpm_mult_component ;
+------------------------------------------------+--------------+-----------------------------------------------------------------------------------------+
; Parameter Name                                 ; Value        ; Type                                                                                    ;
+------------------------------------------------+--------------+-----------------------------------------------------------------------------------------+
; AUTO_CARRY_CHAINS                              ; ON           ; AUTO_CARRY                                                                              ;
; IGNORE_CARRY_BUFFERS                           ; OFF          ; IGNORE_CARRY                                                                            ;
; AUTO_CASCADE_CHAINS                            ; ON           ; AUTO_CASCADE                                                                            ;
; IGNORE_CASCADE_BUFFERS                         ; OFF          ; IGNORE_CASCADE                                                                          ;
; LPM_WIDTHA                                     ; 24           ; Signed Integer                                                                          ;
; LPM_WIDTHB                                     ; 24           ; Signed Integer                                                                          ;
; LPM_WIDTHP                                     ; 48           ; Signed Integer                                                                          ;
; LPM_WIDTHR                                     ; 0            ; Untyped                                                                                 ;
; LPM_WIDTHS                                     ; 1            ; Untyped                                                                                 ;
; LPM_REPRESENTATION                             ; SIGNED       ; Untyped                                                                                 ;
; LPM_PIPELINE                                   ; 1            ; Signed Integer                                                                          ;
; LATENCY                                        ; 0            ; Untyped                                                                                 ;
; INPUT_A_IS_CONSTANT                            ; NO           ; Untyped                                                                                 ;
; INPUT_B_IS_CONSTANT                            ; NO           ; Untyped                                                                                 ;
; USE_EAB                                        ; OFF          ; Untyped                                                                                 ;
; MAXIMIZE_SPEED                                 ; 9            ; Untyped                                                                                 ;
; DEVICE_FAMILY                                  ; Cyclone IV E ; Untyped                                                                                 ;
; CARRY_CHAIN                                    ; MANUAL       ; Untyped                                                                                 ;
; APEX20K_TECHNOLOGY_MAPPER                      ; LUT          ; TECH_MAPPER_APEX20K                                                                     ;
; DEDICATED_MULTIPLIER_CIRCUITRY                 ; AUTO         ; Untyped                                                                                 ;
; DEDICATED_MULTIPLIER_MIN_INPUT_WIDTH_FOR_AUTO  ; 0            ; Untyped                                                                                 ;
; DEDICATED_MULTIPLIER_MIN_OUTPUT_WIDTH_FOR_AUTO ; 0            ; Untyped                                                                                 ;
; CBXI_PARAMETER                                 ; mult_okp     ; Untyped                                                                                 ;
; INPUT_A_FIXED_VALUE                            ; Bx           ; Untyped                                                                                 ;
; INPUT_B_FIXED_VALUE                            ; Bx           ; Untyped                                                                                 ;
; USE_AHDL_IMPLEMENTATION                        ; OFF          ; Untyped                                                                                 ;
+------------------------------------------------+--------------+-----------------------------------------------------------------------------------------+
Note: In order to hide this table in the UI and the text report file, please set the "Show Parameter Settings in Synthesis Report" option in "Analysis and Synthesis Settings -> More Settings" to "Off".


+-------------------------------------------------------------------------+
; Parameter Settings for User Entity Instance: Receiver:rx|fir:fir_inst_Q ;
+----------------+-------+------------------------------------------------+
; Parameter Name ; Value ; Type                                           ;
+----------------+-------+------------------------------------------------+
; OUT_WIDTH      ; 24    ; Signed Integer                                 ;
+----------------+-------+------------------------------------------------+
Note: In order to hide this table in the UI and the text report file, please set the "Show Parameter Settings in Synthesis Report" option in "Analysis and Synthesis Settings -> More Settings" to "Off".


+----------------------------------------------------------------------------------------------------------------------------------------------+
; Parameter Settings for User Entity Instance: Receiver:rx|fir:fir_inst_Q|fir_shiftreg:fir_shiftreg_inst|altshift_taps:ALTSHIFT_TAPS_component ;
+----------------+----------------+------------------------------------------------------------------------------------------------------------+
; Parameter Name ; Value          ; Type                                                                                                       ;
+----------------+----------------+------------------------------------------------------------------------------------------------------------+
; WIDTH_BYTEENA  ; 1              ; Untyped                                                                                                    ;
; NUMBER_OF_TAPS ; 1              ; Signed Integer                                                                                             ;
; TAP_DISTANCE   ; 256            ; Signed Integer                                                                                             ;
; WIDTH          ; 25             ; Signed Integer                                                                                             ;
; POWER_UP_STATE ; CLEARED        ; Untyped                                                                                                    ;
; CBXI_PARAMETER ; shift_taps_frv ; Untyped                                                                                                    ;
+----------------+----------------+------------------------------------------------------------------------------------------------------------+
Note: In order to hide this table in the UI and the text report file, please set the "Show Parameter Settings in Synthesis Report" option in "Analysis and Synthesis Settings -> More Settings" to "Off".


+---------------------------------------------------------------------------------------------------------------------------------------------------------+
; Parameter Settings for User Entity Instance: Receiver:rx|fir:fir_inst_Q|fir_mac:fir_mac_inst|mult_24Sx24S:mult_24Sx24S_inst|lpm_mult:lpm_mult_component ;
+------------------------------------------------+--------------+-----------------------------------------------------------------------------------------+
; Parameter Name                                 ; Value        ; Type                                                                                    ;
+------------------------------------------------+--------------+-----------------------------------------------------------------------------------------+
; AUTO_CARRY_CHAINS                              ; ON           ; AUTO_CARRY                                                                              ;
; IGNORE_CARRY_BUFFERS                           ; OFF          ; IGNORE_CARRY                                                                            ;
; AUTO_CASCADE_CHAINS                            ; ON           ; AUTO_CASCADE                                                                            ;
; IGNORE_CASCADE_BUFFERS                         ; OFF          ; IGNORE_CASCADE                                                                          ;
; LPM_WIDTHA                                     ; 24           ; Signed Integer                                                                          ;
; LPM_WIDTHB                                     ; 24           ; Signed Integer                                                                          ;
; LPM_WIDTHP                                     ; 48           ; Signed Integer                                                                          ;
; LPM_WIDTHR                                     ; 0            ; Untyped                                                                                 ;
; LPM_WIDTHS                                     ; 1            ; Untyped                                                                                 ;
; LPM_REPRESENTATION                             ; SIGNED       ; Untyped                                                                                 ;
; LPM_PIPELINE                                   ; 1            ; Signed Integer                                                                          ;
; LATENCY                                        ; 0            ; Untyped                                                                                 ;
; INPUT_A_IS_CONSTANT                            ; NO           ; Untyped                                                                                 ;
; INPUT_B_IS_CONSTANT                            ; NO           ; Untyped                                                                                 ;
; USE_EAB                                        ; OFF          ; Untyped                                                                                 ;
; MAXIMIZE_SPEED                                 ; 9            ; Untyped                                                                                 ;
; DEVICE_FAMILY                                  ; Cyclone IV E ; Untyped                                                                                 ;
; CARRY_CHAIN                                    ; MANUAL       ; Untyped                                                                                 ;
; APEX20K_TECHNOLOGY_MAPPER                      ; LUT          ; TECH_MAPPER_APEX20K                                                                     ;
; DEDICATED_MULTIPLIER_CIRCUITRY                 ; AUTO         ; Untyped                                                                                 ;
; DEDICATED_MULTIPLIER_MIN_INPUT_WIDTH_FOR_AUTO  ; 0            ; Untyped                                                                                 ;
; DEDICATED_MULTIPLIER_MIN_OUTPUT_WIDTH_FOR_AUTO ; 0            ; Untyped                                                                                 ;
; CBXI_PARAMETER                                 ; mult_okp     ; Untyped                                                                                 ;
; INPUT_A_FIXED_VALUE                            ; Bx           ; Untyped                                                                                 ;
; INPUT_B_FIXED_VALUE                            ; Bx           ; Untyped                                                                                 ;
; USE_AHDL_IMPLEMENTATION                        ; OFF          ; Untyped                                                                                 ;
+------------------------------------------------+--------------+-----------------------------------------------------------------------------------------+
Note: In order to hide this table in the UI and the text report file, please set the "Show Parameter Settings in Synthesis Report" option in "Analysis and Synthesis Settings -> More Settings" to "Off".


+-------------------------------------------------------------+
; Parameter Settings for User Entity Instance: Transmitter:tx ;
+----------------+------------------+-------------------------+
; Parameter Name ; Value            ; Type                    ;
+----------------+------------------+-------------------------+
; MAX_CW_LEVEL   ; 1001100001011000 ; Unsigned Binary         ;
+----------------+------------------+-------------------------+
Note: In order to hide this table in the UI and the text report file, please set the "Show Parameter Settings in Synthesis Report" option in "Analysis and Synthesis Settings -> More Settings" to "Off".


+------------------------------------------------------------------------------+
; Parameter Settings for User Entity Instance: Transmitter:tx|cdc_sync:re_data ;
+----------------+-------+-----------------------------------------------------+
; Parameter Name ; Value ; Type                                                ;
+----------------+-------+-----------------------------------------------------+
; SIZE           ; 16    ; Signed Integer                                      ;
+----------------+-------+-----------------------------------------------------+
Note: In order to hide this table in the UI and the text report file, please set the "Show Parameter Settings in Synthesis Report" option in "Analysis and Synthesis Settings -> More Settings" to "Off".


+------------------------------------------------------------------------------+
; Parameter Settings for User Entity Instance: Transmitter:tx|cdc_sync:im_data ;
+----------------+-------+-----------------------------------------------------+
; Parameter Name ; Value ; Type                                                ;
+----------------+-------+-----------------------------------------------------+
; SIZE           ; 16    ; Signed Integer                                      ;
+----------------+-------+-----------------------------------------------------+
Note: In order to hide this table in the UI and the text report file, please set the "Show Parameter Settings in Synthesis Report" option in "Analysis and Synthesis Settings -> More Settings" to "Off".


+--------------------------------------------------------------------------+
; Parameter Settings for User Entity Instance: Transmitter:tx|cdc_sync:c_w ;
+----------------+-------+-------------------------------------------------+
; Parameter Name ; Value ; Type                                            ;
+----------------+-------+-------------------------------------------------+
; SIZE           ; 1     ; Signed Integer                                  ;
+----------------+-------+-------------------------------------------------+
Note: In order to hide this table in the UI and the text report file, please set the "Show Parameter Settings in Synthesis Report" option in "Analysis and Synthesis Settings -> More Settings" to "Off".


+----------------------------------------------------------------------------+
; Parameter Settings for User Entity Instance: Transmitter:tx|cdc_sync:rst_t ;
+----------------+-------+---------------------------------------------------+
; Parameter Name ; Value ; Type                                              ;
+----------------+-------+---------------------------------------------------+
; SIZE           ; 1     ; Signed Integer                                    ;
+----------------+-------+---------------------------------------------------+
Note: In order to hide this table in the UI and the text report file, please set the "Show Parameter Settings in Synthesis Report" option in "Analysis and Synthesis Settings -> More Settings" to "Off".


+----------------------------------------------------------------------------+
; Parameter Settings for User Entity Instance: Transmitter:tx|cdc_sync:p_clk ;
+----------------+-------+---------------------------------------------------+
; Parameter Name ; Value ; Type                                              ;
+----------------+-------+---------------------------------------------------+
; SIZE           ; 1     ; Signed Integer                                    ;
+----------------+-------+---------------------------------------------------+
Note: In order to hide this table in the UI and the text report file, please set the "Show Parameter Settings in Synthesis Report" option in "Analysis and Synthesis Settings -> More Settings" to "Off".


+---------------------------------------------------------------------------+
; Parameter Settings for User Entity Instance: Transmitter:tx|FirInterp8:fi ;
+----------------+------------+---------------------------------------------+
; Parameter Name ; Value      ; Type                                        ;
+----------------+------------+---------------------------------------------+
; OBITS          ; 20         ; Signed Integer                              ;
; ABITS          ; 24         ; Signed Integer                              ;
; NTAPS          ; 1000000000 ; Unsigned Binary                             ;
; NTAPS_BITS     ; 9          ; Signed Integer                              ;
; rWait          ; 0          ; Signed Integer                              ;
; rAddr          ; 1          ; Signed Integer                              ;
; rAddrA         ; 2          ; Signed Integer                              ;
; rAddrB         ; 3          ; Signed Integer                              ;
; rRun           ; 4          ; Signed Integer                              ;
; rDone          ; 5          ; Signed Integer                              ;
; rEnd1          ; 6          ; Signed Integer                              ;
; rEnd2          ; 7          ; Signed Integer                              ;
; rEnd3          ; 8          ; Signed Integer                              ;
; rEnd4          ; 9          ; Signed Integer                              ;
+----------------+------------+---------------------------------------------+
Note: In order to hide this table in the UI and the text report file, please set the "Show Parameter Settings in Synthesis Report" option in "Analysis and Synthesis Settings -> More Settings" to "Off".


+-----------------------------------------------------------------------------------------------------------------------+
; Parameter Settings for User Entity Instance: Transmitter:tx|FirInterp8:fi|firromI:rom|altsyncram:altsyncram_component ;
+------------------------------------+----------------------+-----------------------------------------------------------+
; Parameter Name                     ; Value                ; Type                                                      ;
+------------------------------------+----------------------+-----------------------------------------------------------+
; BYTE_SIZE_BLOCK                    ; 8                    ; Untyped                                                   ;
; AUTO_CARRY_CHAINS                  ; ON                   ; AUTO_CARRY                                                ;
; IGNORE_CARRY_BUFFERS               ; OFF                  ; IGNORE_CARRY                                              ;
; AUTO_CASCADE_CHAINS                ; ON                   ; AUTO_CASCADE                                              ;
; IGNORE_CASCADE_BUFFERS             ; OFF                  ; IGNORE_CASCADE                                            ;
; WIDTH_BYTEENA                      ; 1                    ; Untyped                                                   ;
; OPERATION_MODE                     ; ROM                  ; Untyped                                                   ;
; WIDTH_A                            ; 18                   ; Signed Integer                                            ;
; WIDTHAD_A                          ; 9                    ; Signed Integer                                            ;
; NUMWORDS_A                         ; 512                  ; Signed Integer                                            ;
; OUTDATA_REG_A                      ; CLOCK0               ; Untyped                                                   ;
; ADDRESS_ACLR_A                     ; NONE                 ; Untyped                                                   ;
; OUTDATA_ACLR_A                     ; NONE                 ; Untyped                                                   ;
; WRCONTROL_ACLR_A                   ; NONE                 ; Untyped                                                   ;
; INDATA_ACLR_A                      ; NONE                 ; Untyped                                                   ;
; BYTEENA_ACLR_A                     ; NONE                 ; Untyped                                                   ;
; WIDTH_B                            ; 1                    ; Untyped                                                   ;
; WIDTHAD_B                          ; 1                    ; Untyped                                                   ;
; NUMWORDS_B                         ; 1                    ; Untyped                                                   ;
; INDATA_REG_B                       ; CLOCK1               ; Untyped                                                   ;
; WRCONTROL_WRADDRESS_REG_B          ; CLOCK1               ; Untyped                                                   ;
; RDCONTROL_REG_B                    ; CLOCK1               ; Untyped                                                   ;
; ADDRESS_REG_B                      ; CLOCK1               ; Untyped                                                   ;
; OUTDATA_REG_B                      ; UNREGISTERED         ; Untyped                                                   ;
; BYTEENA_REG_B                      ; CLOCK1               ; Untyped                                                   ;
; INDATA_ACLR_B                      ; NONE                 ; Untyped                                                   ;
; WRCONTROL_ACLR_B                   ; NONE                 ; Untyped                                                   ;
; ADDRESS_ACLR_B                     ; NONE                 ; Untyped                                                   ;
; OUTDATA_ACLR_B                     ; NONE                 ; Untyped                                                   ;
; RDCONTROL_ACLR_B                   ; NONE                 ; Untyped                                                   ;
; BYTEENA_ACLR_B                     ; NONE                 ; Untyped                                                   ;
; WIDTH_BYTEENA_A                    ; 1                    ; Signed Integer                                            ;
; WIDTH_BYTEENA_B                    ; 1                    ; Untyped                                                   ;
; RAM_BLOCK_TYPE                     ; M9K                  ; Untyped                                                   ;
; BYTE_SIZE                          ; 8                    ; Untyped                                                   ;
; READ_DURING_WRITE_MODE_MIXED_PORTS ; DONT_CARE            ; Untyped                                                   ;
; READ_DURING_WRITE_MODE_PORT_A      ; NEW_DATA_NO_NBE_READ ; Untyped                                                   ;
; READ_DURING_WRITE_MODE_PORT_B      ; NEW_DATA_NO_NBE_READ ; Untyped                                                   ;
; INIT_FILE                          ; coefI8.mif           ; Untyped                                                   ;
; INIT_FILE_LAYOUT                   ; PORT_A               ; Untyped                                                   ;
; MAXIMUM_DEPTH                      ; 0                    ; Untyped                                                   ;
; CLOCK_ENABLE_INPUT_A               ; BYPASS               ; Untyped                                                   ;
; CLOCK_ENABLE_INPUT_B               ; NORMAL               ; Untyped                                                   ;
; CLOCK_ENABLE_OUTPUT_A              ; BYPASS               ; Untyped                                                   ;
; CLOCK_ENABLE_OUTPUT_B              ; NORMAL               ; Untyped                                                   ;
; CLOCK_ENABLE_CORE_A                ; USE_INPUT_CLKEN      ; Untyped                                                   ;
; CLOCK_ENABLE_CORE_B                ; USE_INPUT_CLKEN      ; Untyped                                                   ;
; ENABLE_ECC                         ; FALSE                ; Untyped                                                   ;
; ECC_PIPELINE_STAGE_ENABLED         ; FALSE                ; Untyped                                                   ;
; WIDTH_ECCSTATUS                    ; 3                    ; Untyped                                                   ;
; DEVICE_FAMILY                      ; Cyclone IV E         ; Untyped                                                   ;
; CBXI_PARAMETER                     ; altsyncram_83b1      ; Untyped                                                   ;
+------------------------------------+----------------------+-----------------------------------------------------------+
Note: In order to hide this table in the UI and the text report file, please set the "Show Parameter Settings in Synthesis Report" option in "Analysis and Synthesis Settings -> More Settings" to "Off".


+-------------------------------------------------------------------------------------------------------------------------+
; Parameter Settings for User Entity Instance: Transmitter:tx|FirInterp8:fi|firram36I:ram|altsyncram:altsyncram_component ;
+------------------------------------+----------------------+-------------------------------------------------------------+
; Parameter Name                     ; Value                ; Type                                                        ;
+------------------------------------+----------------------+-------------------------------------------------------------+
; BYTE_SIZE_BLOCK                    ; 8                    ; Untyped                                                     ;
; AUTO_CARRY_CHAINS                  ; ON                   ; AUTO_CARRY                                                  ;
; IGNORE_CARRY_BUFFERS               ; OFF                  ; IGNORE_CARRY                                                ;
; AUTO_CASCADE_CHAINS                ; ON                   ; AUTO_CASCADE                                                ;
; IGNORE_CASCADE_BUFFERS             ; OFF                  ; IGNORE_CASCADE                                              ;
; WIDTH_BYTEENA                      ; 1                    ; Untyped                                                     ;
; OPERATION_MODE                     ; DUAL_PORT            ; Untyped                                                     ;
; WIDTH_A                            ; 36                   ; Signed Integer                                              ;
; WIDTHAD_A                          ; 6                    ; Signed Integer                                              ;
; NUMWORDS_A                         ; 64                   ; Signed Integer                                              ;
; OUTDATA_REG_A                      ; UNREGISTERED         ; Untyped                                                     ;
; ADDRESS_ACLR_A                     ; NONE                 ; Untyped                                                     ;
; OUTDATA_ACLR_A                     ; NONE                 ; Untyped                                                     ;
; WRCONTROL_ACLR_A                   ; NONE                 ; Untyped                                                     ;
; INDATA_ACLR_A                      ; NONE                 ; Untyped                                                     ;
; BYTEENA_ACLR_A                     ; NONE                 ; Untyped                                                     ;
; WIDTH_B                            ; 36                   ; Signed Integer                                              ;
; WIDTHAD_B                          ; 6                    ; Signed Integer                                              ;
; NUMWORDS_B                         ; 64                   ; Signed Integer                                              ;
; INDATA_REG_B                       ; CLOCK1               ; Untyped                                                     ;
; WRCONTROL_WRADDRESS_REG_B          ; CLOCK1               ; Untyped                                                     ;
; RDCONTROL_REG_B                    ; CLOCK1               ; Untyped                                                     ;
; ADDRESS_REG_B                      ; CLOCK0               ; Untyped                                                     ;
; OUTDATA_REG_B                      ; CLOCK0               ; Untyped                                                     ;
; BYTEENA_REG_B                      ; CLOCK1               ; Untyped                                                     ;
; INDATA_ACLR_B                      ; NONE                 ; Untyped                                                     ;
; WRCONTROL_ACLR_B                   ; NONE                 ; Untyped                                                     ;
; ADDRESS_ACLR_B                     ; NONE                 ; Untyped                                                     ;
; OUTDATA_ACLR_B                     ; NONE                 ; Untyped                                                     ;
; RDCONTROL_ACLR_B                   ; NONE                 ; Untyped                                                     ;
; BYTEENA_ACLR_B                     ; NONE                 ; Untyped                                                     ;
; WIDTH_BYTEENA_A                    ; 1                    ; Signed Integer                                              ;
; WIDTH_BYTEENA_B                    ; 1                    ; Untyped                                                     ;
; RAM_BLOCK_TYPE                     ; M9K                  ; Untyped                                                     ;
; BYTE_SIZE                          ; 8                    ; Untyped                                                     ;
; READ_DURING_WRITE_MODE_MIXED_PORTS ; DONT_CARE            ; Untyped                                                     ;
; READ_DURING_WRITE_MODE_PORT_A      ; NEW_DATA_NO_NBE_READ ; Untyped                                                     ;
; READ_DURING_WRITE_MODE_PORT_B      ; NEW_DATA_NO_NBE_READ ; Untyped                                                     ;
; INIT_FILE                          ; UNUSED               ; Untyped                                                     ;
; INIT_FILE_LAYOUT                   ; PORT_A               ; Untyped                                                     ;
; MAXIMUM_DEPTH                      ; 0                    ; Untyped                                                     ;
; CLOCK_ENABLE_INPUT_A               ; BYPASS               ; Untyped                                                     ;
; CLOCK_ENABLE_INPUT_B               ; BYPASS               ; Untyped                                                     ;
; CLOCK_ENABLE_OUTPUT_A              ; NORMAL               ; Untyped                                                     ;
; CLOCK_ENABLE_OUTPUT_B              ; BYPASS               ; Untyped                                                     ;
; CLOCK_ENABLE_CORE_A                ; USE_INPUT_CLKEN      ; Untyped                                                     ;
; CLOCK_ENABLE_CORE_B                ; USE_INPUT_CLKEN      ; Untyped                                                     ;
; ENABLE_ECC                         ; FALSE                ; Untyped                                                     ;
; ECC_PIPELINE_STAGE_ENABLED         ; FALSE                ; Untyped                                                     ;
; WIDTH_ECCSTATUS                    ; 3                    ; Untyped                                                     ;
; DEVICE_FAMILY                      ; Cyclone IV E         ; Untyped                                                     ;
; CBXI_PARAMETER                     ; altsyncram_jbp1      ; Untyped                                                     ;
+------------------------------------+----------------------+-------------------------------------------------------------+
Note: In order to hide this table in the UI and the text report file, please set the "Show Parameter Settings in Synthesis Report" option in "Analysis and Synthesis Settings -> More Settings" to "Off".


+-----------------------------------------------------------------------------+
; Parameter Settings for User Entity Instance: Transmitter:tx|CicInterpM5:in2 ;
+----------------+-------+----------------------------------------------------+
; Parameter Name ; Value ; Type                                               ;
+----------------+-------+----------------------------------------------------+
; RRRR           ; 320   ; Signed Integer                                     ;
; IBITS          ; 20    ; Signed Integer                                     ;
; OBITS          ; 20    ; Signed Integer                                     ;
; GBITS          ; 34    ; Signed Integer                                     ;
+----------------+-------+----------------------------------------------------+
Note: In order to hide this table in the UI and the text report file, please set the "Show Parameter Settings in Synthesis Report" option in "Analysis and Synthesis Settings -> More Settings" to "Off".


+------------------------------------------------------------------------------------------------------------+
; Parameter Settings for User Entity Instance: Transmitter:tx|profile:cw_pro|altsyncram:altsyncram_component ;
+------------------------------------+----------------------+------------------------------------------------+
; Parameter Name                     ; Value                ; Type                                           ;
+------------------------------------+----------------------+------------------------------------------------+
; BYTE_SIZE_BLOCK                    ; 8                    ; Untyped                                        ;
; AUTO_CARRY_CHAINS                  ; ON                   ; AUTO_CARRY                                     ;
; IGNORE_CARRY_BUFFERS               ; OFF                  ; IGNORE_CARRY                                   ;
; AUTO_CASCADE_CHAINS                ; ON                   ; AUTO_CASCADE                                   ;
; IGNORE_CASCADE_BUFFERS             ; OFF                  ; IGNORE_CASCADE                                 ;
; WIDTH_BYTEENA                      ; 1                    ; Untyped                                        ;
; OPERATION_MODE                     ; ROM                  ; Untyped                                        ;
; WIDTH_A                            ; 16                   ; Signed Integer                                 ;
; WIDTHAD_A                          ; 9                    ; Signed Integer                                 ;
; NUMWORDS_A                         ; 512                  ; Signed Integer                                 ;
; OUTDATA_REG_A                      ; CLOCK0               ; Untyped                                        ;
; ADDRESS_ACLR_A                     ; NONE                 ; Untyped                                        ;
; OUTDATA_ACLR_A                     ; NONE                 ; Untyped                                        ;
; WRCONTROL_ACLR_A                   ; NONE                 ; Untyped                                        ;
; INDATA_ACLR_A                      ; NONE                 ; Untyped                                        ;
; BYTEENA_ACLR_A                     ; NONE                 ; Untyped                                        ;
; WIDTH_B                            ; 1                    ; Untyped                                        ;
; WIDTHAD_B                          ; 1                    ; Untyped                                        ;
; NUMWORDS_B                         ; 1                    ; Untyped                                        ;
; INDATA_REG_B                       ; CLOCK1               ; Untyped                                        ;
; WRCONTROL_WRADDRESS_REG_B          ; CLOCK1               ; Untyped                                        ;
; RDCONTROL_REG_B                    ; CLOCK1               ; Untyped                                        ;
; ADDRESS_REG_B                      ; CLOCK1               ; Untyped                                        ;
; OUTDATA_REG_B                      ; UNREGISTERED         ; Untyped                                        ;
; BYTEENA_REG_B                      ; CLOCK1               ; Untyped                                        ;
; INDATA_ACLR_B                      ; NONE                 ; Untyped                                        ;
; WRCONTROL_ACLR_B                   ; NONE                 ; Untyped                                        ;
; ADDRESS_ACLR_B                     ; NONE                 ; Untyped                                        ;
; OUTDATA_ACLR_B                     ; NONE                 ; Untyped                                        ;
; RDCONTROL_ACLR_B                   ; NONE                 ; Untyped                                        ;
; BYTEENA_ACLR_B                     ; NONE                 ; Untyped                                        ;
; WIDTH_BYTEENA_A                    ; 1                    ; Signed Integer                                 ;
; WIDTH_BYTEENA_B                    ; 1                    ; Untyped                                        ;
; RAM_BLOCK_TYPE                     ; M9K                  ; Untyped                                        ;
; BYTE_SIZE                          ; 8                    ; Untyped                                        ;
; READ_DURING_WRITE_MODE_MIXED_PORTS ; DONT_CARE            ; Untyped                                        ;
; READ_DURING_WRITE_MODE_PORT_A      ; NEW_DATA_NO_NBE_READ ; Untyped                                        ;
; READ_DURING_WRITE_MODE_PORT_B      ; NEW_DATA_NO_NBE_READ ; Untyped                                        ;
; INIT_FILE                          ; profile.mif          ; Untyped                                        ;
; INIT_FILE_LAYOUT                   ; PORT_A               ; Untyped                                        ;
; MAXIMUM_DEPTH                      ; 0                    ; Untyped                                        ;
; CLOCK_ENABLE_INPUT_A               ; BYPASS               ; Untyped                                        ;
; CLOCK_ENABLE_INPUT_B               ; NORMAL               ; Untyped                                        ;
; CLOCK_ENABLE_OUTPUT_A              ; BYPASS               ; Untyped                                        ;
; CLOCK_ENABLE_OUTPUT_B              ; NORMAL               ; Untyped                                        ;
; CLOCK_ENABLE_CORE_A                ; USE_INPUT_CLKEN      ; Untyped                                        ;
; CLOCK_ENABLE_CORE_B                ; USE_INPUT_CLKEN      ; Untyped                                        ;
; ENABLE_ECC                         ; FALSE                ; Untyped                                        ;
; ECC_PIPELINE_STAGE_ENABLED         ; FALSE                ; Untyped                                        ;
; WIDTH_ECCSTATUS                    ; 3                    ; Untyped                                        ;
; DEVICE_FAMILY                      ; Cyclone IV E         ; Untyped                                        ;
; CBXI_PARAMETER                     ; altsyncram_p8b1      ; Untyped                                        ;
+------------------------------------+----------------------+------------------------------------------------+
Note: In order to hide this table in the UI and the text report file, please set the "Show Parameter Settings in Synthesis Report" option in "Analysis and Synthesis Settings -> More Settings" to "Off".


+----------------------------------------------------------------------------------------------------------------+
; Parameter Settings for User Entity Instance: Transmitter:tx|mult_16x16_uns:cw_mult|lpm_mult:lpm_mult_component ;
+------------------------------------------------+--------------+------------------------------------------------+
; Parameter Name                                 ; Value        ; Type                                           ;
+------------------------------------------------+--------------+------------------------------------------------+
; AUTO_CARRY_CHAINS                              ; ON           ; AUTO_CARRY                                     ;
; IGNORE_CARRY_BUFFERS                           ; OFF          ; IGNORE_CARRY                                   ;
; AUTO_CASCADE_CHAINS                            ; ON           ; AUTO_CASCADE                                   ;
; IGNORE_CASCADE_BUFFERS                         ; OFF          ; IGNORE_CASCADE                                 ;
; LPM_WIDTHA                                     ; 16           ; Signed Integer                                 ;
; LPM_WIDTHB                                     ; 16           ; Signed Integer                                 ;
; LPM_WIDTHP                                     ; 16           ; Signed Integer                                 ;
; LPM_WIDTHR                                     ; 0            ; Untyped                                        ;
; LPM_WIDTHS                                     ; 1            ; Untyped                                        ;
; LPM_REPRESENTATION                             ; UNSIGNED     ; Untyped                                        ;
; LPM_PIPELINE                                   ; 0            ; Untyped                                        ;
; LATENCY                                        ; 0            ; Untyped                                        ;
; INPUT_A_IS_CONSTANT                            ; NO           ; Untyped                                        ;
; INPUT_B_IS_CONSTANT                            ; NO           ; Untyped                                        ;
; USE_EAB                                        ; OFF          ; Untyped                                        ;
; MAXIMIZE_SPEED                                 ; 9            ; Untyped                                        ;
; DEVICE_FAMILY                                  ; Cyclone IV E ; Untyped                                        ;
; CARRY_CHAIN                                    ; MANUAL       ; Untyped                                        ;
; APEX20K_TECHNOLOGY_MAPPER                      ; LUT          ; TECH_MAPPER_APEX20K                            ;
; DEDICATED_MULTIPLIER_CIRCUITRY                 ; YES          ; Untyped                                        ;
; DEDICATED_MULTIPLIER_MIN_INPUT_WIDTH_FOR_AUTO  ; 0            ; Untyped                                        ;
; DEDICATED_MULTIPLIER_MIN_OUTPUT_WIDTH_FOR_AUTO ; 0            ; Untyped                                        ;
; CBXI_PARAMETER                                 ; mult_a3r     ; Untyped                                        ;
; INPUT_A_FIXED_VALUE                            ; Bx           ; Untyped                                        ;
; INPUT_B_FIXED_VALUE                            ; Bx           ; Untyped                                        ;
; USE_AHDL_IMPLEMENTATION                        ; OFF          ; Untyped                                        ;
+------------------------------------------------+--------------+------------------------------------------------+
Note: In order to hide this table in the UI and the text report file, please set the "Show Parameter Settings in Synthesis Report" option in "Analysis and Synthesis Settings -> More Settings" to "Off".


+-----------------------------------------------------------------------------------+
; Parameter Settings for User Entity Instance: Transmitter:tx|cordic_tx:cordic_inst ;
+----------------+-------+----------------------------------------------------------+
; Parameter Name ; Value ; Type                                                     ;
+----------------+-------+----------------------------------------------------------+
; IN_WIDTH       ; 16    ; Signed Integer                                           ;
; EXTRA_BITS     ; 5     ; Signed Integer                                           ;
; OUT_WIDTH      ; 16    ; Signed Integer                                           ;
+----------------+-------+----------------------------------------------------------+
Note: In order to hide this table in the UI and the text report file, please set the "Show Parameter Settings in Synthesis Report" option in "Analysis and Synthesis Settings -> More Settings" to "Off".


+------------------------------------------------------------+
; Parameter Settings for User Entity Instance: cdc_sync:done ;
+----------------+-------+-----------------------------------+
; Parameter Name ; Value ; Type                              ;
+----------------+-------+-----------------------------------+
; SIZE           ; 1     ; Signed Integer                    ;
+----------------+-------+-----------------------------------+
Note: In order to hide this table in the UI and the text report file, please set the "Show Parameter Settings in Synthesis Report" option in "Analysis and Synthesis Settings -> More Settings" to "Off".


+------------------------------------------------------------+
; Parameter Settings for User Entity Instance: cdc_sync:cont ;
+----------------+-------+-----------------------------------+
; Parameter Name ; Value ; Type                              ;
+----------------+-------+-----------------------------------+
; SIZE           ; 64    ; Signed Integer                    ;
+----------------+-------+-----------------------------------+
Note: In order to hide this table in the UI and the text report file, please set the "Show Parameter Settings in Synthesis Report" option in "Analysis and Synthesis Settings -> More Settings" to "Off".


+------------------------------------------------------------+
; Parameter Settings for User Entity Instance: spi_slave:spi ;
+----------------+-------+-----------------------------------+
; Parameter Name ; Value ; Type                              ;
+----------------+-------+-----------------------------------+
; WIDTH          ; 64    ; Signed Integer                    ;
+----------------+-------+-----------------------------------+
Note: In order to hide this table in the UI and the text report file, please set the "Show Parameter Settings in Synthesis Report" option in "Analysis and Synthesis Settings -> More Settings" to "Off".


+------------------------------------------------------------------------------+
; Parameter Settings for User Entity Instance: fifo:fm|dcfifo:dcfifo_component ;
+-------------------------+--------------+-------------------------------------+
; Parameter Name          ; Value        ; Type                                ;
+-------------------------+--------------+-------------------------------------+
; WIDTH_BYTEENA           ; 1            ; Untyped                             ;
; AUTO_CARRY_CHAINS       ; ON           ; AUTO_CARRY                          ;
; IGNORE_CARRY_BUFFERS    ; OFF          ; IGNORE_CARRY                        ;
; AUTO_CASCADE_CHAINS     ; ON           ; AUTO_CASCADE                        ;
; IGNORE_CASCADE_BUFFERS  ; OFF          ; IGNORE_CASCADE                      ;
; LPM_WIDTH               ; 64           ; Signed Integer                      ;
; LPM_NUMWORDS            ; 2048         ; Signed Integer                      ;
; LPM_WIDTHU              ; 11           ; Signed Integer                      ;
; LPM_SHOWAHEAD           ; OFF          ; Untyped                             ;
; UNDERFLOW_CHECKING      ; ON           ; Untyped                             ;
; OVERFLOW_CHECKING       ; ON           ; Untyped                             ;
; USE_EAB                 ; ON           ; Untyped                             ;
; ADD_RAM_OUTPUT_REGISTER ; OFF          ; Untyped                             ;
; ENABLE_ECC              ; FALSE        ; Untyped                             ;
; DELAY_RDUSEDW           ; 1            ; Untyped                             ;
; DELAY_WRUSEDW           ; 1            ; Untyped                             ;
; RDSYNC_DELAYPIPE        ; 4            ; Signed Integer                      ;
; WRSYNC_DELAYPIPE        ; 4            ; Signed Integer                      ;
; CLOCKS_ARE_SYNCHRONIZED ; FALSE        ; Untyped                             ;
; MAXIMIZE_SPEED          ; 5            ; Untyped                             ;
; DEVICE_FAMILY           ; Cyclone IV E ; Untyped                             ;
; ADD_USEDW_MSB_BIT       ; OFF          ; Untyped                             ;
; WRITE_ACLR_SYNCH        ; OFF          ; Untyped                             ;
; READ_ACLR_SYNCH         ; OFF          ; Untyped                             ;
; CBXI_PARAMETER          ; dcfifo_5ti1  ; Untyped                             ;
+-------------------------+--------------+-------------------------------------+
Note: In order to hide this table in the UI and the text report file, please set the "Show Parameter Settings in Synthesis Report" option in "Analysis and Synthesis Settings -> More Settings" to "Off".


+----------------------------------------------------------------------------------------------+
; Parameter Settings for Inferred Entity Instance: Transmitter:tx|FirInterp8:fi|lpm_mult:Mult1 ;
+------------------------------------------------+--------------+------------------------------+
; Parameter Name                                 ; Value        ; Type                         ;
+------------------------------------------------+--------------+------------------------------+
; AUTO_CARRY_CHAINS                              ; ON           ; AUTO_CARRY                   ;
; IGNORE_CARRY_BUFFERS                           ; OFF          ; IGNORE_CARRY                 ;
; AUTO_CASCADE_CHAINS                            ; ON           ; AUTO_CASCADE                 ;
; IGNORE_CASCADE_BUFFERS                         ; OFF          ; IGNORE_CASCADE               ;
; LPM_WIDTHA                                     ; 18           ; Untyped                      ;
; LPM_WIDTHB                                     ; 18           ; Untyped                      ;
; LPM_WIDTHP                                     ; 36           ; Untyped                      ;
; LPM_WIDTHR                                     ; 36           ; Untyped                      ;
; LPM_WIDTHS                                     ; 1            ; Untyped                      ;
; LPM_REPRESENTATION                             ; SIGNED       ; Untyped                      ;
; LPM_PIPELINE                                   ; 0            ; Untyped                      ;
; LATENCY                                        ; 0            ; Untyped                      ;
; INPUT_A_IS_CONSTANT                            ; NO           ; Untyped                      ;
; INPUT_B_IS_CONSTANT                            ; NO           ; Untyped                      ;
; USE_EAB                                        ; OFF          ; Untyped                      ;
; MAXIMIZE_SPEED                                 ; 6            ; Untyped                      ;
; DEVICE_FAMILY                                  ; Cyclone IV E ; Untyped                      ;
; CARRY_CHAIN                                    ; MANUAL       ; Untyped                      ;
; APEX20K_TECHNOLOGY_MAPPER                      ; LUT          ; TECH_MAPPER_APEX20K          ;
; DEDICATED_MULTIPLIER_CIRCUITRY                 ; AUTO         ; Untyped                      ;
; DEDICATED_MULTIPLIER_MIN_INPUT_WIDTH_FOR_AUTO  ; 0            ; Untyped                      ;
; DEDICATED_MULTIPLIER_MIN_OUTPUT_WIDTH_FOR_AUTO ; 0            ; Untyped                      ;
; CBXI_PARAMETER                                 ; mult_c6t     ; Untyped                      ;
; INPUT_A_FIXED_VALUE                            ; Bx           ; Untyped                      ;
; INPUT_B_FIXED_VALUE                            ; Bx           ; Untyped                      ;
; USE_AHDL_IMPLEMENTATION                        ; OFF          ; Untyped                      ;
+------------------------------------------------+--------------+------------------------------+
Note: In order to hide this table in the UI and the text report file, please set the "Show Parameter Settings in Synthesis Report" option in "Analysis and Synthesis Settings -> More Settings" to "Off".


+----------------------------------------------------------------------------------------------+
; Parameter Settings for Inferred Entity Instance: Transmitter:tx|FirInterp8:fi|lpm_mult:Mult0 ;
+------------------------------------------------+--------------+------------------------------+
; Parameter Name                                 ; Value        ; Type                         ;
+------------------------------------------------+--------------+------------------------------+
; AUTO_CARRY_CHAINS                              ; ON           ; AUTO_CARRY                   ;
; IGNORE_CARRY_BUFFERS                           ; OFF          ; IGNORE_CARRY                 ;
; AUTO_CASCADE_CHAINS                            ; ON           ; AUTO_CASCADE                 ;
; IGNORE_CASCADE_BUFFERS                         ; OFF          ; IGNORE_CASCADE               ;
; LPM_WIDTHA                                     ; 18           ; Untyped                      ;
; LPM_WIDTHB                                     ; 18           ; Untyped                      ;
; LPM_WIDTHP                                     ; 36           ; Untyped                      ;
; LPM_WIDTHR                                     ; 36           ; Untyped                      ;
; LPM_WIDTHS                                     ; 1            ; Untyped                      ;
; LPM_REPRESENTATION                             ; SIGNED       ; Untyped                      ;
; LPM_PIPELINE                                   ; 0            ; Untyped                      ;
; LATENCY                                        ; 0            ; Untyped                      ;
; INPUT_A_IS_CONSTANT                            ; NO           ; Untyped                      ;
; INPUT_B_IS_CONSTANT                            ; NO           ; Untyped                      ;
; USE_EAB                                        ; OFF          ; Untyped                      ;
; MAXIMIZE_SPEED                                 ; 6            ; Untyped                      ;
; DEVICE_FAMILY                                  ; Cyclone IV E ; Untyped                      ;
; CARRY_CHAIN                                    ; MANUAL       ; Untyped                      ;
; APEX20K_TECHNOLOGY_MAPPER                      ; LUT          ; TECH_MAPPER_APEX20K          ;
; DEDICATED_MULTIPLIER_CIRCUITRY                 ; AUTO         ; Untyped                      ;
; DEDICATED_MULTIPLIER_MIN_INPUT_WIDTH_FOR_AUTO  ; 0            ; Untyped                      ;
; DEDICATED_MULTIPLIER_MIN_OUTPUT_WIDTH_FOR_AUTO ; 0            ; Untyped                      ;
; CBXI_PARAMETER                                 ; mult_c6t     ; Untyped                      ;
; INPUT_A_FIXED_VALUE                            ; Bx           ; Untyped                      ;
; INPUT_B_FIXED_VALUE                            ; Bx           ; Untyped                      ;
; USE_AHDL_IMPLEMENTATION                        ; OFF          ; Untyped                      ;
+------------------------------------------------+--------------+------------------------------+
Note: In order to hide this table in the UI and the text report file, please set the "Show Parameter Settings in Synthesis Report" option in "Analysis and Synthesis Settings -> More Settings" to "Off".


+--------------------------------------------------------------------+
; altpll Parameter Settings by Entity Instance                       ;
+-------------------------------+------------------------------------+
; Name                          ; Value                              ;
+-------------------------------+------------------------------------+
; Number of entity instances    ; 1                                  ;
; Entity Instance               ; pll_rx:prx|altpll:altpll_component ;
;     -- OPERATION_MODE         ; NORMAL                             ;
;     -- PLL_TYPE               ; AUTO                               ;
;     -- PRIMARY_CLOCK          ; INCLK0                             ;
;     -- INCLK0_INPUT_FREQUENCY ; 16276                              ;
;     -- INCLK1_INPUT_FREQUENCY ; 0                                  ;
;     -- VCO_MULTIPLY_BY        ; 0                                  ;
;     -- VCO_DIVIDE_BY          ; 0                                  ;
+-------------------------------+------------------------------------+


+-------------------------------------------------------------------------------------------------------------------------------------------------------+
; altsyncram Parameter Settings by Entity Instance                                                                                                      ;
+-------------------------------------------+-----------------------------------------------------------------------------------------------------------+
; Name                                      ; Value                                                                                                     ;
+-------------------------------------------+-----------------------------------------------------------------------------------------------------------+
; Number of entity instances                ; 6                                                                                                         ;
; Entity Instance                           ; Receiver:rx|memcic:memcic_inst_I|memcic_ram:memcic_ram_inst|altsyncram:altsyncram_component               ;
;     -- OPERATION_MODE                     ; DUAL_PORT                                                                                                 ;
;     -- WIDTH_A                            ; 72                                                                                                        ;
;     -- NUMWORDS_A                         ; 32                                                                                                        ;
;     -- OUTDATA_REG_A                      ; UNREGISTERED                                                                                              ;
;     -- WIDTH_B                            ; 72                                                                                                        ;
;     -- NUMWORDS_B                         ; 32                                                                                                        ;
;     -- ADDRESS_REG_B                      ; CLOCK0                                                                                                    ;
;     -- OUTDATA_REG_B                      ; CLOCK0                                                                                                    ;
;     -- RAM_BLOCK_TYPE                     ; M9K                                                                                                       ;
;     -- READ_DURING_WRITE_MODE_MIXED_PORTS ; DONT_CARE                                                                                                 ;
; Entity Instance                           ; Receiver:rx|memcic:memcic_inst_Q|memcic_ram:memcic_ram_inst|altsyncram:altsyncram_component               ;
;     -- OPERATION_MODE                     ; DUAL_PORT                                                                                                 ;
;     -- WIDTH_A                            ; 72                                                                                                        ;
;     -- NUMWORDS_A                         ; 32                                                                                                        ;
;     -- OUTDATA_REG_A                      ; UNREGISTERED                                                                                              ;
;     -- WIDTH_B                            ; 72                                                                                                        ;
;     -- NUMWORDS_B                         ; 32                                                                                                        ;
;     -- ADDRESS_REG_B                      ; CLOCK0                                                                                                    ;
;     -- OUTDATA_REG_B                      ; CLOCK0                                                                                                    ;
;     -- RAM_BLOCK_TYPE                     ; M9K                                                                                                       ;
;     -- READ_DURING_WRITE_MODE_MIXED_PORTS ; DONT_CARE                                                                                                 ;
; Entity Instance                           ; Receiver:rx|fir_coeffs:fir_coeffs_inst|fir_coeffs_rom:fir_coeffs_rom_inst|altsyncram:altsyncram_component ;
;     -- OPERATION_MODE                     ; ROM                                                                                                       ;
;     -- WIDTH_A                            ; 24                                                                                                        ;
;     -- NUMWORDS_A                         ; 256                                                                                                       ;
;     -- OUTDATA_REG_A                      ; CLOCK0                                                                                                    ;
;     -- WIDTH_B                            ; 1                                                                                                         ;
;     -- NUMWORDS_B                         ; 1                                                                                                         ;
;     -- ADDRESS_REG_B                      ; CLOCK1                                                                                                    ;
;     -- OUTDATA_REG_B                      ; UNREGISTERED                                                                                              ;
;     -- RAM_BLOCK_TYPE                     ; M9K                                                                                                       ;
;     -- READ_DURING_WRITE_MODE_MIXED_PORTS ; DONT_CARE                                                                                                 ;
; Entity Instance                           ; Transmitter:tx|FirInterp8:fi|firromI:rom|altsyncram:altsyncram_component                                  ;
;     -- OPERATION_MODE                     ; ROM                                                                                                       ;
;     -- WIDTH_A                            ; 18                                                                                                        ;
;     -- NUMWORDS_A                         ; 512                                                                                                       ;
;     -- OUTDATA_REG_A                      ; CLOCK0                                                                                                    ;
;     -- WIDTH_B                            ; 1                                                                                                         ;
;     -- NUMWORDS_B                         ; 1                                                                                                         ;
;     -- ADDRESS_REG_B                      ; CLOCK1                                                                                                    ;
;     -- OUTDATA_REG_B                      ; UNREGISTERED                                                                                              ;
;     -- RAM_BLOCK_TYPE                     ; M9K                                                                                                       ;
;     -- READ_DURING_WRITE_MODE_MIXED_PORTS ; DONT_CARE                                                                                                 ;
; Entity Instance                           ; Transmitter:tx|FirInterp8:fi|firram36I:ram|altsyncram:altsyncram_component                                ;
;     -- OPERATION_MODE                     ; DUAL_PORT                                                                                                 ;
;     -- WIDTH_A                            ; 36                                                                                                        ;
;     -- NUMWORDS_A                         ; 64                                                                                                        ;
;     -- OUTDATA_REG_A                      ; UNREGISTERED                                                                                              ;
;     -- WIDTH_B                            ; 36                                                                                                        ;
;     -- NUMWORDS_B                         ; 64                                                                                                        ;
;     -- ADDRESS_REG_B                      ; CLOCK0                                                                                                    ;
;     -- OUTDATA_REG_B                      ; CLOCK0                                                                                                    ;
;     -- RAM_BLOCK_TYPE                     ; M9K                                                                                                       ;
;     -- READ_DURING_WRITE_MODE_MIXED_PORTS ; DONT_CARE                                                                                                 ;
; Entity Instance                           ; Transmitter:tx|profile:cw_pro|altsyncram:altsyncram_component                                             ;
;     -- OPERATION_MODE                     ; ROM                                                                                                       ;
;     -- WIDTH_A                            ; 16                                                                                                        ;
;     -- NUMWORDS_A                         ; 512                                                                                                       ;
;     -- OUTDATA_REG_A                      ; CLOCK0                                                                                                    ;
;     -- WIDTH_B                            ; 1                                                                                                         ;
;     -- NUMWORDS_B                         ; 1                                                                                                         ;
;     -- ADDRESS_REG_B                      ; CLOCK1                                                                                                    ;
;     -- OUTDATA_REG_B                      ; UNREGISTERED                                                                                              ;
;     -- RAM_BLOCK_TYPE                     ; M9K                                                                                                       ;
;     -- READ_DURING_WRITE_MODE_MIXED_PORTS ; DONT_CARE                                                                                                 ;
+-------------------------------------------+-----------------------------------------------------------------------------------------------------------+


+------------------------------------------------------------------------------------------------------------------------------+
; altshift_taps Parameter Settings by Entity Instance                                                                          ;
+----------------------------+-------------------------------------------------------------------------------------------------+
; Name                       ; Value                                                                                           ;
+----------------------------+-------------------------------------------------------------------------------------------------+
; Number of entity instances ; 2                                                                                               ;
; Entity Instance            ; Receiver:rx|fir:fir_inst_I|fir_shiftreg:fir_shiftreg_inst|altshift_taps:ALTSHIFT_TAPS_component ;
;     -- NUMBER_OF_TAPS      ; 1                                                                                               ;
;     -- TAP_DISTANCE        ; 256                                                                                             ;
;     -- WIDTH               ; 25                                                                                              ;
; Entity Instance            ; Receiver:rx|fir:fir_inst_Q|fir_shiftreg:fir_shiftreg_inst|altshift_taps:ALTSHIFT_TAPS_component ;
;     -- NUMBER_OF_TAPS      ; 1                                                                                               ;
;     -- TAP_DISTANCE        ; 256                                                                                             ;
;     -- WIDTH               ; 25                                                                                              ;
+----------------------------+-------------------------------------------------------------------------------------------------+


+----------------------------------------------------------------------------------------------------------------------------------------------------+
; lpm_mult Parameter Settings by Entity Instance                                                                                                     ;
+---------------------------------------+------------------------------------------------------------------------------------------------------------+
; Name                                  ; Value                                                                                                      ;
+---------------------------------------+------------------------------------------------------------------------------------------------------------+
; Number of entity instances            ; 5                                                                                                          ;
; Entity Instance                       ; Receiver:rx|fir:fir_inst_I|fir_mac:fir_mac_inst|mult_24Sx24S:mult_24Sx24S_inst|lpm_mult:lpm_mult_component ;
;     -- LPM_WIDTHA                     ; 24                                                                                                         ;
;     -- LPM_WIDTHB                     ; 24                                                                                                         ;
;     -- LPM_WIDTHP                     ; 48                                                                                                         ;
;     -- LPM_REPRESENTATION             ; SIGNED                                                                                                     ;
;     -- INPUT_A_IS_CONSTANT            ; NO                                                                                                         ;
;     -- INPUT_B_IS_CONSTANT            ; NO                                                                                                         ;
;     -- USE_EAB                        ; OFF                                                                                                        ;
;     -- DEDICATED_MULTIPLIER_CIRCUITRY ; AUTO                                                                                                       ;
;     -- INPUT_A_FIXED_VALUE            ; Bx                                                                                                         ;
;     -- INPUT_B_FIXED_VALUE            ; Bx                                                                                                         ;
; Entity Instance                       ; Receiver:rx|fir:fir_inst_Q|fir_mac:fir_mac_inst|mult_24Sx24S:mult_24Sx24S_inst|lpm_mult:lpm_mult_component ;
;     -- LPM_WIDTHA                     ; 24                                                                                                         ;
;     -- LPM_WIDTHB                     ; 24                                                                                                         ;
;     -- LPM_WIDTHP                     ; 48                                                                                                         ;
;     -- LPM_REPRESENTATION             ; SIGNED                                                                                                     ;
;     -- INPUT_A_IS_CONSTANT            ; NO                                                                                                         ;
;     -- INPUT_B_IS_CONSTANT            ; NO                                                                                                         ;
;     -- USE_EAB                        ; OFF                                                                                                        ;
;     -- DEDICATED_MULTIPLIER_CIRCUITRY ; AUTO                                                                                                       ;
;     -- INPUT_A_FIXED_VALUE            ; Bx                                                                                                         ;
;     -- INPUT_B_FIXED_VALUE            ; Bx                                                                                                         ;
; Entity Instance                       ; Transmitter:tx|mult_16x16_uns:cw_mult|lpm_mult:lpm_mult_component                                          ;
;     -- LPM_WIDTHA                     ; 16                                                                                                         ;
;     -- LPM_WIDTHB                     ; 16                                                                                                         ;
;     -- LPM_WIDTHP                     ; 16                                                                                                         ;
;     -- LPM_REPRESENTATION             ; UNSIGNED                                                                                                   ;
;     -- INPUT_A_IS_CONSTANT            ; NO                                                                                                         ;
;     -- INPUT_B_IS_CONSTANT            ; NO                                                                                                         ;
;     -- USE_EAB                        ; OFF                                                                                                        ;
;     -- DEDICATED_MULTIPLIER_CIRCUITRY ; YES                                                                                                        ;
;     -- INPUT_A_FIXED_VALUE            ; Bx                                                                                                         ;
;     -- INPUT_B_FIXED_VALUE            ; Bx                                                                                                         ;
; Entity Instance                       ; Transmitter:tx|FirInterp8:fi|lpm_mult:Mult1                                                                ;
;     -- LPM_WIDTHA                     ; 18                                                                                                         ;
;     -- LPM_WIDTHB                     ; 18                                                                                                         ;
;     -- LPM_WIDTHP                     ; 36                                                                                                         ;
;     -- LPM_REPRESENTATION             ; SIGNED                                                                                                     ;
;     -- INPUT_A_IS_CONSTANT            ; NO                                                                                                         ;
;     -- INPUT_B_IS_CONSTANT            ; NO                                                                                                         ;
;     -- USE_EAB                        ; OFF                                                                                                        ;
;     -- DEDICATED_MULTIPLIER_CIRCUITRY ; AUTO                                                                                                       ;
;     -- INPUT_A_FIXED_VALUE            ; Bx                                                                                                         ;
;     -- INPUT_B_FIXED_VALUE            ; Bx                                                                                                         ;
; Entity Instance                       ; Transmitter:tx|FirInterp8:fi|lpm_mult:Mult0                                                                ;
;     -- LPM_WIDTHA                     ; 18                                                                                                         ;
;     -- LPM_WIDTHB                     ; 18                                                                                                         ;
;     -- LPM_WIDTHP                     ; 36                                                                                                         ;
;     -- LPM_REPRESENTATION             ; SIGNED                                                                                                     ;
;     -- INPUT_A_IS_CONSTANT            ; NO                                                                                                         ;
;     -- INPUT_B_IS_CONSTANT            ; NO                                                                                                         ;
;     -- USE_EAB                        ; OFF                                                                                                        ;
;     -- DEDICATED_MULTIPLIER_CIRCUITRY ; AUTO                                                                                                       ;
;     -- INPUT_A_FIXED_VALUE            ; Bx                                                                                                         ;
;     -- INPUT_B_FIXED_VALUE            ; Bx                                                                                                         ;
+---------------------------------------+------------------------------------------------------------------------------------------------------------+


+--------------------------------------------------------------+
; dcfifo Parameter Settings by Entity Instance                 ;
+----------------------------+---------------------------------+
; Name                       ; Value                           ;
+----------------------------+---------------------------------+
; Number of entity instances ; 1                               ;
; Entity Instance            ; fifo:fm|dcfifo:dcfifo_component ;
;     -- FIFO Type           ; Dual Clock                      ;
;     -- LPM_WIDTH           ; 64                              ;
;     -- LPM_NUMWORDS        ; 2048                            ;
;     -- LPM_SHOWAHEAD       ; OFF                             ;
;     -- USE_EAB             ; ON                              ;
+----------------------------+---------------------------------+


+-----------------------------------------+
; Port Connectivity Checks: "fifo:fm"     ;
+-------+-------+----------+--------------+
; Port  ; Type  ; Severity ; Details      ;
+-------+-------+----------+--------------+
; rdreq ; Input ; Info     ; Stuck at VCC ;
+-------+-------+----------+--------------+


+-------------------------------------------+
; Port Connectivity Checks: "spi_slave:spi" ;
+------+-------+----------+-----------------+
; Port ; Type  ; Severity ; Details         ;
+------+-------+----------+-----------------+
; mlb  ; Input ; Info     ; Stuck at VCC    ;
+------+-------+----------+-----------------+


+-------------------------------------------+
; Port Connectivity Checks: "cdc_sync:cont" ;
+------+-------+----------+-----------------+
; Port ; Type  ; Severity ; Details         ;
+------+-------+----------+-----------------+
; rstb ; Input ; Info     ; Stuck at GND    ;
+------+-------+----------+-----------------+


+-------------------------------------------+
; Port Connectivity Checks: "cdc_sync:done" ;
+------+-------+----------+-----------------+
; Port ; Type  ; Severity ; Details         ;
+------+-------+----------+-----------------+
; rstb ; Input ; Info     ; Stuck at GND    ;
+------+-------+----------+-----------------+


+----------------------------------------------------------------------------------------------------------------------------+
; Port Connectivity Checks: "Transmitter:tx|cordic_tx:cordic_inst"                                                           ;
+------------------+--------+----------+-------------------------------------------------------------------------------------+
; Port             ; Type   ; Severity ; Details                                                                             ;
+------------------+--------+----------+-------------------------------------------------------------------------------------+
; out_data_I[1..0] ; Output ; Info     ; Connected to dangling logic. Logic that only feeds a dangling port will be removed. ;
; out_data_Q       ; Output ; Info     ; Connected to dangling logic. Logic that only feeds a dangling port will be removed. ;
+------------------+--------+----------+-------------------------------------------------------------------------------------+


+-------------------------------------------------------------------+
; Port Connectivity Checks: "Transmitter:tx|mult_16x16_uns:cw_mult" ;
+---------------+-------+----------+--------------------------------+
; Port          ; Type  ; Severity ; Details                        ;
+---------------+-------+----------+--------------------------------+
; dataa[12..11] ; Input ; Info     ; Stuck at VCC                   ;
; dataa[4..3]   ; Input ; Info     ; Stuck at VCC                   ;
; dataa[14..13] ; Input ; Info     ; Stuck at GND                   ;
; dataa[10..7]  ; Input ; Info     ; Stuck at GND                   ;
; dataa[2..0]   ; Input ; Info     ; Stuck at GND                   ;
; dataa[15]     ; Input ; Info     ; Stuck at VCC                   ;
; dataa[6]      ; Input ; Info     ; Stuck at VCC                   ;
; dataa[5]      ; Input ; Info     ; Stuck at GND                   ;
+---------------+-------+----------+--------------------------------+


+------------------------------------------------------------------------------------------------------------------------+
; Port Connectivity Checks: "Transmitter:tx|CicInterpM5:in2"                                                             ;
+--------------+--------+----------+-------------------------------------------------------------------------------------+
; Port         ; Type   ; Severity ; Details                                                                             ;
+--------------+--------+----------+-------------------------------------------------------------------------------------+
; clock_en     ; Input  ; Info     ; Stuck at VCC                                                                        ;
; y_real[3..0] ; Output ; Info     ; Connected to dangling logic. Logic that only feeds a dangling port will be removed. ;
; y_imag[3..0] ; Output ; Info     ; Connected to dangling logic. Logic that only feeds a dangling port will be removed. ;
+--------------+--------+----------+-------------------------------------------------------------------------------------+


+-----------------------------------------------------------+
; Port Connectivity Checks: "Transmitter:tx|cdc_sync:p_clk" ;
+------+-------+----------+---------------------------------+
; Port ; Type  ; Severity ; Details                         ;
+------+-------+----------+---------------------------------+
; rstb ; Input ; Info     ; Stuck at GND                    ;
+------+-------+----------+---------------------------------+


+----------------------------------------------------------------------------------------------------------------+
; Port Connectivity Checks: "Transmitter:tx|cdc_sync:rst_t"                                                      ;
+------+--------+----------+-------------------------------------------------------------------------------------+
; Port ; Type   ; Severity ; Details                                                                             ;
+------+--------+----------+-------------------------------------------------------------------------------------+
; rstb ; Input  ; Info     ; Stuck at GND                                                                        ;
; sigb ; Output ; Info     ; Connected to dangling logic. Logic that only feeds a dangling port will be removed. ;
+------+--------+----------+-------------------------------------------------------------------------------------+


+----------------------------------------------------------------------------------------------------------------+
; Port Connectivity Checks: "Transmitter:tx|cdc_sync:c_w"                                                        ;
+------+--------+----------+-------------------------------------------------------------------------------------+
; Port ; Type   ; Severity ; Details                                                                             ;
+------+--------+----------+-------------------------------------------------------------------------------------+
; rstb ; Input  ; Info     ; Stuck at GND                                                                        ;
; sigb ; Output ; Info     ; Connected to dangling logic. Logic that only feeds a dangling port will be removed. ;
+------+--------+----------+-------------------------------------------------------------------------------------+


+-------------------------------------------------------------+
; Port Connectivity Checks: "Transmitter:tx|cdc_sync:im_data" ;
+------+-------+----------+-----------------------------------+
; Port ; Type  ; Severity ; Details                           ;
+------+-------+----------+-----------------------------------+
; rstb ; Input ; Info     ; Stuck at GND                      ;
+------+-------+----------+-----------------------------------+


+-------------------------------------------------------------+
; Port Connectivity Checks: "Transmitter:tx|cdc_sync:re_data" ;
+------+-------+----------+-----------------------------------+
; Port ; Type  ; Severity ; Details                           ;
+------+-------+----------+-----------------------------------+
; rstb ; Input ; Info     ; Stuck at GND                      ;
+------+-------+----------+-----------------------------------+


+---------------------------------------------------------+
; Port Connectivity Checks: "Receiver:rx|fir:fir_inst_Q"  ;
+------------+--------+----------+------------------------+
; Port       ; Type   ; Severity ; Details                ;
+------------+--------+----------+------------------------+
; out_strobe ; Output ; Info     ; Explicitly unconnected ;
+------------+--------+----------+------------------------+


+----------------------------------------------------------------------------------------------------------------------------+
; Port Connectivity Checks: "Receiver:rx|fir:fir_inst_I|fir_mac:fir_mac_inst"                                                ;
+------------------+--------+----------+-------------------------------------------------------------------------------------+
; Port             ; Type   ; Severity ; Details                                                                             ;
+------------------+--------+----------+-------------------------------------------------------------------------------------+
; out_data[55..47] ; Output ; Info     ; Connected to dangling logic. Logic that only feeds a dangling port will be removed. ;
; out_data[21..0]  ; Output ; Info     ; Connected to dangling logic. Logic that only feeds a dangling port will be removed. ;
+------------------+--------+----------+-------------------------------------------------------------------------------------+


+-------------------------------------------------------------------------------------------------------------------------------------+
; Port Connectivity Checks: "Receiver:rx|fir:fir_inst_I|fir_shiftreg:fir_shiftreg_inst"                                               ;
+------+--------+----------+----------------------------------------------------------------------------------------------------------+
; Port ; Type   ; Severity ; Details                                                                                                  ;
+------+--------+----------+----------------------------------------------------------------------------------------------------------+
; taps ; Output ; Warning  ; Declared by entity but not connected by instance. Logic that only feeds a dangling port will be removed. ;
+------+--------+----------+----------------------------------------------------------------------------------------------------------+


+--------------------------------------------------------------+
; Port Connectivity Checks: "Receiver:rx|memcic:memcic_inst_Q" ;
+------------+--------+----------+-----------------------------+
; Port       ; Type   ; Severity ; Details                     ;
+------------+--------+----------+-----------------------------+
; out_strobe ; Output ; Info     ; Explicitly unconnected      ;
+------------+--------+----------+-----------------------------+


+-------------------------------------------------------------------------------------------------------------------------------------------------------------+
; Port Connectivity Checks: "Receiver:rx|memcic:memcic_inst_I|memcic_ram:memcic_ram_inst"                                                                     ;
+--------------+--------+----------+--------------------------------------------------------------------------------------------------------------------------+
; Port         ; Type   ; Severity ; Details                                                                                                                  ;
+--------------+--------+----------+--------------------------------------------------------------------------------------------------------------------------+
; data[71..70] ; Input  ; Info     ; Stuck at GND                                                                                                             ;
; q            ; Output ; Warning  ; Output or bidir port (72 bits) is wider than the port expression (70 bits) it drives; bit(s) "q[71..70]" have no fanouts ;
+--------------+--------+----------+--------------------------------------------------------------------------------------------------------------------------+


+---------------------------------------------------------------+
; Port Connectivity Checks: "Receiver:rx|varcic:varcic_inst_Q1" ;
+------------+--------+----------+------------------------------+
; Port       ; Type   ; Severity ; Details                      ;
+------------+--------+----------+------------------------------+
; in_strobe  ; Input  ; Info     ; Stuck at VCC                 ;
; out_strobe ; Output ; Info     ; Explicitly unconnected       ;
+------------+--------+----------+------------------------------+


+---------------------------------------------------------------------------------------------------------------------------+
; Port Connectivity Checks: "Receiver:rx|varcic:varcic_inst_I1|cic_comb:cic_stages[3].cic_comb_inst"                        ;
+-----------------+--------+----------+-------------------------------------------------------------------------------------+
; Port            ; Type   ; Severity ; Details                                                                             ;
+-----------------+--------+----------+-------------------------------------------------------------------------------------+
; out_data[22..0] ; Output ; Info     ; Connected to dangling logic. Logic that only feeds a dangling port will be removed. ;
+-----------------+--------+----------+-------------------------------------------------------------------------------------+


+---------------------------------------------------------------+
; Port Connectivity Checks: "Receiver:rx|varcic:varcic_inst_I1" ;
+-----------+-------+----------+--------------------------------+
; Port      ; Type  ; Severity ; Details                        ;
+-----------+-------+----------+--------------------------------+
; in_strobe ; Input ; Info     ; Stuck at VCC                   ;
+-----------+-------+----------+--------------------------------+


+-------------------------------------------------------------+
; Port Connectivity Checks: "Receiver:rx|cordic_rx:cordic_rx" ;
+---------------+-------+----------+--------------------------+
; Port          ; Type  ; Severity ; Details                  ;
+---------------+-------+----------+--------------------------+
; in_data[3..0] ; Input ; Info     ; Stuck at GND             ;
+---------------+-------+----------+--------------------------+


+-----------------------------------------------------+
; Post-Synthesis Netlist Statistics for Top Partition ;
+-----------------------+-----------------------------+
; Type                  ; Count                       ;
+-----------------------+-----------------------------+
; boundary_port         ; 63                          ;
; cycloneiii_ff         ; 5924                        ;
;     CLR               ; 82                          ;
;     ENA               ; 1608                        ;
;     ENA CLR           ; 234                         ;
;     ENA SCLR          ; 93                          ;
;     ENA SLD           ; 166                         ;
;     SCLR              ; 168                         ;
;     SLD               ; 369                         ;
;     plain             ; 3204                        ;
; cycloneiii_io_obuf    ; 1                           ;
; cycloneiii_lcell_comb ; 6487                        ;
;     arith             ; 4652                        ;
;         2 data inputs ; 525                         ;
;         3 data inputs ; 4127                        ;
;     normal            ; 1835                        ;
;         0 data inputs ; 6                           ;
;         1 data inputs ; 79                          ;
;         2 data inputs ; 954                         ;
;         3 data inputs ; 568                         ;
;         4 data inputs ; 228                         ;
; cycloneiii_mac_mult   ; 10                          ;
; cycloneiii_mac_out    ; 10                          ;
; cycloneiii_pll        ; 1                           ;
; cycloneiii_ram_block  ; 332                         ;
;                       ;                             ;
; Max LUT depth         ; 8.90                        ;
; Average LUT depth     ; 3.42                        ;
+-----------------------+-----------------------------+


+-------------------------------+
; Elapsed Time Per Partition    ;
+----------------+--------------+
; Partition Name ; Elapsed Time ;
+----------------+--------------+
; Top            ; 00:00:12     ;
+----------------+--------------+


+-------------------------------+
; Analysis & Synthesis Messages ;
+-------------------------------+
Info: *******************************************************************
Info: Running Quartus Prime Analysis & Synthesis
    Info: Version 17.1.0 Build 590 10/25/2017 SJ Lite Edition
    Info: Processing started: Sat Jan  4 22:30:57 2025
Info: Command: quartus_map --read_settings_files=on --write_settings_files=off radio -c Radio
Warning (18236): Number of processors has not been specified which may cause overloading on shared machines.  Set the global assignment NUM_PARALLEL_PROCESSORS in your QSF to an appropriate value for best performance.
Info (20030): Parallel compilation is enabled and will use 2 of the 2 processors detected
Info (12021): Found 1 design units, including 1 entities, in source file mult_16x16_uns.v
    Info (12023): Found entity 1: mult_16x16_uns File: /home/tvl/Arduino/esp32-s3-sdr/fpga_projects/cyclone_project/mult_16x16_uns.v Line: 39
Info (12021): Found 1 design units, including 1 entities, in source file profile.v
    Info (12023): Found entity 1: profile File: /home/tvl/Arduino/esp32-s3-sdr/fpga_projects/cyclone_project/profile.v Line: 39
Info (12021): Found 1 design units, including 1 entities, in source file Radio.v
    Info (12023): Found entity 1: radio File: /home/tvl/Arduino/esp32-s3-sdr/fpga_projects/cyclone_project/Radio.v Line: 4
Info (12021): Found 1 design units, including 1 entities, in source file cdc_sync.v
    Info (12023): Found entity 1: cdc_sync File: /home/tvl/Arduino/esp32-s3-sdr/fpga_projects/cyclone_project/cdc_sync.v Line: 29
Info (12021): Found 1 design units, including 1 entities, in source file firinterp.v
    Info (12023): Found entity 1: FirInterp8 File: /home/tvl/Arduino/esp32-s3-sdr/fpga_projects/cyclone_project/firinterp.v Line: 6
Info (12021): Found 2 design units, including 1 entities, in source file pll_rx.vhd
    Info (12022): Found design unit 1: pll_rx-SYN File: /home/tvl/Arduino/esp32-s3-sdr/fpga_projects/cyclone_project/pll_rx.vhd Line: 53
    Info (12023): Found entity 1: pll_rx File: /home/tvl/Arduino/esp32-s3-sdr/fpga_projects/cyclone_project/pll_rx.vhd Line: 42
Info (12021): Found 1 design units, including 1 entities, in source file transmitter.v
    Info (12023): Found entity 1: Transmitter File: /home/tvl/Arduino/esp32-s3-sdr/fpga_projects/cyclone_project/transmitter.v Line: 4
Info (12021): Found 2 design units, including 2 entities, in source file receiver.v
    Info (12023): Found entity 1: Receiver File: /home/tvl/Arduino/esp32-s3-sdr/fpga_projects/cyclone_project/receiver.v Line: 3
    Info (12023): Found entity 2: varcic1 File: /home/tvl/Arduino/esp32-s3-sdr/fpga_projects/cyclone_project/receiver.v Line: 147
Info (12021): Found 1 design units, including 1 entities, in source file PLL10.v
    Info (12023): Found entity 1: PLL10 File: /home/tvl/Arduino/esp32-s3-sdr/fpga_projects/cyclone_project/PLL10.v Line: 39
Info (12021): Found 1 design units, including 1 entities, in source file sound_codec.v
    Info (12023): Found entity 1: sound_codec File: /home/tvl/Arduino/esp32-s3-sdr/fpga_projects/cyclone_project/sound_codec.v Line: 11
Info (12021): Found 1 design units, including 1 entities, in source file reset.v
    Info (12023): Found entity 1: g_reset File: /home/tvl/Arduino/esp32-s3-sdr/fpga_projects/cyclone_project/reset.v Line: 1
Info (12021): Found 1 design units, including 1 entities, in source file spi_module.v
    Info (12023): Found entity 1: spi_slave File: /home/tvl/Arduino/esp32-s3-sdr/fpga_projects/cyclone_project/spi_module.v Line: 13
Info (12021): Found 1 design units, including 1 entities, in source file i2s_module.v
    Info (12023): Found entity 1: i2s_module File: /home/tvl/Arduino/esp32-s3-sdr/fpga_projects/cyclone_project/i2s_module.v Line: 2
Info (12021): Found 1 design units, including 1 entities, in source file cordic_rx.v
    Info (12023): Found entity 1: cordic_rx File: /home/tvl/Arduino/esp32-s3-sdr/fpga_projects/cyclone_project/cordic_rx.v Line: 7
Info (12021): Found 3 design units, including 3 entities, in source file firfilt.v
    Info (12023): Found entity 1: fir File: /home/tvl/Arduino/esp32-s3-sdr/fpga_projects/cyclone_project/firfilt.v Line: 8
    Info (12023): Found entity 2: fir_coeffs File: /home/tvl/Arduino/esp32-s3-sdr/fpga_projects/cyclone_project/firfilt.v Line: 111
    Info (12023): Found entity 3: fir_mac File: /home/tvl/Arduino/esp32-s3-sdr/fpga_projects/cyclone_project/firfilt.v Line: 137
Info (12021): Found 1 design units, including 1 entities, in source file firromH.v
    Info (12023): Found entity 1: firromH File: /home/tvl/Arduino/esp32-s3-sdr/fpga_projects/cyclone_project/firromH.v Line: 39
Info (12021): Found 1 design units, including 1 entities, in source file firram36I.v
    Info (12023): Found entity 1: firram36I File: /home/tvl/Arduino/esp32-s3-sdr/fpga_projects/cyclone_project/firram36I.v Line: 39
Info (12021): Found 1 design units, including 1 entities, in source file firromI.v
    Info (12023): Found entity 1: firromI File: /home/tvl/Arduino/esp32-s3-sdr/fpga_projects/cyclone_project/firromI.v Line: 39
Info (12021): Found 1 design units, including 1 entities, in source file cordic_tx.v
    Info (12023): Found entity 1: cordic_tx File: /home/tvl/Arduino/esp32-s3-sdr/fpga_projects/cyclone_project/cordic_tx.v Line: 25
Info (12021): Found 3 design units, including 3 entities, in source file varcic.v
    Info (12023): Found entity 1: varcic File: /home/tvl/Arduino/esp32-s3-sdr/fpga_projects/cyclone_project/varcic.v Line: 8
    Info (12023): Found entity 2: cic_integrator File: /home/tvl/Arduino/esp32-s3-sdr/fpga_projects/cyclone_project/varcic.v Line: 131
    Info (12023): Found entity 3: cic_comb File: /home/tvl/Arduino/esp32-s3-sdr/fpga_projects/cyclone_project/varcic.v Line: 150
Info (12021): Found 1 design units, including 1 entities, in source file memcic.v
    Info (12023): Found entity 1: memcic File: /home/tvl/Arduino/esp32-s3-sdr/fpga_projects/cyclone_project/memcic.v Line: 24
Info (12021): Found 1 design units, including 1 entities, in source file memcic_ram.v
    Info (12023): Found entity 1: memcic_ram File: /home/tvl/Arduino/esp32-s3-sdr/fpga_projects/cyclone_project/memcic_ram.v Line: 39
Info (12021): Found 1 design units, including 1 entities, in source file fir_coeffs_rom.v
    Info (12023): Found entity 1: fir_coeffs_rom File: /home/tvl/Arduino/esp32-s3-sdr/fpga_projects/cyclone_project/fir_coeffs_rom.v Line: 39
Info (12021): Found 1 design units, including 1 entities, in source file mult_24Sx24S.v
    Info (12023): Found entity 1: mult_24Sx24S File: /home/tvl/Arduino/esp32-s3-sdr/fpga_projects/cyclone_project/mult_24Sx24S.v Line: 39
Info (12021): Found 1 design units, including 1 entities, in source file fir_shiftreg.v
    Info (12023): Found entity 1: fir_shiftreg File: /home/tvl/Arduino/esp32-s3-sdr/fpga_projects/cyclone_project/fir_shiftreg.v Line: 39
Info (12021): Found 1 design units, including 1 entities, in source file cic_interp.v
    Info (12023): Found entity 1: CicInterpM5 File: /home/tvl/Arduino/esp32-s3-sdr/fpga_projects/cyclone_project/cic_interp.v Line: 5
Info (12021): Found 1 design units, including 1 entities, in source file fifo.v
    Info (12023): Found entity 1: fifo File: /home/tvl/Arduino/esp32-s3-sdr/fpga_projects/cyclone_project/fifo.v Line: 39
Info (12021): Found 1 design units, including 1 entities, in source file filter.v
    Info (12023): Found entity 1: filter File: /home/tvl/Arduino/esp32-s3-sdr/fpga_projects/cyclone_project/filter.v Line: 1
Info (12021): Found 1 design units, including 1 entities, in source file gain.v
    Info (12023): Found entity 1: gain File: /home/tvl/Arduino/esp32-s3-sdr/fpga_projects/cyclone_project/gain.v Line: 6
Info (12127): Elaborating entity "radio" for the top level hierarchy
Warning (10036): Verilog HDL or VHDL warning at Radio.v(55): object "att" assigned a value but never read File: /home/tvl/Arduino/esp32-s3-sdr/fpga_projects/cyclone_project/Radio.v Line: 55
Warning (10036): Verilog HDL or VHDL warning at Radio.v(180): object "dac_level" assigned a value but never read File: /home/tvl/Arduino/esp32-s3-sdr/fpga_projects/cyclone_project/Radio.v Line: 180
Warning (10034): Output port "p_att" at Radio.v(34) has no driver File: /home/tvl/Arduino/esp32-s3-sdr/fpga_projects/cyclone_project/Radio.v Line: 34
Info (12128): Elaborating entity "pll_rx" for hierarchy "pll_rx:prx" File: /home/tvl/Arduino/esp32-s3-sdr/fpga_projects/cyclone_project/Radio.v Line: 62
Info (12128): Elaborating entity "altpll" for hierarchy "pll_rx:prx|altpll:altpll_component" File: /home/tvl/Arduino/esp32-s3-sdr/fpga_projects/cyclone_project/pll_rx.vhd Line: 149
Info (12130): Elaborated megafunction instantiation "pll_rx:prx|altpll:altpll_component" File: /home/tvl/Arduino/esp32-s3-sdr/fpga_projects/cyclone_project/pll_rx.vhd Line: 149
Info (12133): Instantiated megafunction "pll_rx:prx|altpll:altpll_component" with the following parameter: File: /home/tvl/Arduino/esp32-s3-sdr/fpga_projects/cyclone_project/pll_rx.vhd Line: 149
    Info (12134): Parameter "bandwidth_type" = "AUTO"
    Info (12134): Parameter "clk0_divide_by" = "1"
    Info (12134): Parameter "clk0_duty_cycle" = "50"
    Info (12134): Parameter "clk0_multiply_by" = "2"
    Info (12134): Parameter "clk0_phase_shift" = "0"
    Info (12134): Parameter "clk1_divide_by" = "5"
    Info (12134): Parameter "clk1_duty_cycle" = "50"
    Info (12134): Parameter "clk1_multiply_by" = "1"
    Info (12134): Parameter "clk1_phase_shift" = "0"
    Info (12134): Parameter "clk2_divide_by" = "3072"
    Info (12134): Parameter "clk2_duty_cycle" = "50"
    Info (12134): Parameter "clk2_multiply_by" = "5"
    Info (12134): Parameter "clk2_phase_shift" = "0"
    Info (12134): Parameter "compensate_clock" = "CLK0"
    Info (12134): Parameter "inclk0_input_frequency" = "16276"
    Info (12134): Parameter "intended_device_family" = "Cyclone IV E"
    Info (12134): Parameter "lpm_hint" = "CBX_MODULE_PREFIX=pll_rx"
    Info (12134): Parameter "lpm_type" = "altpll"
    Info (12134): Parameter "operation_mode" = "NORMAL"
    Info (12134): Parameter "pll_type" = "AUTO"
    Info (12134): Parameter "port_activeclock" = "PORT_UNUSED"
    Info (12134): Parameter "port_areset" = "PORT_UNUSED"
    Info (12134): Parameter "port_clkbad0" = "PORT_UNUSED"
    Info (12134): Parameter "port_clkbad1" = "PORT_UNUSED"
    Info (12134): Parameter "port_clkloss" = "PORT_UNUSED"
    Info (12134): Parameter "port_clkswitch" = "PORT_UNUSED"
    Info (12134): Parameter "port_configupdate" = "PORT_UNUSED"
    Info (12134): Parameter "port_fbin" = "PORT_UNUSED"
    Info (12134): Parameter "port_inclk0" = "PORT_USED"
    Info (12134): Parameter "port_inclk1" = "PORT_UNUSED"
    Info (12134): Parameter "port_locked" = "PORT_UNUSED"
    Info (12134): Parameter "port_pfdena" = "PORT_UNUSED"
    Info (12134): Parameter "port_phasecounterselect" = "PORT_UNUSED"
    Info (12134): Parameter "port_phasedone" = "PORT_UNUSED"
    Info (12134): Parameter "port_phasestep" = "PORT_UNUSED"
    Info (12134): Parameter "port_phaseupdown" = "PORT_UNUSED"
    Info (12134): Parameter "port_pllena" = "PORT_UNUSED"
    Info (12134): Parameter "port_scanaclr" = "PORT_UNUSED"
    Info (12134): Parameter "port_scanclk" = "PORT_UNUSED"
    Info (12134): Parameter "port_scanclkena" = "PORT_UNUSED"
    Info (12134): Parameter "port_scandata" = "PORT_UNUSED"
    Info (12134): Parameter "port_scandataout" = "PORT_UNUSED"
    Info (12134): Parameter "port_scandone" = "PORT_UNUSED"
    Info (12134): Parameter "port_scanread" = "PORT_UNUSED"
    Info (12134): Parameter "port_scanwrite" = "PORT_UNUSED"
    Info (12134): Parameter "port_clk0" = "PORT_USED"
    Info (12134): Parameter "port_clk1" = "PORT_USED"
    Info (12134): Parameter "port_clk2" = "PORT_USED"
    Info (12134): Parameter "port_clk3" = "PORT_UNUSED"
    Info (12134): Parameter "port_clk4" = "PORT_UNUSED"
    Info (12134): Parameter "port_clk5" = "PORT_UNUSED"
    Info (12134): Parameter "port_clkena0" = "PORT_UNUSED"
    Info (12134): Parameter "port_clkena1" = "PORT_UNUSED"
    Info (12134): Parameter "port_clkena2" = "PORT_UNUSED"
    Info (12134): Parameter "port_clkena3" = "PORT_UNUSED"
    Info (12134): Parameter "port_clkena4" = "PORT_UNUSED"
    Info (12134): Parameter "port_clkena5" = "PORT_UNUSED"
    Info (12134): Parameter "port_extclk0" = "PORT_UNUSED"
    Info (12134): Parameter "port_extclk1" = "PORT_UNUSED"
    Info (12134): Parameter "port_extclk2" = "PORT_UNUSED"
    Info (12134): Parameter "port_extclk3" = "PORT_UNUSED"
    Info (12134): Parameter "width_clock" = "5"
Info (12021): Found 1 design units, including 1 entities, in source file db/pll_rx_altpll.v
    Info (12023): Found entity 1: pll_rx_altpll File: /home/tvl/Arduino/esp32-s3-sdr/fpga_projects/cyclone_project/db/pll_rx_altpll.v Line: 29
Info (12128): Elaborating entity "pll_rx_altpll" for hierarchy "pll_rx:prx|altpll:altpll_component|pll_rx_altpll:auto_generated" File: /home/tvl/intelFPGA_lite/17.1/quartus/libraries/megafunctions/altpll.tdf Line: 897
Info (12128): Elaborating entity "filter" for hierarchy "filter:filter_inst" File: /home/tvl/Arduino/esp32-s3-sdr/fpga_projects/cyclone_project/Radio.v Line: 73
Info (12128): Elaborating entity "Receiver" for hierarchy "Receiver:rx" File: /home/tvl/Arduino/esp32-s3-sdr/fpga_projects/cyclone_project/Radio.v Line: 87
Info (12128): Elaborating entity "cordic_rx" for hierarchy "Receiver:rx|cordic_rx:cordic_rx" File: /home/tvl/Arduino/esp32-s3-sdr/fpga_projects/cyclone_project/receiver.v Line: 34
Info (12128): Elaborating entity "varcic" for hierarchy "Receiver:rx|varcic:varcic_inst_I1" File: /home/tvl/Arduino/esp32-s3-sdr/fpga_projects/cyclone_project/receiver.v Line: 53
Info (12128): Elaborating entity "cic_integrator" for hierarchy "Receiver:rx|varcic:varcic_inst_I1|cic_integrator:cic_stages[0].cic_integrator_inst" File: /home/tvl/Arduino/esp32-s3-sdr/fpga_projects/cyclone_project/varcic.v Line: 88
Info (12128): Elaborating entity "cic_comb" for hierarchy "Receiver:rx|varcic:varcic_inst_I1|cic_comb:cic_stages[0].cic_comb_inst" File: /home/tvl/Arduino/esp32-s3-sdr/fpga_projects/cyclone_project/varcic.v Line: 96
Info (12128): Elaborating entity "memcic" for hierarchy "Receiver:rx|memcic:memcic_inst_I" File: /home/tvl/Arduino/esp32-s3-sdr/fpga_projects/cyclone_project/receiver.v Line: 83
Info (12128): Elaborating entity "memcic_ram" for hierarchy "Receiver:rx|memcic:memcic_inst_I|memcic_ram:memcic_ram_inst" File: /home/tvl/Arduino/esp32-s3-sdr/fpga_projects/cyclone_project/memcic.v Line: 205
Info (12128): Elaborating entity "altsyncram" for hierarchy "Receiver:rx|memcic:memcic_inst_I|memcic_ram:memcic_ram_inst|altsyncram:altsyncram_component" File: /home/tvl/Arduino/esp32-s3-sdr/fpga_projects/cyclone_project/memcic_ram.v Line: 88
Info (12130): Elaborated megafunction instantiation "Receiver:rx|memcic:memcic_inst_I|memcic_ram:memcic_ram_inst|altsyncram:altsyncram_component" File: /home/tvl/Arduino/esp32-s3-sdr/fpga_projects/cyclone_project/memcic_ram.v Line: 88
Info (12133): Instantiated megafunction "Receiver:rx|memcic:memcic_inst_I|memcic_ram:memcic_ram_inst|altsyncram:altsyncram_component" with the following parameter: File: /home/tvl/Arduino/esp32-s3-sdr/fpga_projects/cyclone_project/memcic_ram.v Line: 88
    Info (12134): Parameter "address_aclr_b" = "NONE"
    Info (12134): Parameter "address_reg_b" = "CLOCK0"
    Info (12134): Parameter "clock_enable_input_a" = "BYPASS"
    Info (12134): Parameter "clock_enable_input_b" = "BYPASS"
    Info (12134): Parameter "clock_enable_output_b" = "BYPASS"
    Info (12134): Parameter "intended_device_family" = "Cyclone III"
    Info (12134): Parameter "lpm_type" = "altsyncram"
    Info (12134): Parameter "numwords_a" = "32"
    Info (12134): Parameter "numwords_b" = "32"
    Info (12134): Parameter "operation_mode" = "DUAL_PORT"
    Info (12134): Parameter "outdata_aclr_b" = "NONE"
    Info (12134): Parameter "outdata_reg_b" = "CLOCK0"
    Info (12134): Parameter "power_up_uninitialized" = "FALSE"
    Info (12134): Parameter "ram_block_type" = "M9K"
    Info (12134): Parameter "read_during_write_mode_mixed_ports" = "DONT_CARE"
    Info (12134): Parameter "widthad_a" = "5"
    Info (12134): Parameter "widthad_b" = "5"
    Info (12134): Parameter "width_a" = "72"
    Info (12134): Parameter "width_b" = "72"
    Info (12134): Parameter "width_byteena_a" = "1"
Info (12021): Found 1 design units, including 1 entities, in source file db/altsyncram_7bp1.tdf
    Info (12023): Found entity 1: altsyncram_7bp1 File: /home/tvl/Arduino/esp32-s3-sdr/fpga_projects/cyclone_project/db/altsyncram_7bp1.tdf Line: 27
Info (12128): Elaborating entity "altsyncram_7bp1" for hierarchy "Receiver:rx|memcic:memcic_inst_I|memcic_ram:memcic_ram_inst|altsyncram:altsyncram_component|altsyncram_7bp1:auto_generated" File: /home/tvl/intelFPGA_lite/17.1/quartus/libraries/megafunctions/altsyncram.tdf Line: 791
Info (12128): Elaborating entity "fir_coeffs" for hierarchy "Receiver:rx|fir_coeffs:fir_coeffs_inst" File: /home/tvl/Arduino/esp32-s3-sdr/fpga_projects/cyclone_project/receiver.v Line: 108
Info (12128): Elaborating entity "fir_coeffs_rom" for hierarchy "Receiver:rx|fir_coeffs:fir_coeffs_inst|fir_coeffs_rom:fir_coeffs_rom_inst" File: /home/tvl/Arduino/esp32-s3-sdr/fpga_projects/cyclone_project/firfilt.v Line: 130
Info (12128): Elaborating entity "altsyncram" for hierarchy "Receiver:rx|fir_coeffs:fir_coeffs_inst|fir_coeffs_rom:fir_coeffs_rom_inst|altsyncram:altsyncram_component" File: /home/tvl/Arduino/esp32-s3-sdr/fpga_projects/cyclone_project/fir_coeffs_rom.v Line: 81
Info (12130): Elaborated megafunction instantiation "Receiver:rx|fir_coeffs:fir_coeffs_inst|fir_coeffs_rom:fir_coeffs_rom_inst|altsyncram:altsyncram_component" File: /home/tvl/Arduino/esp32-s3-sdr/fpga_projects/cyclone_project/fir_coeffs_rom.v Line: 81
Info (12133): Instantiated megafunction "Receiver:rx|fir_coeffs:fir_coeffs_inst|fir_coeffs_rom:fir_coeffs_rom_inst|altsyncram:altsyncram_component" with the following parameter: File: /home/tvl/Arduino/esp32-s3-sdr/fpga_projects/cyclone_project/fir_coeffs_rom.v Line: 81
    Info (12134): Parameter "address_aclr_a" = "NONE"
    Info (12134): Parameter "clock_enable_input_a" = "BYPASS"
    Info (12134): Parameter "clock_enable_output_a" = "BYPASS"
    Info (12134): Parameter "init_file" = "fir_coeffs_rom.hex"
    Info (12134): Parameter "intended_device_family" = "Cyclone III"
    Info (12134): Parameter "lpm_hint" = "ENABLE_RUNTIME_MOD=NO"
    Info (12134): Parameter "lpm_type" = "altsyncram"
    Info (12134): Parameter "numwords_a" = "256"
    Info (12134): Parameter "operation_mode" = "ROM"
    Info (12134): Parameter "outdata_aclr_a" = "NONE"
    Info (12134): Parameter "outdata_reg_a" = "CLOCK0"
    Info (12134): Parameter "ram_block_type" = "M9K"
    Info (12134): Parameter "widthad_a" = "8"
    Info (12134): Parameter "width_a" = "24"
    Info (12134): Parameter "width_byteena_a" = "1"
Info (12021): Found 1 design units, including 1 entities, in source file db/altsyncram_nvb1.tdf
    Info (12023): Found entity 1: altsyncram_nvb1 File: /home/tvl/Arduino/esp32-s3-sdr/fpga_projects/cyclone_project/db/altsyncram_nvb1.tdf Line: 27
Info (12128): Elaborating entity "altsyncram_nvb1" for hierarchy "Receiver:rx|fir_coeffs:fir_coeffs_inst|fir_coeffs_rom:fir_coeffs_rom_inst|altsyncram:altsyncram_component|altsyncram_nvb1:auto_generated" File: /home/tvl/intelFPGA_lite/17.1/quartus/libraries/megafunctions/altsyncram.tdf Line: 791
Info (12128): Elaborating entity "fir" for hierarchy "Receiver:rx|fir:fir_inst_I" File: /home/tvl/Arduino/esp32-s3-sdr/fpga_projects/cyclone_project/receiver.v Line: 123
Info (12128): Elaborating entity "fir_shiftreg" for hierarchy "Receiver:rx|fir:fir_inst_I|fir_shiftreg:fir_shiftreg_inst" File: /home/tvl/Arduino/esp32-s3-sdr/fpga_projects/cyclone_project/firfilt.v Line: 96
Info (12128): Elaborating entity "altshift_taps" for hierarchy "Receiver:rx|fir:fir_inst_I|fir_shiftreg:fir_shiftreg_inst|altshift_taps:ALTSHIFT_TAPS_component" File: /home/tvl/Arduino/esp32-s3-sdr/fpga_projects/cyclone_project/fir_shiftreg.v Line: 74
Info (12130): Elaborated megafunction instantiation "Receiver:rx|fir:fir_inst_I|fir_shiftreg:fir_shiftreg_inst|altshift_taps:ALTSHIFT_TAPS_component" File: /home/tvl/Arduino/esp32-s3-sdr/fpga_projects/cyclone_project/fir_shiftreg.v Line: 74
Info (12133): Instantiated megafunction "Receiver:rx|fir:fir_inst_I|fir_shiftreg:fir_shiftreg_inst|altshift_taps:ALTSHIFT_TAPS_component" with the following parameter: File: /home/tvl/Arduino/esp32-s3-sdr/fpga_projects/cyclone_project/fir_shiftreg.v Line: 74
    Info (12134): Parameter "intended_device_family" = "Cyclone III"
    Info (12134): Parameter "lpm_hint" = "RAM_BLOCK_TYPE=M9K"
    Info (12134): Parameter "lpm_type" = "altshift_taps"
    Info (12134): Parameter "number_of_taps" = "1"
    Info (12134): Parameter "tap_distance" = "256"
    Info (12134): Parameter "width" = "25"
Info (12021): Found 1 design units, including 1 entities, in source file db/shift_taps_frv.tdf
    Info (12023): Found entity 1: shift_taps_frv File: /home/tvl/Arduino/esp32-s3-sdr/fpga_projects/cyclone_project/db/shift_taps_frv.tdf Line: 26
Info (12128): Elaborating entity "shift_taps_frv" for hierarchy "Receiver:rx|fir:fir_inst_I|fir_shiftreg:fir_shiftreg_inst|altshift_taps:ALTSHIFT_TAPS_component|shift_taps_frv:auto_generated" File: /home/tvl/intelFPGA_lite/17.1/quartus/libraries/megafunctions/altshift_taps.tdf Line: 103
Info (12021): Found 1 design units, including 1 entities, in source file db/altsyncram_rga1.tdf
    Info (12023): Found entity 1: altsyncram_rga1 File: /home/tvl/Arduino/esp32-s3-sdr/fpga_projects/cyclone_project/db/altsyncram_rga1.tdf Line: 27
Info (12128): Elaborating entity "altsyncram_rga1" for hierarchy "Receiver:rx|fir:fir_inst_I|fir_shiftreg:fir_shiftreg_inst|altshift_taps:ALTSHIFT_TAPS_component|shift_taps_frv:auto_generated|altsyncram_rga1:altsyncram2" File: /home/tvl/Arduino/esp32-s3-sdr/fpga_projects/cyclone_project/db/shift_taps_frv.tdf Line: 35
Info (12021): Found 1 design units, including 1 entities, in source file db/cntr_ksf.tdf
    Info (12023): Found entity 1: cntr_ksf File: /home/tvl/Arduino/esp32-s3-sdr/fpga_projects/cyclone_project/db/cntr_ksf.tdf Line: 27
Info (12128): Elaborating entity "cntr_ksf" for hierarchy "Receiver:rx|fir:fir_inst_I|fir_shiftreg:fir_shiftreg_inst|altshift_taps:ALTSHIFT_TAPS_component|shift_taps_frv:auto_generated|cntr_ksf:cntr1" File: /home/tvl/Arduino/esp32-s3-sdr/fpga_projects/cyclone_project/db/shift_taps_frv.tdf Line: 36
Info (12021): Found 1 design units, including 1 entities, in source file db/cmpr_ugc.tdf
    Info (12023): Found entity 1: cmpr_ugc File: /home/tvl/Arduino/esp32-s3-sdr/fpga_projects/cyclone_project/db/cmpr_ugc.tdf Line: 22
Info (12128): Elaborating entity "cmpr_ugc" for hierarchy "Receiver:rx|fir:fir_inst_I|fir_shiftreg:fir_shiftreg_inst|altshift_taps:ALTSHIFT_TAPS_component|shift_taps_frv:auto_generated|cntr_ksf:cntr1|cmpr_ugc:cmpr4" File: /home/tvl/Arduino/esp32-s3-sdr/fpga_projects/cyclone_project/db/cntr_ksf.tdf Line: 75
Info (12128): Elaborating entity "fir_mac" for hierarchy "Receiver:rx|fir:fir_inst_I|fir_mac:fir_mac_inst" File: /home/tvl/Arduino/esp32-s3-sdr/fpga_projects/cyclone_project/firfilt.v Line: 107
Info (12128): Elaborating entity "mult_24Sx24S" for hierarchy "Receiver:rx|fir:fir_inst_I|fir_mac:fir_mac_inst|mult_24Sx24S:mult_24Sx24S_inst" File: /home/tvl/Arduino/esp32-s3-sdr/fpga_projects/cyclone_project/firfilt.v Line: 158
Info (12128): Elaborating entity "lpm_mult" for hierarchy "Receiver:rx|fir:fir_inst_I|fir_mac:fir_mac_inst|mult_24Sx24S:mult_24Sx24S_inst|lpm_mult:lpm_mult_component" File: /home/tvl/Arduino/esp32-s3-sdr/fpga_projects/cyclone_project/mult_24Sx24S.v Line: 62
Info (12130): Elaborated megafunction instantiation "Receiver:rx|fir:fir_inst_I|fir_mac:fir_mac_inst|mult_24Sx24S:mult_24Sx24S_inst|lpm_mult:lpm_mult_component" File: /home/tvl/Arduino/esp32-s3-sdr/fpga_projects/cyclone_project/mult_24Sx24S.v Line: 62
Info (12133): Instantiated megafunction "Receiver:rx|fir:fir_inst_I|fir_mac:fir_mac_inst|mult_24Sx24S:mult_24Sx24S_inst|lpm_mult:lpm_mult_component" with the following parameter: File: /home/tvl/Arduino/esp32-s3-sdr/fpga_projects/cyclone_project/mult_24Sx24S.v Line: 62
    Info (12134): Parameter "lpm_hint" = "MAXIMIZE_SPEED=9"
    Info (12134): Parameter "lpm_pipeline" = "1"
    Info (12134): Parameter "lpm_representation" = "SIGNED"
    Info (12134): Parameter "lpm_type" = "LPM_MULT"
    Info (12134): Parameter "lpm_widtha" = "24"
    Info (12134): Parameter "lpm_widthb" = "24"
    Info (12134): Parameter "lpm_widthp" = "48"
Info (12021): Found 1 design units, including 1 entities, in source file db/mult_okp.tdf
    Info (12023): Found entity 1: mult_okp File: /home/tvl/Arduino/esp32-s3-sdr/fpga_projects/cyclone_project/db/mult_okp.tdf Line: 30
Info (12128): Elaborating entity "mult_okp" for hierarchy "Receiver:rx|fir:fir_inst_I|fir_mac:fir_mac_inst|mult_24Sx24S:mult_24Sx24S_inst|lpm_mult:lpm_mult_component|mult_okp:auto_generated" File: /home/tvl/intelFPGA_lite/17.1/quartus/libraries/megafunctions/lpm_mult.tdf Line: 376
Info (12128): Elaborating entity "Transmitter" for hierarchy "Transmitter:tx" File: /home/tvl/Arduino/esp32-s3-sdr/fpga_projects/cyclone_project/Radio.v Line: 139
Info (12128): Elaborating entity "cdc_sync" for hierarchy "Transmitter:tx|cdc_sync:re_data" File: /home/tvl/Arduino/esp32-s3-sdr/fpga_projects/cyclone_project/transmitter.v Line: 16
Info (12128): Elaborating entity "cdc_sync" for hierarchy "Transmitter:tx|cdc_sync:c_w" File: /home/tvl/Arduino/esp32-s3-sdr/fpga_projects/cyclone_project/transmitter.v Line: 24
Info (12128): Elaborating entity "FirInterp8" for hierarchy "Transmitter:tx|FirInterp8:fi" File: /home/tvl/Arduino/esp32-s3-sdr/fpga_projects/cyclone_project/transmitter.v Line: 46
Info (12128): Elaborating entity "firromI" for hierarchy "Transmitter:tx|FirInterp8:fi|firromI:rom" File: /home/tvl/Arduino/esp32-s3-sdr/fpga_projects/cyclone_project/firinterp.v Line: 59
Info (12128): Elaborating entity "altsyncram" for hierarchy "Transmitter:tx|FirInterp8:fi|firromI:rom|altsyncram:altsyncram_component" File: /home/tvl/Arduino/esp32-s3-sdr/fpga_projects/cyclone_project/firromI.v Line: 81
Info (12130): Elaborated megafunction instantiation "Transmitter:tx|FirInterp8:fi|firromI:rom|altsyncram:altsyncram_component" File: /home/tvl/Arduino/esp32-s3-sdr/fpga_projects/cyclone_project/firromI.v Line: 81
Info (12133): Instantiated megafunction "Transmitter:tx|FirInterp8:fi|firromI:rom|altsyncram:altsyncram_component" with the following parameter: File: /home/tvl/Arduino/esp32-s3-sdr/fpga_projects/cyclone_project/firromI.v Line: 81
    Info (12134): Parameter "address_aclr_a" = "NONE"
    Info (12134): Parameter "clock_enable_input_a" = "BYPASS"
    Info (12134): Parameter "clock_enable_output_a" = "BYPASS"
    Info (12134): Parameter "init_file" = "coefI8.mif"
    Info (12134): Parameter "intended_device_family" = "Cyclone III"
    Info (12134): Parameter "lpm_hint" = "ENABLE_RUNTIME_MOD=NO"
    Info (12134): Parameter "lpm_type" = "altsyncram"
    Info (12134): Parameter "numwords_a" = "512"
    Info (12134): Parameter "operation_mode" = "ROM"
    Info (12134): Parameter "outdata_aclr_a" = "NONE"
    Info (12134): Parameter "outdata_reg_a" = "CLOCK0"
    Info (12134): Parameter "ram_block_type" = "M9K"
    Info (12134): Parameter "widthad_a" = "9"
    Info (12134): Parameter "width_a" = "18"
    Info (12134): Parameter "width_byteena_a" = "1"
Info (12021): Found 1 design units, including 1 entities, in source file db/altsyncram_83b1.tdf
    Info (12023): Found entity 1: altsyncram_83b1 File: /home/tvl/Arduino/esp32-s3-sdr/fpga_projects/cyclone_project/db/altsyncram_83b1.tdf Line: 27
Info (12128): Elaborating entity "altsyncram_83b1" for hierarchy "Transmitter:tx|FirInterp8:fi|firromI:rom|altsyncram:altsyncram_component|altsyncram_83b1:auto_generated" File: /home/tvl/intelFPGA_lite/17.1/quartus/libraries/megafunctions/altsyncram.tdf Line: 791
Info (12128): Elaborating entity "firram36I" for hierarchy "Transmitter:tx|FirInterp8:fi|firram36I:ram" File: /home/tvl/Arduino/esp32-s3-sdr/fpga_projects/cyclone_project/firinterp.v Line: 64
Info (12128): Elaborating entity "altsyncram" for hierarchy "Transmitter:tx|FirInterp8:fi|firram36I:ram|altsyncram:altsyncram_component" File: /home/tvl/Arduino/esp32-s3-sdr/fpga_projects/cyclone_project/firram36I.v Line: 88
Info (12130): Elaborated megafunction instantiation "Transmitter:tx|FirInterp8:fi|firram36I:ram|altsyncram:altsyncram_component" File: /home/tvl/Arduino/esp32-s3-sdr/fpga_projects/cyclone_project/firram36I.v Line: 88
Info (12133): Instantiated megafunction "Transmitter:tx|FirInterp8:fi|firram36I:ram|altsyncram:altsyncram_component" with the following parameter: File: /home/tvl/Arduino/esp32-s3-sdr/fpga_projects/cyclone_project/firram36I.v Line: 88
    Info (12134): Parameter "address_aclr_b" = "NONE"
    Info (12134): Parameter "address_reg_b" = "CLOCK0"
    Info (12134): Parameter "clock_enable_input_a" = "BYPASS"
    Info (12134): Parameter "clock_enable_input_b" = "BYPASS"
    Info (12134): Parameter "clock_enable_output_b" = "BYPASS"
    Info (12134): Parameter "intended_device_family" = "Cyclone III"
    Info (12134): Parameter "lpm_type" = "altsyncram"
    Info (12134): Parameter "numwords_a" = "64"
    Info (12134): Parameter "numwords_b" = "64"
    Info (12134): Parameter "operation_mode" = "DUAL_PORT"
    Info (12134): Parameter "outdata_aclr_b" = "NONE"
    Info (12134): Parameter "outdata_reg_b" = "CLOCK0"
    Info (12134): Parameter "power_up_uninitialized" = "FALSE"
    Info (12134): Parameter "ram_block_type" = "M9K"
    Info (12134): Parameter "read_during_write_mode_mixed_ports" = "DONT_CARE"
    Info (12134): Parameter "widthad_a" = "6"
    Info (12134): Parameter "widthad_b" = "6"
    Info (12134): Parameter "width_a" = "36"
    Info (12134): Parameter "width_b" = "36"
    Info (12134): Parameter "width_byteena_a" = "1"
Info (12021): Found 1 design units, including 1 entities, in source file db/altsyncram_jbp1.tdf
    Info (12023): Found entity 1: altsyncram_jbp1 File: /home/tvl/Arduino/esp32-s3-sdr/fpga_projects/cyclone_project/db/altsyncram_jbp1.tdf Line: 27
Info (12128): Elaborating entity "altsyncram_jbp1" for hierarchy "Transmitter:tx|FirInterp8:fi|firram36I:ram|altsyncram:altsyncram_component|altsyncram_jbp1:auto_generated" File: /home/tvl/intelFPGA_lite/17.1/quartus/libraries/megafunctions/altsyncram.tdf Line: 791
Info (12128): Elaborating entity "CicInterpM5" for hierarchy "Transmitter:tx|CicInterpM5:in2" File: /home/tvl/Arduino/esp32-s3-sdr/fpga_projects/cyclone_project/transmitter.v Line: 48
Info (12128): Elaborating entity "profile" for hierarchy "Transmitter:tx|profile:cw_pro" File: /home/tvl/Arduino/esp32-s3-sdr/fpga_projects/cyclone_project/transmitter.v Line: 53
Info (12128): Elaborating entity "altsyncram" for hierarchy "Transmitter:tx|profile:cw_pro|altsyncram:altsyncram_component" File: /home/tvl/Arduino/esp32-s3-sdr/fpga_projects/cyclone_project/profile.v Line: 81
Info (12130): Elaborated megafunction instantiation "Transmitter:tx|profile:cw_pro|altsyncram:altsyncram_component" File: /home/tvl/Arduino/esp32-s3-sdr/fpga_projects/cyclone_project/profile.v Line: 81
Info (12133): Instantiated megafunction "Transmitter:tx|profile:cw_pro|altsyncram:altsyncram_component" with the following parameter: File: /home/tvl/Arduino/esp32-s3-sdr/fpga_projects/cyclone_project/profile.v Line: 81
    Info (12134): Parameter "address_aclr_a" = "NONE"
    Info (12134): Parameter "clock_enable_input_a" = "BYPASS"
    Info (12134): Parameter "clock_enable_output_a" = "BYPASS"
    Info (12134): Parameter "init_file" = "profile.mif"
    Info (12134): Parameter "intended_device_family" = "Cyclone 10 LP"
    Info (12134): Parameter "lpm_hint" = "ENABLE_RUNTIME_MOD=NO"
    Info (12134): Parameter "lpm_type" = "altsyncram"
    Info (12134): Parameter "numwords_a" = "512"
    Info (12134): Parameter "operation_mode" = "ROM"
    Info (12134): Parameter "outdata_aclr_a" = "NONE"
    Info (12134): Parameter "outdata_reg_a" = "CLOCK0"
    Info (12134): Parameter "ram_block_type" = "M9K"
    Info (12134): Parameter "widthad_a" = "9"
    Info (12134): Parameter "width_a" = "16"
    Info (12134): Parameter "width_byteena_a" = "1"
Info (12021): Found 1 design units, including 1 entities, in source file db/altsyncram_p8b1.tdf
    Info (12023): Found entity 1: altsyncram_p8b1 File: /home/tvl/Arduino/esp32-s3-sdr/fpga_projects/cyclone_project/db/altsyncram_p8b1.tdf Line: 27
Info (12128): Elaborating entity "altsyncram_p8b1" for hierarchy "Transmitter:tx|profile:cw_pro|altsyncram:altsyncram_component|altsyncram_p8b1:auto_generated" File: /home/tvl/intelFPGA_lite/17.1/quartus/libraries/megafunctions/altsyncram.tdf Line: 791
Info (12128): Elaborating entity "mult_16x16_uns" for hierarchy "Transmitter:tx|mult_16x16_uns:cw_mult" File: /home/tvl/Arduino/esp32-s3-sdr/fpga_projects/cyclone_project/transmitter.v Line: 63
Info (12128): Elaborating entity "lpm_mult" for hierarchy "Transmitter:tx|mult_16x16_uns:cw_mult|lpm_mult:lpm_mult_component" File: /home/tvl/Arduino/esp32-s3-sdr/fpga_projects/cyclone_project/mult_16x16_uns.v Line: 59
Info (12130): Elaborated megafunction instantiation "Transmitter:tx|mult_16x16_uns:cw_mult|lpm_mult:lpm_mult_component" File: /home/tvl/Arduino/esp32-s3-sdr/fpga_projects/cyclone_project/mult_16x16_uns.v Line: 59
Info (12133): Instantiated megafunction "Transmitter:tx|mult_16x16_uns:cw_mult|lpm_mult:lpm_mult_component" with the following parameter: File: /home/tvl/Arduino/esp32-s3-sdr/fpga_projects/cyclone_project/mult_16x16_uns.v Line: 59
    Info (12134): Parameter "lpm_hint" = "DEDICATED_MULTIPLIER_CIRCUITRY=YES,MAXIMIZE_SPEED=9"
    Info (12134): Parameter "lpm_representation" = "UNSIGNED"
    Info (12134): Parameter "lpm_type" = "LPM_MULT"
    Info (12134): Parameter "lpm_widtha" = "16"
    Info (12134): Parameter "lpm_widthb" = "16"
    Info (12134): Parameter "lpm_widthp" = "16"
Info (12021): Found 1 design units, including 1 entities, in source file db/mult_a3r.tdf
    Info (12023): Found entity 1: mult_a3r File: /home/tvl/Arduino/esp32-s3-sdr/fpga_projects/cyclone_project/db/mult_a3r.tdf Line: 28
Info (12128): Elaborating entity "mult_a3r" for hierarchy "Transmitter:tx|mult_16x16_uns:cw_mult|lpm_mult:lpm_mult_component|mult_a3r:auto_generated" File: /home/tvl/intelFPGA_lite/17.1/quartus/libraries/megafunctions/lpm_mult.tdf Line: 376
Info (12128): Elaborating entity "cordic_tx" for hierarchy "Transmitter:tx|cordic_tx:cordic_inst" File: /home/tvl/Arduino/esp32-s3-sdr/fpga_projects/cyclone_project/transmitter.v Line: 73
Info (12128): Elaborating entity "cdc_sync" for hierarchy "cdc_sync:cont" File: /home/tvl/Arduino/esp32-s3-sdr/fpga_projects/cyclone_project/Radio.v Line: 144
Info (12128): Elaborating entity "spi_slave" for hierarchy "spi_slave:spi" File: /home/tvl/Arduino/esp32-s3-sdr/fpga_projects/cyclone_project/Radio.v Line: 167
Warning (10230): Verilog HDL assignment warning at spi_module.v(42): truncated value with size 32 to match size of target (8) File: /home/tvl/Arduino/esp32-s3-sdr/fpga_projects/cyclone_project/spi_module.v Line: 42
Info (12128): Elaborating entity "fifo" for hierarchy "fifo:fm" File: /home/tvl/Arduino/esp32-s3-sdr/fpga_projects/cyclone_project/Radio.v Line: 177
Info (12128): Elaborating entity "dcfifo" for hierarchy "fifo:fm|dcfifo:dcfifo_component" File: /home/tvl/Arduino/esp32-s3-sdr/fpga_projects/cyclone_project/fifo.v Line: 80
Info (12130): Elaborated megafunction instantiation "fifo:fm|dcfifo:dcfifo_component" File: /home/tvl/Arduino/esp32-s3-sdr/fpga_projects/cyclone_project/fifo.v Line: 80
Info (12133): Instantiated megafunction "fifo:fm|dcfifo:dcfifo_component" with the following parameter: File: /home/tvl/Arduino/esp32-s3-sdr/fpga_projects/cyclone_project/fifo.v Line: 80
    Info (12134): Parameter "intended_device_family" = "Cyclone IV E"
    Info (12134): Parameter "lpm_numwords" = "2048"
    Info (12134): Parameter "lpm_showahead" = "OFF"
    Info (12134): Parameter "lpm_type" = "dcfifo"
    Info (12134): Parameter "lpm_width" = "64"
    Info (12134): Parameter "lpm_widthu" = "11"
    Info (12134): Parameter "overflow_checking" = "ON"
    Info (12134): Parameter "rdsync_delaypipe" = "4"
    Info (12134): Parameter "read_aclr_synch" = "OFF"
    Info (12134): Parameter "underflow_checking" = "ON"
    Info (12134): Parameter "use_eab" = "ON"
    Info (12134): Parameter "write_aclr_synch" = "OFF"
    Info (12134): Parameter "wrsync_delaypipe" = "4"
Info (12021): Found 1 design units, including 1 entities, in source file db/dcfifo_5ti1.tdf
    Info (12023): Found entity 1: dcfifo_5ti1 File: /home/tvl/Arduino/esp32-s3-sdr/fpga_projects/cyclone_project/db/dcfifo_5ti1.tdf Line: 36
Info (12128): Elaborating entity "dcfifo_5ti1" for hierarchy "fifo:fm|dcfifo:dcfifo_component|dcfifo_5ti1:auto_generated" File: /home/tvl/intelFPGA_lite/17.1/quartus/libraries/megafunctions/dcfifo.tdf Line: 190
Info (12021): Found 1 design units, including 1 entities, in source file db/a_graycounter_777.tdf
    Info (12023): Found entity 1: a_graycounter_777 File: /home/tvl/Arduino/esp32-s3-sdr/fpga_projects/cyclone_project/db/a_graycounter_777.tdf Line: 24
Info (12128): Elaborating entity "a_graycounter_777" for hierarchy "fifo:fm|dcfifo:dcfifo_component|dcfifo_5ti1:auto_generated|a_graycounter_777:rdptr_g1p" File: /home/tvl/Arduino/esp32-s3-sdr/fpga_projects/cyclone_project/db/dcfifo_5ti1.tdf Line: 47
Info (12021): Found 1 design units, including 1 entities, in source file db/a_graycounter_3lc.tdf
    Info (12023): Found entity 1: a_graycounter_3lc File: /home/tvl/Arduino/esp32-s3-sdr/fpga_projects/cyclone_project/db/a_graycounter_3lc.tdf Line: 24
Info (12128): Elaborating entity "a_graycounter_3lc" for hierarchy "fifo:fm|dcfifo:dcfifo_component|dcfifo_5ti1:auto_generated|a_graycounter_3lc:wrptr_g1p" File: /home/tvl/Arduino/esp32-s3-sdr/fpga_projects/cyclone_project/db/dcfifo_5ti1.tdf Line: 48
Info (12021): Found 1 design units, including 1 entities, in source file db/altsyncram_g271.tdf
    Info (12023): Found entity 1: altsyncram_g271 File: /home/tvl/Arduino/esp32-s3-sdr/fpga_projects/cyclone_project/db/altsyncram_g271.tdf Line: 27
Info (12128): Elaborating entity "altsyncram_g271" for hierarchy "fifo:fm|dcfifo:dcfifo_component|dcfifo_5ti1:auto_generated|altsyncram_g271:fifo_ram" File: /home/tvl/Arduino/esp32-s3-sdr/fpga_projects/cyclone_project/db/dcfifo_5ti1.tdf Line: 49
Info (12021): Found 1 design units, including 1 entities, in source file db/alt_synch_pipe_fpl.tdf
    Info (12023): Found entity 1: alt_synch_pipe_fpl File: /home/tvl/Arduino/esp32-s3-sdr/fpga_projects/cyclone_project/db/alt_synch_pipe_fpl.tdf Line: 26
Info (12128): Elaborating entity "alt_synch_pipe_fpl" for hierarchy "fifo:fm|dcfifo:dcfifo_component|dcfifo_5ti1:auto_generated|alt_synch_pipe_fpl:rs_dgwp" File: /home/tvl/Arduino/esp32-s3-sdr/fpga_projects/cyclone_project/db/dcfifo_5ti1.tdf Line: 56
Info (12021): Found 1 design units, including 1 entities, in source file db/dffpipe_1f9.tdf
    Info (12023): Found entity 1: dffpipe_1f9 File: /home/tvl/Arduino/esp32-s3-sdr/fpga_projects/cyclone_project/db/dffpipe_1f9.tdf Line: 24
Info (12128): Elaborating entity "dffpipe_1f9" for hierarchy "fifo:fm|dcfifo:dcfifo_component|dcfifo_5ti1:auto_generated|alt_synch_pipe_fpl:rs_dgwp|dffpipe_1f9:dffpipe5" File: /home/tvl/Arduino/esp32-s3-sdr/fpga_projects/cyclone_project/db/alt_synch_pipe_fpl.tdf Line: 34
Info (12021): Found 1 design units, including 1 entities, in source file db/alt_synch_pipe_gpl.tdf
    Info (12023): Found entity 1: alt_synch_pipe_gpl File: /home/tvl/Arduino/esp32-s3-sdr/fpga_projects/cyclone_project/db/alt_synch_pipe_gpl.tdf Line: 26
Info (12128): Elaborating entity "alt_synch_pipe_gpl" for hierarchy "fifo:fm|dcfifo:dcfifo_component|dcfifo_5ti1:auto_generated|alt_synch_pipe_gpl:ws_dgrp" File: /home/tvl/Arduino/esp32-s3-sdr/fpga_projects/cyclone_project/db/dcfifo_5ti1.tdf Line: 57
Info (12021): Found 1 design units, including 1 entities, in source file db/dffpipe_2f9.tdf
    Info (12023): Found entity 1: dffpipe_2f9 File: /home/tvl/Arduino/esp32-s3-sdr/fpga_projects/cyclone_project/db/dffpipe_2f9.tdf Line: 24
Info (12128): Elaborating entity "dffpipe_2f9" for hierarchy "fifo:fm|dcfifo:dcfifo_component|dcfifo_5ti1:auto_generated|alt_synch_pipe_gpl:ws_dgrp|dffpipe_2f9:dffpipe8" File: /home/tvl/Arduino/esp32-s3-sdr/fpga_projects/cyclone_project/db/alt_synch_pipe_gpl.tdf Line: 34
Info (12021): Found 1 design units, including 1 entities, in source file db/cmpr_p76.tdf
    Info (12023): Found entity 1: cmpr_p76 File: /home/tvl/Arduino/esp32-s3-sdr/fpga_projects/cyclone_project/db/cmpr_p76.tdf Line: 22
Info (12128): Elaborating entity "cmpr_p76" for hierarchy "fifo:fm|dcfifo:dcfifo_component|dcfifo_5ti1:auto_generated|cmpr_p76:rdempty_eq_comp" File: /home/tvl/Arduino/esp32-s3-sdr/fpga_projects/cyclone_project/db/dcfifo_5ti1.tdf Line: 58
Warning (12030): Port "q" on the entity instantiation of "memcic_ram_inst" is connected to a signal of width 70. The formal width of the signal in the module is 72.  The extra bits will be left dangling without any fan-out logic. File: /home/tvl/Arduino/esp32-s3-sdr/fpga_projects/cyclone_project/memcic.v Line: 205
Warning (14284): Synthesized away the following node(s):
    Warning (14285): Synthesized away the following RAM node(s):
        Warning (14320): Synthesized away node "Receiver:rx|memcic:memcic_inst_Q|memcic_ram:memcic_ram_inst|altsyncram:altsyncram_component|altsyncram_7bp1:auto_generated|q_b[70]" File: /home/tvl/Arduino/esp32-s3-sdr/fpga_projects/cyclone_project/db/altsyncram_7bp1.tdf Line: 2347
        Warning (14320): Synthesized away node "Receiver:rx|memcic:memcic_inst_Q|memcic_ram:memcic_ram_inst|altsyncram:altsyncram_component|altsyncram_7bp1:auto_generated|q_b[71]" File: /home/tvl/Arduino/esp32-s3-sdr/fpga_projects/cyclone_project/db/altsyncram_7bp1.tdf Line: 2380
        Warning (14320): Synthesized away node "Receiver:rx|memcic:memcic_inst_I|memcic_ram:memcic_ram_inst|altsyncram:altsyncram_component|altsyncram_7bp1:auto_generated|q_b[70]" File: /home/tvl/Arduino/esp32-s3-sdr/fpga_projects/cyclone_project/db/altsyncram_7bp1.tdf Line: 2347
        Warning (14320): Synthesized away node "Receiver:rx|memcic:memcic_inst_I|memcic_ram:memcic_ram_inst|altsyncram:altsyncram_component|altsyncram_7bp1:auto_generated|q_b[71]" File: /home/tvl/Arduino/esp32-s3-sdr/fpga_projects/cyclone_project/db/altsyncram_7bp1.tdf Line: 2380
Info (13014): Ignored 336 buffer(s)
    Info (13019): Ignored 336 SOFT buffer(s)
Warning (14284): Synthesized away the following node(s):
    Warning (14285): Synthesized away the following RAM node(s):
        Warning (14320): Synthesized away node "Transmitter:tx|profile:cw_pro|altsyncram:altsyncram_component|altsyncram_p8b1:auto_generated|q_a[0]" File: /home/tvl/Arduino/esp32-s3-sdr/fpga_projects/cyclone_project/db/altsyncram_p8b1.tdf Line: 34
        Warning (14320): Synthesized away node "Transmitter:tx|profile:cw_pro|altsyncram:altsyncram_component|altsyncram_p8b1:auto_generated|q_a[1]" File: /home/tvl/Arduino/esp32-s3-sdr/fpga_projects/cyclone_project/db/altsyncram_p8b1.tdf Line: 56
        Warning (14320): Synthesized away node "Transmitter:tx|profile:cw_pro|altsyncram:altsyncram_component|altsyncram_p8b1:auto_generated|q_a[2]" File: /home/tvl/Arduino/esp32-s3-sdr/fpga_projects/cyclone_project/db/altsyncram_p8b1.tdf Line: 78
        Warning (14320): Synthesized away node "Transmitter:tx|profile:cw_pro|altsyncram:altsyncram_component|altsyncram_p8b1:auto_generated|q_a[3]" File: /home/tvl/Arduino/esp32-s3-sdr/fpga_projects/cyclone_project/db/altsyncram_p8b1.tdf Line: 100
        Warning (14320): Synthesized away node "Transmitter:tx|profile:cw_pro|altsyncram:altsyncram_component|altsyncram_p8b1:auto_generated|q_a[4]" File: /home/tvl/Arduino/esp32-s3-sdr/fpga_projects/cyclone_project/db/altsyncram_p8b1.tdf Line: 122
        Warning (14320): Synthesized away node "Transmitter:tx|profile:cw_pro|altsyncram:altsyncram_component|altsyncram_p8b1:auto_generated|q_a[5]" File: /home/tvl/Arduino/esp32-s3-sdr/fpga_projects/cyclone_project/db/altsyncram_p8b1.tdf Line: 144
        Warning (14320): Synthesized away node "Transmitter:tx|profile:cw_pro|altsyncram:altsyncram_component|altsyncram_p8b1:auto_generated|q_a[6]" File: /home/tvl/Arduino/esp32-s3-sdr/fpga_projects/cyclone_project/db/altsyncram_p8b1.tdf Line: 166
        Warning (14320): Synthesized away node "Transmitter:tx|profile:cw_pro|altsyncram:altsyncram_component|altsyncram_p8b1:auto_generated|q_a[7]" File: /home/tvl/Arduino/esp32-s3-sdr/fpga_projects/cyclone_project/db/altsyncram_p8b1.tdf Line: 188
        Warning (14320): Synthesized away node "Transmitter:tx|profile:cw_pro|altsyncram:altsyncram_component|altsyncram_p8b1:auto_generated|q_a[8]" File: /home/tvl/Arduino/esp32-s3-sdr/fpga_projects/cyclone_project/db/altsyncram_p8b1.tdf Line: 210
        Warning (14320): Synthesized away node "Transmitter:tx|profile:cw_pro|altsyncram:altsyncram_component|altsyncram_p8b1:auto_generated|q_a[9]" File: /home/tvl/Arduino/esp32-s3-sdr/fpga_projects/cyclone_project/db/altsyncram_p8b1.tdf Line: 232
        Warning (14320): Synthesized away node "Transmitter:tx|profile:cw_pro|altsyncram:altsyncram_component|altsyncram_p8b1:auto_generated|q_a[10]" File: /home/tvl/Arduino/esp32-s3-sdr/fpga_projects/cyclone_project/db/altsyncram_p8b1.tdf Line: 254
        Warning (14320): Synthesized away node "Transmitter:tx|profile:cw_pro|altsyncram:altsyncram_component|altsyncram_p8b1:auto_generated|q_a[11]" File: /home/tvl/Arduino/esp32-s3-sdr/fpga_projects/cyclone_project/db/altsyncram_p8b1.tdf Line: 276
        Warning (14320): Synthesized away node "Transmitter:tx|profile:cw_pro|altsyncram:altsyncram_component|altsyncram_p8b1:auto_generated|q_a[12]" File: /home/tvl/Arduino/esp32-s3-sdr/fpga_projects/cyclone_project/db/altsyncram_p8b1.tdf Line: 298
        Warning (14320): Synthesized away node "Transmitter:tx|profile:cw_pro|altsyncram:altsyncram_component|altsyncram_p8b1:auto_generated|q_a[13]" File: /home/tvl/Arduino/esp32-s3-sdr/fpga_projects/cyclone_project/db/altsyncram_p8b1.tdf Line: 320
        Warning (14320): Synthesized away node "Transmitter:tx|profile:cw_pro|altsyncram:altsyncram_component|altsyncram_p8b1:auto_generated|q_a[14]" File: /home/tvl/Arduino/esp32-s3-sdr/fpga_projects/cyclone_project/db/altsyncram_p8b1.tdf Line: 342
        Warning (14320): Synthesized away node "Transmitter:tx|profile:cw_pro|altsyncram:altsyncram_component|altsyncram_p8b1:auto_generated|q_a[15]" File: /home/tvl/Arduino/esp32-s3-sdr/fpga_projects/cyclone_project/db/altsyncram_p8b1.tdf Line: 364
    Warning (14285): Synthesized away the following DSP element node(s):
        Warning (14320): Synthesized away node "Transmitter:tx|mult_16x16_uns:cw_mult|lpm_mult:lpm_mult_component|mult_a3r:auto_generated|mac_mult1" File: /home/tvl/Arduino/esp32-s3-sdr/fpga_projects/cyclone_project/db/mult_a3r.tdf Line: 35
        Warning (14320): Synthesized away node "Transmitter:tx|mult_16x16_uns:cw_mult|lpm_mult:lpm_mult_component|mult_a3r:auto_generated|mac_out2" File: /home/tvl/Arduino/esp32-s3-sdr/fpga_projects/cyclone_project/db/mult_a3r.tdf Line: 44
Warning (14284): Synthesized away the following node(s):
    Warning (14285): Synthesized away the following RAM node(s):
        Warning (14320): Synthesized away node "Transmitter:tx|profile:cw_pro|altsyncram:altsyncram_component|altsyncram_p8b1:auto_generated|q_a[0]" File: /home/tvl/Arduino/esp32-s3-sdr/fpga_projects/cyclone_project/db/altsyncram_p8b1.tdf Line: 34
        Warning (14320): Synthesized away node "Transmitter:tx|profile:cw_pro|altsyncram:altsyncram_component|altsyncram_p8b1:auto_generated|q_a[1]" File: /home/tvl/Arduino/esp32-s3-sdr/fpga_projects/cyclone_project/db/altsyncram_p8b1.tdf Line: 56
        Warning (14320): Synthesized away node "Transmitter:tx|profile:cw_pro|altsyncram:altsyncram_component|altsyncram_p8b1:auto_generated|q_a[2]" File: /home/tvl/Arduino/esp32-s3-sdr/fpga_projects/cyclone_project/db/altsyncram_p8b1.tdf Line: 78
        Warning (14320): Synthesized away node "Transmitter:tx|profile:cw_pro|altsyncram:altsyncram_component|altsyncram_p8b1:auto_generated|q_a[3]" File: /home/tvl/Arduino/esp32-s3-sdr/fpga_projects/cyclone_project/db/altsyncram_p8b1.tdf Line: 100
        Warning (14320): Synthesized away node "Transmitter:tx|profile:cw_pro|altsyncram:altsyncram_component|altsyncram_p8b1:auto_generated|q_a[4]" File: /home/tvl/Arduino/esp32-s3-sdr/fpga_projects/cyclone_project/db/altsyncram_p8b1.tdf Line: 122
        Warning (14320): Synthesized away node "Transmitter:tx|profile:cw_pro|altsyncram:altsyncram_component|altsyncram_p8b1:auto_generated|q_a[5]" File: /home/tvl/Arduino/esp32-s3-sdr/fpga_projects/cyclone_project/db/altsyncram_p8b1.tdf Line: 144
        Warning (14320): Synthesized away node "Transmitter:tx|profile:cw_pro|altsyncram:altsyncram_component|altsyncram_p8b1:auto_generated|q_a[6]" File: /home/tvl/Arduino/esp32-s3-sdr/fpga_projects/cyclone_project/db/altsyncram_p8b1.tdf Line: 166
        Warning (14320): Synthesized away node "Transmitter:tx|profile:cw_pro|altsyncram:altsyncram_component|altsyncram_p8b1:auto_generated|q_a[7]" File: /home/tvl/Arduino/esp32-s3-sdr/fpga_projects/cyclone_project/db/altsyncram_p8b1.tdf Line: 188
        Warning (14320): Synthesized away node "Transmitter:tx|profile:cw_pro|altsyncram:altsyncram_component|altsyncram_p8b1:auto_generated|q_a[8]" File: /home/tvl/Arduino/esp32-s3-sdr/fpga_projects/cyclone_project/db/altsyncram_p8b1.tdf Line: 210
        Warning (14320): Synthesized away node "Transmitter:tx|profile:cw_pro|altsyncram:altsyncram_component|altsyncram_p8b1:auto_generated|q_a[9]" File: /home/tvl/Arduino/esp32-s3-sdr/fpga_projects/cyclone_project/db/altsyncram_p8b1.tdf Line: 232
        Warning (14320): Synthesized away node "Transmitter:tx|profile:cw_pro|altsyncram:altsyncram_component|altsyncram_p8b1:auto_generated|q_a[10]" File: /home/tvl/Arduino/esp32-s3-sdr/fpga_projects/cyclone_project/db/altsyncram_p8b1.tdf Line: 254
        Warning (14320): Synthesized away node "Transmitter:tx|profile:cw_pro|altsyncram:altsyncram_component|altsyncram_p8b1:auto_generated|q_a[11]" File: /home/tvl/Arduino/esp32-s3-sdr/fpga_projects/cyclone_project/db/altsyncram_p8b1.tdf Line: 276
        Warning (14320): Synthesized away node "Transmitter:tx|profile:cw_pro|altsyncram:altsyncram_component|altsyncram_p8b1:auto_generated|q_a[12]" File: /home/tvl/Arduino/esp32-s3-sdr/fpga_projects/cyclone_project/db/altsyncram_p8b1.tdf Line: 298
        Warning (14320): Synthesized away node "Transmitter:tx|profile:cw_pro|altsyncram:altsyncram_component|altsyncram_p8b1:auto_generated|q_a[13]" File: /home/tvl/Arduino/esp32-s3-sdr/fpga_projects/cyclone_project/db/altsyncram_p8b1.tdf Line: 320
        Warning (14320): Synthesized away node "Transmitter:tx|profile:cw_pro|altsyncram:altsyncram_component|altsyncram_p8b1:auto_generated|q_a[14]" File: /home/tvl/Arduino/esp32-s3-sdr/fpga_projects/cyclone_project/db/altsyncram_p8b1.tdf Line: 342
        Warning (14320): Synthesized away node "Transmitter:tx|profile:cw_pro|altsyncram:altsyncram_component|altsyncram_p8b1:auto_generated|q_a[15]" File: /home/tvl/Arduino/esp32-s3-sdr/fpga_projects/cyclone_project/db/altsyncram_p8b1.tdf Line: 364
    Warning (14285): Synthesized away the following DSP element node(s):
        Warning (14320): Synthesized away node "Transmitter:tx|mult_16x16_uns:cw_mult|lpm_mult:lpm_mult_component|mult_a3r:auto_generated|mac_mult1" File: /home/tvl/Arduino/esp32-s3-sdr/fpga_projects/cyclone_project/db/mult_a3r.tdf Line: 35
        Warning (14320): Synthesized away node "Transmitter:tx|mult_16x16_uns:cw_mult|lpm_mult:lpm_mult_component|mult_a3r:auto_generated|mac_out2" File: /home/tvl/Arduino/esp32-s3-sdr/fpga_projects/cyclone_project/db/mult_a3r.tdf Line: 44
Info (286030): Timing-Driven Synthesis is running
Info (278001): Inferred 2 megafunctions from design logic
    Info (278003): Inferred multiplier megafunction ("lpm_mult") from the following logic: "Transmitter:tx|FirInterp8:fi|Mult1" File: /home/tvl/Arduino/esp32-s3-sdr/fpga_projects/cyclone_project/firinterp.v Line: 109
    Info (278003): Inferred multiplier megafunction ("lpm_mult") from the following logic: "Transmitter:tx|FirInterp8:fi|Mult0" File: /home/tvl/Arduino/esp32-s3-sdr/fpga_projects/cyclone_project/firinterp.v Line: 108
Info (12130): Elaborated megafunction instantiation "Transmitter:tx|FirInterp8:fi|lpm_mult:Mult1" File: /home/tvl/Arduino/esp32-s3-sdr/fpga_projects/cyclone_project/firinterp.v Line: 109
Info (12133): Instantiated megafunction "Transmitter:tx|FirInterp8:fi|lpm_mult:Mult1" with the following parameter: File: /home/tvl/Arduino/esp32-s3-sdr/fpga_projects/cyclone_project/firinterp.v Line: 109
    Info (12134): Parameter "LPM_WIDTHA" = "18"
    Info (12134): Parameter "LPM_WIDTHB" = "18"
    Info (12134): Parameter "LPM_WIDTHP" = "36"
    Info (12134): Parameter "LPM_WIDTHR" = "36"
    Info (12134): Parameter "LPM_WIDTHS" = "1"
    Info (12134): Parameter "LPM_REPRESENTATION" = "SIGNED"
    Info (12134): Parameter "INPUT_A_IS_CONSTANT" = "NO"
    Info (12134): Parameter "INPUT_B_IS_CONSTANT" = "NO"
    Info (12134): Parameter "MAXIMIZE_SPEED" = "6"
Info (12021): Found 1 design units, including 1 entities, in source file db/mult_c6t.tdf
    Info (12023): Found entity 1: mult_c6t File: /home/tvl/Arduino/esp32-s3-sdr/fpga_projects/cyclone_project/db/mult_c6t.tdf Line: 28
Warning (12241): 2 hierarchies have connectivity warnings - see the Connectivity Checks report folder
Info (13000): Registers with preset signals will power-up high File: /home/tvl/Arduino/esp32-s3-sdr/fpga_projects/cyclone_project/db/a_graycounter_777.tdf Line: 32
Info (13003): DEV_CLRn pin will set, and not reset, register with preset signal due to NOT Gate Push-Back
Warning (13024): Output pins are stuck at VCC or GND
    Warning (13410): Pin "level_pwm" is stuck at VCC File: /home/tvl/Arduino/esp32-s3-sdr/fpga_projects/cyclone_project/Radio.v Line: 13
    Warning (13410): Pin "p_att[0]" is stuck at GND File: /home/tvl/Arduino/esp32-s3-sdr/fpga_projects/cyclone_project/Radio.v Line: 34
    Warning (13410): Pin "p_att[1]" is stuck at GND File: /home/tvl/Arduino/esp32-s3-sdr/fpga_projects/cyclone_project/Radio.v Line: 34
    Warning (13410): Pin "p_att[2]" is stuck at GND File: /home/tvl/Arduino/esp32-s3-sdr/fpga_projects/cyclone_project/Radio.v Line: 34
    Warning (13410): Pin "p_att[3]" is stuck at GND File: /home/tvl/Arduino/esp32-s3-sdr/fpga_projects/cyclone_project/Radio.v Line: 34
    Warning (13410): Pin "p_att[4]" is stuck at GND File: /home/tvl/Arduino/esp32-s3-sdr/fpga_projects/cyclone_project/Radio.v Line: 34
    Warning (13410): Pin "p_att[5]" is stuck at GND File: /home/tvl/Arduino/esp32-s3-sdr/fpga_projects/cyclone_project/Radio.v Line: 34
Info (17049): 37 registers lost all their fanouts during netlist optimizations.
Info (144001): Generated suppressed messages file /home/tvl/Arduino/esp32-s3-sdr/fpga_projects/cyclone_project/output_files/Radio.map.smsg
Info (16010): Generating hard_block partition "hard_block:auto_generated_inst"
    Info (16011): Adding 1 node(s), including 0 DDIO, 1 PLL, 0 transceiver and 0 LCELL
Warning (15899): PLL "pll_rx:prx|altpll:altpll_component|pll_rx_altpll:auto_generated|pll1" has parameters clk2_multiply_by and clk2_divide_by specified but port CLK[2] is not connected File: /home/tvl/Arduino/esp32-s3-sdr/fpga_projects/cyclone_project/db/pll_rx_altpll.v Line: 43
Info (21057): Implemented 8466 device resources after synthesis - the final resource count might be different
    Info (21058): Implemented 33 input pins
    Info (21059): Implemented 30 output pins
    Info (21061): Implemented 8052 logic cells
    Info (21064): Implemented 332 RAM segments
    Info (21065): Implemented 1 PLLs
    Info (21062): Implemented 18 DSP elements
Info: Quartus Prime Analysis & Synthesis was successful. 0 errors, 64 warnings
    Info: Peak virtual memory: 1154 megabytes
    Info: Processing ended: Sat Jan  4 22:31:46 2025
    Info: Elapsed time: 00:00:49
    Info: Total CPU time (on all processors): 00:00:35


+------------------------------------------+
; Analysis & Synthesis Suppressed Messages ;
+------------------------------------------+
The suppressed messages can be found in /home/tvl/Arduino/esp32-s3-sdr/fpga_projects/cyclone_project/output_files/Radio.map.smsg.


