Fitter report for Radio
Sat Jan  4 22:33:00 2025
Quartus Prime Version 17.1.0 Build 590 10/25/2017 SJ Lite Edition


---------------------
; Table of Contents ;
---------------------
  1. Legal Notice
  2. Fitter Summary
  3. Fitter Settings
  4. Parallel Compilation
  5. Fitter Netlist Optimizations
  6. Incremental Compilation Preservation Summary
  7. Incremental Compilation Partition Settings
  8. Incremental Compilation Placement Preservation
  9. Pin-Out File
 10. Fitter Resource Usage Summary
 11. Fitter Partition Statistics
 12. Input Pins
 13. Output Pins
 14. Dual Purpose and Dedicated Pins
 15. I/O Bank Usage
 16. All Package Pins
 17. PLL Summary
 18. PLL Usage
 19. I/O Assignment Warnings
 20. Fitter Resource Utilization by Entity
 21. Delay Chain Summary
 22. Pad To Core Delay Chain Fanout
 23. Control Signals
 24. Global & Other Fast Signals
 25. Non-Global High Fan-Out Signals
 26. Fitter RAM Summary
 27. |radio|Receiver:rx|fir_coeffs:fir_coeffs_inst|fir_coeffs_rom:fir_coeffs_rom_inst|altsyncram:altsyncram_component|altsyncram_nvb1:auto_generated|ALTSYNCRAM
 28. |radio|Transmitter:tx|FirInterp8:fi|firromI:rom|altsyncram:altsyncram_component|altsyncram_83b1:auto_generated|ALTSYNCRAM
 29. Fitter DSP Block Usage Summary
 30. DSP Block Details
 31. Routing Usage Summary
 32. LAB Logic Elements
 33. LAB-wide Signals
 34. LAB Signals Sourced
 35. LAB Signals Sourced Out
 36. LAB Distinct Inputs
 37. I/O Rules Summary
 38. I/O Rules Details
 39. I/O Rules Matrix
 40. Fitter Device Options
 41. Operating Settings and Conditions
 42. Estimated Delay Added for Hold Timing Summary
 43. Estimated Delay Added for Hold Timing Details
 44. Fitter Messages
 45. Fitter Suppressed Messages



----------------
; Legal Notice ;
----------------
Copyright (C) 2017  Intel Corporation. All rights reserved.
Your use of Intel Corporation's design tools, logic functions 
and other software and tools, and its AMPP partner logic 
functions, and any output files from any of the foregoing 
(including device programming or simulation files), and any 
associated documentation or information are expressly subject 
to the terms and conditions of the Intel Program License 
Subscription Agreement, the Intel Quartus Prime License Agreement,
the Intel FPGA IP License Agreement, or other applicable license
agreement, including, without limitation, that your use is for
the sole purpose of programming logic devices manufactured by
Intel and sold by Intel or its authorized distributors.  Please
refer to the applicable agreement for further details.



+----------------------------------------------------------------------------------+
; Fitter Summary                                                                   ;
+------------------------------------+---------------------------------------------+
; Fitter Status                      ; Successful - Sat Jan  4 22:33:00 2025       ;
; Quartus Prime Version              ; 17.1.0 Build 590 10/25/2017 SJ Lite Edition ;
; Revision Name                      ; Radio                                       ;
; Top-level Entity Name              ; radio                                       ;
; Family                             ; Cyclone IV E                                ;
; Device                             ; EP4CE15F23C8                                ;
; Timing Models                      ; Final                                       ;
; Total logic elements               ; 7,995 / 15,408 ( 52 % )                     ;
;     Total combinational functions  ; 6,485 / 15,408 ( 42 % )                     ;
;     Dedicated logic registers      ; 5,870 / 15,408 ( 38 % )                     ;
; Total registers                    ; 5870                                        ;
; Total pins                         ; 63 / 344 ( 18 % )                           ;
; Total virtual pins                 ; 0                                           ;
; Total memory bits                  ; 165,916 / 516,096 ( 32 % )                  ;
; Embedded Multiplier 9-bit elements ; 18 / 112 ( 16 % )                           ;
; Total PLLs                         ; 1 / 4 ( 25 % )                              ;
+------------------------------------+---------------------------------------------+


+------------------------------------------------------------------------------------------------------------------------------------------------------------+
; Fitter Settings                                                                                                                                            ;
+----------------------------------------------------------------------------+---------------------------------------+---------------------------------------+
; Option                                                                     ; Setting                               ; Default Value                         ;
+----------------------------------------------------------------------------+---------------------------------------+---------------------------------------+
; Device                                                                     ; EP4CE15F23C8                          ;                                       ;
; Minimum Core Junction Temperature                                          ; 0                                     ;                                       ;
; Maximum Core Junction Temperature                                          ; 85                                    ;                                       ;
; Fit Attempts to Skip                                                       ; 0                                     ; 0.0                                   ;
; Device I/O Standard                                                        ; 3.3-V LVCMOS                          ;                                       ;
; Fitter Effort                                                              ; Standard Fit                          ; Auto Fit                              ;
; Use smart compilation                                                      ; Off                                   ; Off                                   ;
; Enable parallel Assembler and TimeQuest Timing Analyzer during compilation ; On                                    ; On                                    ;
; Enable compact report table                                                ; Off                                   ; Off                                   ;
; Auto Merge PLLs                                                            ; On                                    ; On                                    ;
; Router Timing Optimization Level                                           ; Normal                                ; Normal                                ;
; Perform Clocking Topology Analysis During Routing                          ; Off                                   ; Off                                   ;
; Placement Effort Multiplier                                                ; 1.0                                   ; 1.0                                   ;
; Router Effort Multiplier                                                   ; 1.0                                   ; 1.0                                   ;
; Optimize Hold Timing                                                       ; All Paths                             ; All Paths                             ;
; Optimize Multi-Corner Timing                                               ; On                                    ; On                                    ;
; Power Optimization During Fitting                                          ; Normal compilation                    ; Normal compilation                    ;
; SSN Optimization                                                           ; Off                                   ; Off                                   ;
; Optimize Timing                                                            ; Normal compilation                    ; Normal compilation                    ;
; Optimize Timing for ECOs                                                   ; Off                                   ; Off                                   ;
; Regenerate Full Fit Report During ECO Compiles                             ; Off                                   ; Off                                   ;
; Optimize IOC Register Placement for Timing                                 ; Normal                                ; Normal                                ;
; Limit to One Fitting Attempt                                               ; Off                                   ; Off                                   ;
; Final Placement Optimizations                                              ; Automatically                         ; Automatically                         ;
; Fitter Aggressive Routability Optimizations                                ; Automatically                         ; Automatically                         ;
; Fitter Initial Placement Seed                                              ; 1                                     ; 1                                     ;
; Periphery to Core Placement and Routing Optimization                       ; Off                                   ; Off                                   ;
; PCI I/O                                                                    ; Off                                   ; Off                                   ;
; Weak Pull-Up Resistor                                                      ; Off                                   ; Off                                   ;
; Enable Bus-Hold Circuitry                                                  ; Off                                   ; Off                                   ;
; Auto Packed Registers                                                      ; Auto                                  ; Auto                                  ;
; Auto Delay Chains                                                          ; On                                    ; On                                    ;
; Auto Delay Chains for High Fanout Input Pins                               ; Off                                   ; Off                                   ;
; Allow Single-ended Buffer for Differential-XSTL Input                      ; Off                                   ; Off                                   ;
; Treat Bidirectional Pin as Output Pin                                      ; Off                                   ; Off                                   ;
; Perform Physical Synthesis for Combinational Logic for Fitting             ; Off                                   ; Off                                   ;
; Perform Physical Synthesis for Combinational Logic for Performance         ; Off                                   ; Off                                   ;
; Perform Register Duplication for Performance                               ; Off                                   ; Off                                   ;
; Perform Logic to Memory Mapping for Fitting                                ; Off                                   ; Off                                   ;
; Perform Register Retiming for Performance                                  ; Off                                   ; Off                                   ;
; Perform Asynchronous Signal Pipelining                                     ; Off                                   ; Off                                   ;
; Physical Synthesis Effort Level                                            ; Normal                                ; Normal                                ;
; Logic Cell Insertion - Logic Duplication                                   ; Auto                                  ; Auto                                  ;
; Auto Register Duplication                                                  ; Auto                                  ; Auto                                  ;
; Auto Global Clock                                                          ; On                                    ; On                                    ;
; Auto Global Register Control Signals                                       ; On                                    ; On                                    ;
; Reserve all unused pins                                                    ; As input tri-stated with weak pull-up ; As input tri-stated with weak pull-up ;
; Synchronizer Identification                                                ; Off                                   ; Off                                   ;
; Enable Beneficial Skew Optimization                                        ; Off                                   ; Off                                   ;
; Optimize Design for Metastability                                          ; On                                    ; On                                    ;
; Force Fitter to Avoid Periphery Placement Warnings                         ; Off                                   ; Off                                   ;
; Enable input tri-state on active configuration pins in user mode           ; Off                                   ; Off                                   ;
+----------------------------------------------------------------------------+---------------------------------------+---------------------------------------+


+------------------------------------------+
; Parallel Compilation                     ;
+----------------------------+-------------+
; Processors                 ; Number      ;
+----------------------------+-------------+
; Number detected on machine ; 2           ;
; Maximum allowed            ; 2           ;
;                            ;             ;
; Average used               ; 1.05        ;
; Maximum used               ; 2           ;
;                            ;             ;
; Usage by Processor         ; % Time Used ;
;     Processor 1            ; 100.0%      ;
;     Processor 2            ;   4.7%      ;
+----------------------------+-------------+


+---------------------------------------------------------------------------------------------------------------------------------------------------------------------------------------------------------------------------------------------------------------------------+
; Fitter Netlist Optimizations                                                                                                                                                                                                                                              ;
+--------------------------------------------------------+-----------------+------------------+---------------------+-----------+----------------+-------------------------------------------------------------------------------+------------------+-----------------------+
; Node                                                   ; Action          ; Operation        ; Reason              ; Node Port ; Node Port Name ; Destination Node                                                              ; Destination Port ; Destination Port Name ;
+--------------------------------------------------------+-----------------+------------------+---------------------+-----------+----------------+-------------------------------------------------------------------------------+------------------+-----------------------+
; Transmitter:tx|FirInterp8:fi|reg_coef[0]               ; Packed Register ; Register Packing ; Timing optimization ; Q         ;                ; Transmitter:tx|FirInterp8:fi|lpm_mult:Mult0|mult_c6t:auto_generated|mac_mult1 ; DATAA            ;                       ;
; Transmitter:tx|FirInterp8:fi|reg_coef[0]               ; Duplicated      ; Register Packing ; Timing optimization ; Q         ;                ; Transmitter:tx|FirInterp8:fi|reg_coef[0]~_Duplicate_1                         ; Q                ;                       ;
; Transmitter:tx|FirInterp8:fi|reg_coef[0]~_Duplicate_1  ; Packed Register ; Register Packing ; Timing optimization ; Q         ;                ; Transmitter:tx|FirInterp8:fi|lpm_mult:Mult1|mult_c6t:auto_generated|mac_mult1 ; DATAB            ;                       ;
; Transmitter:tx|FirInterp8:fi|reg_coef[1]               ; Packed Register ; Register Packing ; Timing optimization ; Q         ;                ; Transmitter:tx|FirInterp8:fi|lpm_mult:Mult0|mult_c6t:auto_generated|mac_mult1 ; DATAA            ;                       ;
; Transmitter:tx|FirInterp8:fi|reg_coef[1]               ; Duplicated      ; Register Packing ; Timing optimization ; Q         ;                ; Transmitter:tx|FirInterp8:fi|reg_coef[1]~_Duplicate_1                         ; Q                ;                       ;
; Transmitter:tx|FirInterp8:fi|reg_coef[1]~_Duplicate_1  ; Packed Register ; Register Packing ; Timing optimization ; Q         ;                ; Transmitter:tx|FirInterp8:fi|lpm_mult:Mult1|mult_c6t:auto_generated|mac_mult1 ; DATAB            ;                       ;
; Transmitter:tx|FirInterp8:fi|reg_coef[2]               ; Packed Register ; Register Packing ; Timing optimization ; Q         ;                ; Transmitter:tx|FirInterp8:fi|lpm_mult:Mult0|mult_c6t:auto_generated|mac_mult1 ; DATAA            ;                       ;
; Transmitter:tx|FirInterp8:fi|reg_coef[2]               ; Duplicated      ; Register Packing ; Timing optimization ; Q         ;                ; Transmitter:tx|FirInterp8:fi|reg_coef[2]~_Duplicate_1                         ; Q                ;                       ;
; Transmitter:tx|FirInterp8:fi|reg_coef[2]~_Duplicate_1  ; Packed Register ; Register Packing ; Timing optimization ; Q         ;                ; Transmitter:tx|FirInterp8:fi|lpm_mult:Mult1|mult_c6t:auto_generated|mac_mult1 ; DATAB            ;                       ;
; Transmitter:tx|FirInterp8:fi|reg_coef[3]               ; Packed Register ; Register Packing ; Timing optimization ; Q         ;                ; Transmitter:tx|FirInterp8:fi|lpm_mult:Mult0|mult_c6t:auto_generated|mac_mult1 ; DATAA            ;                       ;
; Transmitter:tx|FirInterp8:fi|reg_coef[3]               ; Duplicated      ; Register Packing ; Timing optimization ; Q         ;                ; Transmitter:tx|FirInterp8:fi|reg_coef[3]~_Duplicate_1                         ; Q                ;                       ;
; Transmitter:tx|FirInterp8:fi|reg_coef[3]~_Duplicate_1  ; Packed Register ; Register Packing ; Timing optimization ; Q         ;                ; Transmitter:tx|FirInterp8:fi|lpm_mult:Mult1|mult_c6t:auto_generated|mac_mult1 ; DATAB            ;                       ;
; Transmitter:tx|FirInterp8:fi|reg_coef[4]               ; Packed Register ; Register Packing ; Timing optimization ; Q         ;                ; Transmitter:tx|FirInterp8:fi|lpm_mult:Mult0|mult_c6t:auto_generated|mac_mult1 ; DATAA            ;                       ;
; Transmitter:tx|FirInterp8:fi|reg_coef[4]               ; Duplicated      ; Register Packing ; Timing optimization ; Q         ;                ; Transmitter:tx|FirInterp8:fi|reg_coef[4]~_Duplicate_1                         ; Q                ;                       ;
; Transmitter:tx|FirInterp8:fi|reg_coef[4]~_Duplicate_1  ; Packed Register ; Register Packing ; Timing optimization ; Q         ;                ; Transmitter:tx|FirInterp8:fi|lpm_mult:Mult1|mult_c6t:auto_generated|mac_mult1 ; DATAB            ;                       ;
; Transmitter:tx|FirInterp8:fi|reg_coef[5]               ; Packed Register ; Register Packing ; Timing optimization ; Q         ;                ; Transmitter:tx|FirInterp8:fi|lpm_mult:Mult0|mult_c6t:auto_generated|mac_mult1 ; DATAA            ;                       ;
; Transmitter:tx|FirInterp8:fi|reg_coef[5]               ; Duplicated      ; Register Packing ; Timing optimization ; Q         ;                ; Transmitter:tx|FirInterp8:fi|reg_coef[5]~_Duplicate_1                         ; Q                ;                       ;
; Transmitter:tx|FirInterp8:fi|reg_coef[5]~_Duplicate_1  ; Packed Register ; Register Packing ; Timing optimization ; Q         ;                ; Transmitter:tx|FirInterp8:fi|lpm_mult:Mult1|mult_c6t:auto_generated|mac_mult1 ; DATAB            ;                       ;
; Transmitter:tx|FirInterp8:fi|reg_coef[6]               ; Packed Register ; Register Packing ; Timing optimization ; Q         ;                ; Transmitter:tx|FirInterp8:fi|lpm_mult:Mult0|mult_c6t:auto_generated|mac_mult1 ; DATAA            ;                       ;
; Transmitter:tx|FirInterp8:fi|reg_coef[6]               ; Duplicated      ; Register Packing ; Timing optimization ; Q         ;                ; Transmitter:tx|FirInterp8:fi|reg_coef[6]~_Duplicate_1                         ; Q                ;                       ;
; Transmitter:tx|FirInterp8:fi|reg_coef[6]~_Duplicate_1  ; Packed Register ; Register Packing ; Timing optimization ; Q         ;                ; Transmitter:tx|FirInterp8:fi|lpm_mult:Mult1|mult_c6t:auto_generated|mac_mult1 ; DATAB            ;                       ;
; Transmitter:tx|FirInterp8:fi|reg_coef[7]               ; Packed Register ; Register Packing ; Timing optimization ; Q         ;                ; Transmitter:tx|FirInterp8:fi|lpm_mult:Mult0|mult_c6t:auto_generated|mac_mult1 ; DATAA            ;                       ;
; Transmitter:tx|FirInterp8:fi|reg_coef[7]               ; Duplicated      ; Register Packing ; Timing optimization ; Q         ;                ; Transmitter:tx|FirInterp8:fi|reg_coef[7]~_Duplicate_1                         ; Q                ;                       ;
; Transmitter:tx|FirInterp8:fi|reg_coef[7]~_Duplicate_1  ; Packed Register ; Register Packing ; Timing optimization ; Q         ;                ; Transmitter:tx|FirInterp8:fi|lpm_mult:Mult1|mult_c6t:auto_generated|mac_mult1 ; DATAB            ;                       ;
; Transmitter:tx|FirInterp8:fi|reg_coef[8]               ; Packed Register ; Register Packing ; Timing optimization ; Q         ;                ; Transmitter:tx|FirInterp8:fi|lpm_mult:Mult0|mult_c6t:auto_generated|mac_mult1 ; DATAA            ;                       ;
; Transmitter:tx|FirInterp8:fi|reg_coef[8]               ; Duplicated      ; Register Packing ; Timing optimization ; Q         ;                ; Transmitter:tx|FirInterp8:fi|reg_coef[8]~_Duplicate_1                         ; Q                ;                       ;
; Transmitter:tx|FirInterp8:fi|reg_coef[8]~_Duplicate_1  ; Packed Register ; Register Packing ; Timing optimization ; Q         ;                ; Transmitter:tx|FirInterp8:fi|lpm_mult:Mult1|mult_c6t:auto_generated|mac_mult1 ; DATAB            ;                       ;
; Transmitter:tx|FirInterp8:fi|reg_coef[9]               ; Packed Register ; Register Packing ; Timing optimization ; Q         ;                ; Transmitter:tx|FirInterp8:fi|lpm_mult:Mult0|mult_c6t:auto_generated|mac_mult1 ; DATAA            ;                       ;
; Transmitter:tx|FirInterp8:fi|reg_coef[9]               ; Duplicated      ; Register Packing ; Timing optimization ; Q         ;                ; Transmitter:tx|FirInterp8:fi|reg_coef[9]~_Duplicate_1                         ; Q                ;                       ;
; Transmitter:tx|FirInterp8:fi|reg_coef[9]~_Duplicate_1  ; Packed Register ; Register Packing ; Timing optimization ; Q         ;                ; Transmitter:tx|FirInterp8:fi|lpm_mult:Mult1|mult_c6t:auto_generated|mac_mult1 ; DATAB            ;                       ;
; Transmitter:tx|FirInterp8:fi|reg_coef[10]              ; Packed Register ; Register Packing ; Timing optimization ; Q         ;                ; Transmitter:tx|FirInterp8:fi|lpm_mult:Mult0|mult_c6t:auto_generated|mac_mult1 ; DATAA            ;                       ;
; Transmitter:tx|FirInterp8:fi|reg_coef[10]              ; Duplicated      ; Register Packing ; Timing optimization ; Q         ;                ; Transmitter:tx|FirInterp8:fi|reg_coef[10]~_Duplicate_1                        ; Q                ;                       ;
; Transmitter:tx|FirInterp8:fi|reg_coef[10]~_Duplicate_1 ; Packed Register ; Register Packing ; Timing optimization ; Q         ;                ; Transmitter:tx|FirInterp8:fi|lpm_mult:Mult1|mult_c6t:auto_generated|mac_mult1 ; DATAB            ;                       ;
; Transmitter:tx|FirInterp8:fi|reg_coef[11]              ; Packed Register ; Register Packing ; Timing optimization ; Q         ;                ; Transmitter:tx|FirInterp8:fi|lpm_mult:Mult0|mult_c6t:auto_generated|mac_mult1 ; DATAA            ;                       ;
; Transmitter:tx|FirInterp8:fi|reg_coef[11]              ; Duplicated      ; Register Packing ; Timing optimization ; Q         ;                ; Transmitter:tx|FirInterp8:fi|reg_coef[11]~_Duplicate_1                        ; Q                ;                       ;
; Transmitter:tx|FirInterp8:fi|reg_coef[11]~_Duplicate_1 ; Packed Register ; Register Packing ; Timing optimization ; Q         ;                ; Transmitter:tx|FirInterp8:fi|lpm_mult:Mult1|mult_c6t:auto_generated|mac_mult1 ; DATAB            ;                       ;
; Transmitter:tx|FirInterp8:fi|reg_coef[12]              ; Packed Register ; Register Packing ; Timing optimization ; Q         ;                ; Transmitter:tx|FirInterp8:fi|lpm_mult:Mult0|mult_c6t:auto_generated|mac_mult1 ; DATAA            ;                       ;
; Transmitter:tx|FirInterp8:fi|reg_coef[12]              ; Duplicated      ; Register Packing ; Timing optimization ; Q         ;                ; Transmitter:tx|FirInterp8:fi|reg_coef[12]~_Duplicate_1                        ; Q                ;                       ;
; Transmitter:tx|FirInterp8:fi|reg_coef[12]~_Duplicate_1 ; Packed Register ; Register Packing ; Timing optimization ; Q         ;                ; Transmitter:tx|FirInterp8:fi|lpm_mult:Mult1|mult_c6t:auto_generated|mac_mult1 ; DATAB            ;                       ;
; Transmitter:tx|FirInterp8:fi|reg_coef[13]              ; Packed Register ; Register Packing ; Timing optimization ; Q         ;                ; Transmitter:tx|FirInterp8:fi|lpm_mult:Mult0|mult_c6t:auto_generated|mac_mult1 ; DATAA            ;                       ;
; Transmitter:tx|FirInterp8:fi|reg_coef[13]              ; Duplicated      ; Register Packing ; Timing optimization ; Q         ;                ; Transmitter:tx|FirInterp8:fi|reg_coef[13]~_Duplicate_1                        ; Q                ;                       ;
; Transmitter:tx|FirInterp8:fi|reg_coef[13]~_Duplicate_1 ; Packed Register ; Register Packing ; Timing optimization ; Q         ;                ; Transmitter:tx|FirInterp8:fi|lpm_mult:Mult1|mult_c6t:auto_generated|mac_mult1 ; DATAB            ;                       ;
; Transmitter:tx|FirInterp8:fi|reg_coef[14]              ; Packed Register ; Register Packing ; Timing optimization ; Q         ;                ; Transmitter:tx|FirInterp8:fi|lpm_mult:Mult0|mult_c6t:auto_generated|mac_mult1 ; DATAA            ;                       ;
; Transmitter:tx|FirInterp8:fi|reg_coef[14]              ; Duplicated      ; Register Packing ; Timing optimization ; Q         ;                ; Transmitter:tx|FirInterp8:fi|reg_coef[14]~_Duplicate_1                        ; Q                ;                       ;
; Transmitter:tx|FirInterp8:fi|reg_coef[14]~_Duplicate_1 ; Packed Register ; Register Packing ; Timing optimization ; Q         ;                ; Transmitter:tx|FirInterp8:fi|lpm_mult:Mult1|mult_c6t:auto_generated|mac_mult1 ; DATAB            ;                       ;
; Transmitter:tx|FirInterp8:fi|reg_coef[15]              ; Packed Register ; Register Packing ; Timing optimization ; Q         ;                ; Transmitter:tx|FirInterp8:fi|lpm_mult:Mult0|mult_c6t:auto_generated|mac_mult1 ; DATAA            ;                       ;
; Transmitter:tx|FirInterp8:fi|reg_coef[15]              ; Duplicated      ; Register Packing ; Timing optimization ; Q         ;                ; Transmitter:tx|FirInterp8:fi|reg_coef[15]~_Duplicate_1                        ; Q                ;                       ;
; Transmitter:tx|FirInterp8:fi|reg_coef[15]~_Duplicate_1 ; Packed Register ; Register Packing ; Timing optimization ; Q         ;                ; Transmitter:tx|FirInterp8:fi|lpm_mult:Mult1|mult_c6t:auto_generated|mac_mult1 ; DATAB            ;                       ;
; Transmitter:tx|FirInterp8:fi|reg_coef[16]              ; Packed Register ; Register Packing ; Timing optimization ; Q         ;                ; Transmitter:tx|FirInterp8:fi|lpm_mult:Mult0|mult_c6t:auto_generated|mac_mult1 ; DATAA            ;                       ;
; Transmitter:tx|FirInterp8:fi|reg_coef[16]              ; Duplicated      ; Register Packing ; Timing optimization ; Q         ;                ; Transmitter:tx|FirInterp8:fi|reg_coef[16]~_Duplicate_1                        ; Q                ;                       ;
; Transmitter:tx|FirInterp8:fi|reg_coef[16]~_Duplicate_1 ; Packed Register ; Register Packing ; Timing optimization ; Q         ;                ; Transmitter:tx|FirInterp8:fi|lpm_mult:Mult1|mult_c6t:auto_generated|mac_mult1 ; DATAB            ;                       ;
; Transmitter:tx|FirInterp8:fi|reg_coef[17]              ; Packed Register ; Register Packing ; Timing optimization ; Q         ;                ; Transmitter:tx|FirInterp8:fi|lpm_mult:Mult0|mult_c6t:auto_generated|mac_mult1 ; DATAA            ;                       ;
; Transmitter:tx|FirInterp8:fi|reg_coef[17]              ; Duplicated      ; Register Packing ; Timing optimization ; Q         ;                ; Transmitter:tx|FirInterp8:fi|reg_coef[17]~_Duplicate_1                        ; Q                ;                       ;
; Transmitter:tx|FirInterp8:fi|reg_coef[17]~_Duplicate_1 ; Packed Register ; Register Packing ; Timing optimization ; Q         ;                ; Transmitter:tx|FirInterp8:fi|lpm_mult:Mult1|mult_c6t:auto_generated|mac_mult1 ; DATAB            ;                       ;
; Transmitter:tx|FirInterp8:fi|reg_q[0]                  ; Packed Register ; Register Packing ; Timing optimization ; Q         ;                ; Transmitter:tx|FirInterp8:fi|lpm_mult:Mult1|mult_c6t:auto_generated|mac_mult1 ; DATAA            ;                       ;
; Transmitter:tx|FirInterp8:fi|reg_q[1]                  ; Packed Register ; Register Packing ; Timing optimization ; Q         ;                ; Transmitter:tx|FirInterp8:fi|lpm_mult:Mult1|mult_c6t:auto_generated|mac_mult1 ; DATAA            ;                       ;
; Transmitter:tx|FirInterp8:fi|reg_q[2]                  ; Packed Register ; Register Packing ; Timing optimization ; Q         ;                ; Transmitter:tx|FirInterp8:fi|lpm_mult:Mult1|mult_c6t:auto_generated|mac_mult1 ; DATAA            ;                       ;
; Transmitter:tx|FirInterp8:fi|reg_q[3]                  ; Packed Register ; Register Packing ; Timing optimization ; Q         ;                ; Transmitter:tx|FirInterp8:fi|lpm_mult:Mult1|mult_c6t:auto_generated|mac_mult1 ; DATAA            ;                       ;
; Transmitter:tx|FirInterp8:fi|reg_q[4]                  ; Packed Register ; Register Packing ; Timing optimization ; Q         ;                ; Transmitter:tx|FirInterp8:fi|lpm_mult:Mult1|mult_c6t:auto_generated|mac_mult1 ; DATAA            ;                       ;
; Transmitter:tx|FirInterp8:fi|reg_q[5]                  ; Packed Register ; Register Packing ; Timing optimization ; Q         ;                ; Transmitter:tx|FirInterp8:fi|lpm_mult:Mult1|mult_c6t:auto_generated|mac_mult1 ; DATAA            ;                       ;
; Transmitter:tx|FirInterp8:fi|reg_q[6]                  ; Packed Register ; Register Packing ; Timing optimization ; Q         ;                ; Transmitter:tx|FirInterp8:fi|lpm_mult:Mult1|mult_c6t:auto_generated|mac_mult1 ; DATAA            ;                       ;
; Transmitter:tx|FirInterp8:fi|reg_q[7]                  ; Packed Register ; Register Packing ; Timing optimization ; Q         ;                ; Transmitter:tx|FirInterp8:fi|lpm_mult:Mult1|mult_c6t:auto_generated|mac_mult1 ; DATAA            ;                       ;
; Transmitter:tx|FirInterp8:fi|reg_q[8]                  ; Packed Register ; Register Packing ; Timing optimization ; Q         ;                ; Transmitter:tx|FirInterp8:fi|lpm_mult:Mult1|mult_c6t:auto_generated|mac_mult1 ; DATAA            ;                       ;
; Transmitter:tx|FirInterp8:fi|reg_q[9]                  ; Packed Register ; Register Packing ; Timing optimization ; Q         ;                ; Transmitter:tx|FirInterp8:fi|lpm_mult:Mult1|mult_c6t:auto_generated|mac_mult1 ; DATAA            ;                       ;
; Transmitter:tx|FirInterp8:fi|reg_q[10]                 ; Packed Register ; Register Packing ; Timing optimization ; Q         ;                ; Transmitter:tx|FirInterp8:fi|lpm_mult:Mult1|mult_c6t:auto_generated|mac_mult1 ; DATAA            ;                       ;
; Transmitter:tx|FirInterp8:fi|reg_q[11]                 ; Packed Register ; Register Packing ; Timing optimization ; Q         ;                ; Transmitter:tx|FirInterp8:fi|lpm_mult:Mult1|mult_c6t:auto_generated|mac_mult1 ; DATAA            ;                       ;
; Transmitter:tx|FirInterp8:fi|reg_q[12]                 ; Packed Register ; Register Packing ; Timing optimization ; Q         ;                ; Transmitter:tx|FirInterp8:fi|lpm_mult:Mult1|mult_c6t:auto_generated|mac_mult1 ; DATAA            ;                       ;
; Transmitter:tx|FirInterp8:fi|reg_q[13]                 ; Packed Register ; Register Packing ; Timing optimization ; Q         ;                ; Transmitter:tx|FirInterp8:fi|lpm_mult:Mult1|mult_c6t:auto_generated|mac_mult1 ; DATAA            ;                       ;
; Transmitter:tx|FirInterp8:fi|reg_q[14]                 ; Packed Register ; Register Packing ; Timing optimization ; Q         ;                ; Transmitter:tx|FirInterp8:fi|lpm_mult:Mult1|mult_c6t:auto_generated|mac_mult1 ; DATAA            ;                       ;
; Transmitter:tx|FirInterp8:fi|reg_q[15]                 ; Packed Register ; Register Packing ; Timing optimization ; Q         ;                ; Transmitter:tx|FirInterp8:fi|lpm_mult:Mult1|mult_c6t:auto_generated|mac_mult1 ; DATAA            ;                       ;
; Transmitter:tx|FirInterp8:fi|reg_q[16]                 ; Packed Register ; Register Packing ; Timing optimization ; Q         ;                ; Transmitter:tx|FirInterp8:fi|lpm_mult:Mult1|mult_c6t:auto_generated|mac_mult1 ; DATAA            ;                       ;
; Transmitter:tx|FirInterp8:fi|reg_q[17]                 ; Packed Register ; Register Packing ; Timing optimization ; Q         ;                ; Transmitter:tx|FirInterp8:fi|lpm_mult:Mult1|mult_c6t:auto_generated|mac_mult1 ; DATAA            ;                       ;
; Transmitter:tx|FirInterp8:fi|reg_q[18]                 ; Packed Register ; Register Packing ; Timing optimization ; Q         ;                ; Transmitter:tx|FirInterp8:fi|lpm_mult:Mult0|mult_c6t:auto_generated|mac_mult1 ; DATAB            ;                       ;
; Transmitter:tx|FirInterp8:fi|reg_q[19]                 ; Packed Register ; Register Packing ; Timing optimization ; Q         ;                ; Transmitter:tx|FirInterp8:fi|lpm_mult:Mult0|mult_c6t:auto_generated|mac_mult1 ; DATAB            ;                       ;
; Transmitter:tx|FirInterp8:fi|reg_q[20]                 ; Packed Register ; Register Packing ; Timing optimization ; Q         ;                ; Transmitter:tx|FirInterp8:fi|lpm_mult:Mult0|mult_c6t:auto_generated|mac_mult1 ; DATAB            ;                       ;
; Transmitter:tx|FirInterp8:fi|reg_q[21]                 ; Packed Register ; Register Packing ; Timing optimization ; Q         ;                ; Transmitter:tx|FirInterp8:fi|lpm_mult:Mult0|mult_c6t:auto_generated|mac_mult1 ; DATAB            ;                       ;
; Transmitter:tx|FirInterp8:fi|reg_q[22]                 ; Packed Register ; Register Packing ; Timing optimization ; Q         ;                ; Transmitter:tx|FirInterp8:fi|lpm_mult:Mult0|mult_c6t:auto_generated|mac_mult1 ; DATAB            ;                       ;
; Transmitter:tx|FirInterp8:fi|reg_q[23]                 ; Packed Register ; Register Packing ; Timing optimization ; Q         ;                ; Transmitter:tx|FirInterp8:fi|lpm_mult:Mult0|mult_c6t:auto_generated|mac_mult1 ; DATAB            ;                       ;
; Transmitter:tx|FirInterp8:fi|reg_q[24]                 ; Packed Register ; Register Packing ; Timing optimization ; Q         ;                ; Transmitter:tx|FirInterp8:fi|lpm_mult:Mult0|mult_c6t:auto_generated|mac_mult1 ; DATAB            ;                       ;
; Transmitter:tx|FirInterp8:fi|reg_q[25]                 ; Packed Register ; Register Packing ; Timing optimization ; Q         ;                ; Transmitter:tx|FirInterp8:fi|lpm_mult:Mult0|mult_c6t:auto_generated|mac_mult1 ; DATAB            ;                       ;
; Transmitter:tx|FirInterp8:fi|reg_q[26]                 ; Packed Register ; Register Packing ; Timing optimization ; Q         ;                ; Transmitter:tx|FirInterp8:fi|lpm_mult:Mult0|mult_c6t:auto_generated|mac_mult1 ; DATAB            ;                       ;
; Transmitter:tx|FirInterp8:fi|reg_q[27]                 ; Packed Register ; Register Packing ; Timing optimization ; Q         ;                ; Transmitter:tx|FirInterp8:fi|lpm_mult:Mult0|mult_c6t:auto_generated|mac_mult1 ; DATAB            ;                       ;
; Transmitter:tx|FirInterp8:fi|reg_q[28]                 ; Packed Register ; Register Packing ; Timing optimization ; Q         ;                ; Transmitter:tx|FirInterp8:fi|lpm_mult:Mult0|mult_c6t:auto_generated|mac_mult1 ; DATAB            ;                       ;
; Transmitter:tx|FirInterp8:fi|reg_q[29]                 ; Packed Register ; Register Packing ; Timing optimization ; Q         ;                ; Transmitter:tx|FirInterp8:fi|lpm_mult:Mult0|mult_c6t:auto_generated|mac_mult1 ; DATAB            ;                       ;
; Transmitter:tx|FirInterp8:fi|reg_q[30]                 ; Packed Register ; Register Packing ; Timing optimization ; Q         ;                ; Transmitter:tx|FirInterp8:fi|lpm_mult:Mult0|mult_c6t:auto_generated|mac_mult1 ; DATAB            ;                       ;
; Transmitter:tx|FirInterp8:fi|reg_q[31]                 ; Packed Register ; Register Packing ; Timing optimization ; Q         ;                ; Transmitter:tx|FirInterp8:fi|lpm_mult:Mult0|mult_c6t:auto_generated|mac_mult1 ; DATAB            ;                       ;
; Transmitter:tx|FirInterp8:fi|reg_q[32]                 ; Packed Register ; Register Packing ; Timing optimization ; Q         ;                ; Transmitter:tx|FirInterp8:fi|lpm_mult:Mult0|mult_c6t:auto_generated|mac_mult1 ; DATAB            ;                       ;
; Transmitter:tx|FirInterp8:fi|reg_q[33]                 ; Packed Register ; Register Packing ; Timing optimization ; Q         ;                ; Transmitter:tx|FirInterp8:fi|lpm_mult:Mult0|mult_c6t:auto_generated|mac_mult1 ; DATAB            ;                       ;
; Transmitter:tx|FirInterp8:fi|reg_q[34]                 ; Packed Register ; Register Packing ; Timing optimization ; Q         ;                ; Transmitter:tx|FirInterp8:fi|lpm_mult:Mult0|mult_c6t:auto_generated|mac_mult1 ; DATAB            ;                       ;
; Transmitter:tx|FirInterp8:fi|reg_q[35]                 ; Packed Register ; Register Packing ; Timing optimization ; Q         ;                ; Transmitter:tx|FirInterp8:fi|lpm_mult:Mult0|mult_c6t:auto_generated|mac_mult1 ; DATAB            ;                       ;
+--------------------------------------------------------+-----------------+------------------+---------------------+-----------+----------------+-------------------------------------------------------------------------------+------------------+-----------------------+


+----------------------------------------------------------------------------------------------------+
; Incremental Compilation Preservation Summary                                                       ;
+---------------------+----------------------+----------------------------+--------------------------+
; Type                ; Total [A + B]        ; From Design Partitions [A] ; From Rapid Recompile [B] ;
+---------------------+----------------------+----------------------------+--------------------------+
; Placement (by node) ;                      ;                            ;                          ;
;     -- Requested    ; 0.00 % ( 0 / 12900 ) ; 0.00 % ( 0 / 12900 )       ; 0.00 % ( 0 / 12900 )     ;
;     -- Achieved     ; 0.00 % ( 0 / 12900 ) ; 0.00 % ( 0 / 12900 )       ; 0.00 % ( 0 / 12900 )     ;
;                     ;                      ;                            ;                          ;
; Routing (by net)    ;                      ;                            ;                          ;
;     -- Requested    ; 0.00 % ( 0 / 0 )     ; 0.00 % ( 0 / 0 )           ; 0.00 % ( 0 / 0 )         ;
;     -- Achieved     ; 0.00 % ( 0 / 0 )     ; 0.00 % ( 0 / 0 )           ; 0.00 % ( 0 / 0 )         ;
+---------------------+----------------------+----------------------------+--------------------------+


+----------------------------------------------------------------------------------------------------------------------------------------------------------------------------------------+
; Incremental Compilation Partition Settings                                                                                                                                             ;
+--------------------------------+----------------+-------------------+-------------------------+------------------------+------------------------------+--------------------------------+
; Partition Name                 ; Partition Type ; Netlist Type Used ; Preservation Level Used ; Netlist Type Requested ; Preservation Level Requested ; Contents                       ;
+--------------------------------+----------------+-------------------+-------------------------+------------------------+------------------------------+--------------------------------+
; Top                            ; User-created   ; Source File       ; N/A                     ; Source File            ; N/A                          ;                                ;
; hard_block:auto_generated_inst ; Auto-generated ; Source File       ; N/A                     ; Source File            ; N/A                          ; hard_block:auto_generated_inst ;
+--------------------------------+----------------+-------------------+-------------------------+------------------------+------------------------------+--------------------------------+


+------------------------------------------------------------------------------------------------------------------------------------+
; Incremental Compilation Placement Preservation                                                                                     ;
+--------------------------------+-----------------------+-------------------------+-------------------+---------------------+-------+
; Partition Name                 ; Preservation Achieved ; Preservation Level Used ; Netlist Type Used ; Preservation Method ; Notes ;
+--------------------------------+-----------------------+-------------------------+-------------------+---------------------+-------+
; Top                            ; 0.00 % ( 0 / 12891 )  ; N/A                     ; Source File       ; N/A                 ;       ;
; hard_block:auto_generated_inst ; 0.00 % ( 0 / 9 )      ; N/A                     ; Source File       ; N/A                 ;       ;
+--------------------------------+-----------------------+-------------------------+-------------------+---------------------+-------+


+--------------+
; Pin-Out File ;
+--------------+
The pin-out file can be found in /home/tvl/Arduino/esp32-s3-sdr/fpga_projects/cyclone_project/output_files/Radio.pin.


+--------------------------------------------------------------------------+
; Fitter Resource Usage Summary                                            ;
+---------------------------------------------+----------------------------+
; Resource                                    ; Usage                      ;
+---------------------------------------------+----------------------------+
; Total logic elements                        ; 7,995 / 15,408 ( 52 % )    ;
;     -- Combinational with no register       ; 2125                       ;
;     -- Register only                        ; 1510                       ;
;     -- Combinational with a register        ; 4360                       ;
;                                             ;                            ;
; Logic element usage by number of LUT inputs ;                            ;
;     -- 4 input functions                    ; 228                        ;
;     -- 3 input functions                    ; 4695                       ;
;     -- <=2 input functions                  ; 1562                       ;
;     -- Register only                        ; 1510                       ;
;                                             ;                            ;
; Logic elements by mode                      ;                            ;
;     -- normal mode                          ; 1833                       ;
;     -- arithmetic mode                      ; 4652                       ;
;                                             ;                            ;
; Total registers*                            ; 5,870 / 17,056 ( 34 % )    ;
;     -- Dedicated logic registers            ; 5,870 / 15,408 ( 38 % )    ;
;     -- I/O registers                        ; 0 / 1,648 ( 0 % )          ;
;                                             ;                            ;
; Total LABs:  partially or completely used   ; 628 / 963 ( 65 % )         ;
; Virtual pins                                ; 0                          ;
; I/O pins                                    ; 63 / 344 ( 18 % )          ;
;     -- Clock pins                           ; 1 / 7 ( 14 % )             ;
;     -- Dedicated input pins                 ; 0 / 9 ( 0 % )              ;
;                                             ;                            ;
; M9Ks                                        ; 25 / 56 ( 45 % )           ;
; Total block memory bits                     ; 165,916 / 516,096 ( 32 % ) ;
; Total block memory implementation bits      ; 230,400 / 516,096 ( 45 % ) ;
; Embedded Multiplier 9-bit elements          ; 18 / 112 ( 16 % )          ;
; PLLs                                        ; 1 / 4 ( 25 % )             ;
; Global signals                              ; 6                          ;
;     -- Global clocks                        ; 6 / 20 ( 30 % )            ;
; JTAGs                                       ; 0 / 1 ( 0 % )              ;
; CRC blocks                                  ; 0 / 1 ( 0 % )              ;
; ASMI blocks                                 ; 0 / 1 ( 0 % )              ;
; Oscillator blocks                           ; 0 / 1 ( 0 % )              ;
; Impedance control blocks                    ; 0 / 4 ( 0 % )              ;
; Average interconnect usage (total/H/V)      ; 15.0% / 14.9% / 15.1%      ;
; Peak interconnect usage (total/H/V)         ; 26.4% / 28.1% / 26.9%      ;
; Maximum fan-out                             ; 2931                       ;
; Highest non-global fan-out                  ; 853                        ;
; Total fan-out                               ; 35700                      ;
; Average fan-out                             ; 2.58                       ;
+---------------------------------------------+----------------------------+
*  Register count does not include registers inside RAM blocks or DSP blocks.



+------------------------------------------------------------------------------------------------------+
; Fitter Partition Statistics                                                                          ;
+---------------------------------------------+-----------------------+--------------------------------+
; Statistic                                   ; Top                   ; hard_block:auto_generated_inst ;
+---------------------------------------------+-----------------------+--------------------------------+
; Difficulty Clustering Region                ; Low                   ; Low                            ;
;                                             ;                       ;                                ;
; Total logic elements                        ; 7995 / 15408 ( 52 % ) ; 0 / 15408 ( 0 % )              ;
;     -- Combinational with no register       ; 2125                  ; 0                              ;
;     -- Register only                        ; 1510                  ; 0                              ;
;     -- Combinational with a register        ; 4360                  ; 0                              ;
;                                             ;                       ;                                ;
; Logic element usage by number of LUT inputs ;                       ;                                ;
;     -- 4 input functions                    ; 228                   ; 0                              ;
;     -- 3 input functions                    ; 4695                  ; 0                              ;
;     -- <=2 input functions                  ; 1562                  ; 0                              ;
;     -- Register only                        ; 1510                  ; 0                              ;
;                                             ;                       ;                                ;
; Logic elements by mode                      ;                       ;                                ;
;     -- normal mode                          ; 1833                  ; 0                              ;
;     -- arithmetic mode                      ; 4652                  ; 0                              ;
;                                             ;                       ;                                ;
; Total registers                             ; 5870                  ; 0                              ;
;     -- Dedicated logic registers            ; 5870 / 15408 ( 38 % ) ; 0 / 15408 ( 0 % )              ;
;     -- I/O registers                        ; 0                     ; 0                              ;
;                                             ;                       ;                                ;
; Total LABs:  partially or completely used   ; 628 / 963 ( 65 % )    ; 0 / 963 ( 0 % )                ;
;                                             ;                       ;                                ;
; Virtual pins                                ; 0                     ; 0                              ;
; I/O pins                                    ; 63                    ; 0                              ;
; Embedded Multiplier 9-bit elements          ; 18 / 112 ( 16 % )     ; 0 / 112 ( 0 % )                ;
; Total memory bits                           ; 165916                ; 0                              ;
; Total RAM block bits                        ; 230400                ; 0                              ;
; PLL                                         ; 0 / 4 ( 0 % )         ; 1 / 4 ( 25 % )                 ;
; M9K                                         ; 25 / 56 ( 44 % )      ; 0 / 56 ( 0 % )                 ;
; Clock control block                         ; 4 / 24 ( 16 % )       ; 2 / 24 ( 8 % )                 ;
;                                             ;                       ;                                ;
; Connections                                 ;                       ;                                ;
;     -- Input Connections                    ; 2341                  ; 1                              ;
;     -- Registered Input Connections         ; 2338                  ; 0                              ;
;     -- Output Connections                   ; 1                     ; 2341                           ;
;     -- Registered Output Connections        ; 0                     ; 0                              ;
;                                             ;                       ;                                ;
; Internal Connections                        ;                       ;                                ;
;     -- Total Connections                    ; 36318                 ; 2348                           ;
;     -- Registered Connections               ; 17114                 ; 0                              ;
;                                             ;                       ;                                ;
; External Connections                        ;                       ;                                ;
;     -- Top                                  ; 0                     ; 2342                           ;
;     -- hard_block:auto_generated_inst       ; 2342                  ; 0                              ;
;                                             ;                       ;                                ;
; Partition Interface                         ;                       ;                                ;
;     -- Input Ports                          ; 33                    ; 1                              ;
;     -- Output Ports                         ; 30                    ; 2                              ;
;     -- Bidir Ports                          ; 0                     ; 0                              ;
;                                             ;                       ;                                ;
; Registered Ports                            ;                       ;                                ;
;     -- Registered Input Ports               ; 0                     ; 0                              ;
;     -- Registered Output Ports              ; 0                     ; 0                              ;
;                                             ;                       ;                                ;
; Port Connectivity                           ;                       ;                                ;
;     -- Input Ports driven by GND            ; 0                     ; 0                              ;
;     -- Output Ports driven by GND           ; 0                     ; 0                              ;
;     -- Input Ports driven by VCC            ; 0                     ; 0                              ;
;     -- Output Ports driven by VCC           ; 0                     ; 0                              ;
;     -- Input Ports with no Source           ; 0                     ; 0                              ;
;     -- Output Ports with no Source          ; 0                     ; 0                              ;
;     -- Input Ports with no Fanout           ; 0                     ; 0                              ;
;     -- Output Ports with no Fanout          ; 0                     ; 0                              ;
+---------------------------------------------+-----------------------+--------------------------------+


+-------------------------------------------------------------------------------------------------------------------------------------------------------------------------------------------------------------------------------------------------------------------------------------------------+
; Input Pins                                                                                                                                                                                                                                                                                      ;
+----------------+-------+----------+--------------+--------------+--------------+-----------------------+--------------------+--------+----------------+---------------+-----------------+----------+--------------+--------------+---------------------------+----------------------+-----------+
; Name           ; Pin # ; I/O Bank ; X coordinate ; Y coordinate ; Z coordinate ; Combinational Fan-Out ; Registered Fan-Out ; Global ; Input Register ; Power Up High ; PCI I/O Enabled ; Bus Hold ; Weak Pull Up ; I/O Standard ; Termination Control Block ; Location assigned by ; Slew Rate ;
+----------------+-------+----------+--------------+--------------+--------------+-----------------------+--------------------+--------+----------------+---------------+-----------------+----------+--------------+--------------+---------------------------+----------------------+-----------+
; SPI_MOSI       ; N22   ; 5        ; 41           ; 13           ; 14           ; 2                     ; 0                  ; no     ; no             ; no            ; yes             ; no       ; Off          ; 3.3-V LVCMOS ; --                        ; User                 ; no        ;
; SPI_SCK        ; P22   ; 5        ; 41           ; 11           ; 0            ; 200                   ; 0                  ; no     ; no             ; no            ; yes             ; no       ; Off          ; 3.3-V LVCMOS ; --                        ; User                 ; no        ;
; SPI_SS         ; R22   ; 5        ; 41           ; 10           ; 14           ; 138                   ; 0                  ; no     ; no             ; no            ; yes             ; no       ; Off          ; 3.3-V LVCMOS ; --                        ; User                 ; no        ;
; adc_data[0]    ; M20   ; 5        ; 41           ; 14           ; 14           ; 1                     ; 0                  ; no     ; no             ; no            ; yes             ; no       ; Off          ; 3.3-V LVCMOS ; --                        ; User                 ; no        ;
; adc_data[10]   ; E22   ; 6        ; 41           ; 23           ; 14           ; 1                     ; 0                  ; no     ; no             ; no            ; yes             ; no       ; Off          ; 3.3-V LVCMOS ; --                        ; User                 ; no        ;
; adc_data[11]   ; F21   ; 6        ; 41           ; 22           ; 14           ; 1                     ; 0                  ; no     ; no             ; no            ; yes             ; no       ; Off          ; 3.3-V LVCMOS ; --                        ; User                 ; no        ;
; adc_data[1]    ; N19   ; 5        ; 41           ; 12           ; 7            ; 1                     ; 0                  ; no     ; no             ; no            ; yes             ; no       ; Off          ; 3.3-V LVCMOS ; --                        ; User                 ; no        ;
; adc_data[2]    ; N20   ; 5        ; 41           ; 12           ; 14           ; 1                     ; 0                  ; no     ; no             ; no            ; yes             ; no       ; Off          ; 3.3-V LVCMOS ; --                        ; User                 ; no        ;
; adc_data[3]    ; B21   ; 6        ; 41           ; 26           ; 0            ; 1                     ; 0                  ; no     ; no             ; no            ; yes             ; no       ; Off          ; 3.3-V LVCMOS ; --                        ; User                 ; no        ;
; adc_data[4]    ; B22   ; 6        ; 41           ; 26           ; 7            ; 1                     ; 0                  ; no     ; no             ; no            ; yes             ; no       ; Off          ; 3.3-V LVCMOS ; --                        ; User                 ; no        ;
; adc_data[5]    ; C21   ; 6        ; 41           ; 26           ; 14           ; 1                     ; 0                  ; no     ; no             ; no            ; yes             ; no       ; Off          ; 3.3-V LVCMOS ; --                        ; User                 ; no        ;
; adc_data[6]    ; C22   ; 6        ; 41           ; 26           ; 21           ; 1                     ; 0                  ; no     ; no             ; no            ; yes             ; no       ; Off          ; 3.3-V LVCMOS ; --                        ; User                 ; no        ;
; adc_data[7]    ; D21   ; 6        ; 41           ; 24           ; 0            ; 1                     ; 0                  ; no     ; no             ; no            ; yes             ; no       ; Off          ; 3.3-V LVCMOS ; --                        ; User                 ; no        ;
; adc_data[8]    ; D22   ; 6        ; 41           ; 24           ; 7            ; 1                     ; 0                  ; no     ; no             ; no            ; yes             ; no       ; Off          ; 3.3-V LVCMOS ; --                        ; User                 ; no        ;
; adc_data[9]    ; E21   ; 6        ; 41           ; 23           ; 7            ; 1                     ; 0                  ; no     ; no             ; no            ; yes             ; no       ; Off          ; 3.3-V LVCMOS ; --                        ; User                 ; no        ;
; clock_61M      ; AB11  ; 3        ; 21           ; 0            ; 14           ; 2932                  ; 0                  ; yes    ; no             ; no            ; yes             ; no       ; Off          ; 3.3-V LVCMOS ; --                        ; User                 ; no        ;
; n_buttons_l[0] ; R18   ; 5        ; 41           ; 9            ; 21           ; 1                     ; 0                  ; no     ; no             ; no            ; yes             ; no       ; Off          ; 3.3-V LVCMOS ; --                        ; Fitter               ; no        ;
; n_buttons_l[1] ; Y10   ; 3        ; 19           ; 0            ; 7            ; 1                     ; 0                  ; no     ; no             ; no            ; yes             ; no       ; Off          ; 3.3-V LVCMOS ; --                        ; Fitter               ; no        ;
; n_buttons_l[2] ; V12   ; 4        ; 23           ; 0            ; 0            ; 1                     ; 0                  ; no     ; no             ; no            ; yes             ; no       ; Off          ; 3.3-V LVCMOS ; --                        ; Fitter               ; no        ;
; n_buttons_l[3] ; AB13  ; 4        ; 23           ; 0            ; 21           ; 1                     ; 0                  ; no     ; no             ; no            ; yes             ; no       ; Off          ; 3.3-V LVCMOS ; --                        ; Fitter               ; no        ;
; n_buttons_l[4] ; AB14  ; 4        ; 23           ; 0            ; 7            ; 1                     ; 0                  ; no     ; no             ; no            ; yes             ; no       ; Off          ; 3.3-V LVCMOS ; --                        ; Fitter               ; no        ;
; n_buttons_r[0] ; R19   ; 5        ; 41           ; 9            ; 14           ; 1                     ; 0                  ; no     ; no             ; no            ; yes             ; no       ; Off          ; 3.3-V LVCMOS ; --                        ; Fitter               ; no        ;
; n_buttons_r[1] ; AA15  ; 4        ; 26           ; 0            ; 14           ; 1                     ; 0                  ; no     ; no             ; no            ; yes             ; no       ; Off          ; 3.3-V LVCMOS ; --                        ; Fitter               ; no        ;
; n_buttons_r[2] ; Y13   ; 4        ; 26           ; 0            ; 21           ; 1                     ; 0                  ; no     ; no             ; no            ; yes             ; no       ; Off          ; 3.3-V LVCMOS ; --                        ; Fitter               ; no        ;
; n_buttons_r[3] ; AA13  ; 4        ; 23           ; 0            ; 28           ; 1                     ; 0                  ; no     ; no             ; no            ; yes             ; no       ; Off          ; 3.3-V LVCMOS ; --                        ; Fitter               ; no        ;
; n_buttons_r[4] ; U12   ; 4        ; 26           ; 0            ; 0            ; 1                     ; 0                  ; no     ; no             ; no            ; yes             ; no       ; Off          ; 3.3-V LVCMOS ; --                        ; Fitter               ; no        ;
; n_buttons_r[5] ; AB15  ; 4        ; 26           ; 0            ; 7            ; 1                     ; 0                  ; no     ; no             ; no            ; yes             ; no       ; Off          ; 3.3-V LVCMOS ; --                        ; Fitter               ; no        ;
; n_buttons_r[6] ; T11   ; 3        ; 16           ; 0            ; 14           ; 1                     ; 0                  ; no     ; no             ; no            ; yes             ; no       ; Off          ; 3.3-V LVCMOS ; --                        ; Fitter               ; no        ;
; n_buttons_r[7] ; W13   ; 4        ; 26           ; 0            ; 28           ; 1                     ; 0                  ; no     ; no             ; no            ; yes             ; no       ; Off          ; 3.3-V LVCMOS ; --                        ; Fitter               ; no        ;
; n_cw_key       ; C3    ; 8        ; 3            ; 29           ; 28           ; 1                     ; 0                  ; no     ; no             ; no            ; yes             ; no       ; Off          ; 3.3-V LVCMOS ; --                        ; User                 ; no        ;
; n_ptt          ; A5    ; 8        ; 7            ; 29           ; 7            ; 147                   ; 0                  ; no     ; no             ; no            ; yes             ; no       ; Off          ; 3.3-V LVCMOS ; --                        ; User                 ; no        ;
; n_tune         ; AA14  ; 4        ; 23           ; 0            ; 14           ; 1                     ; 0                  ; no     ; no             ; no            ; yes             ; no       ; Off          ; 3.3-V LVCMOS ; --                        ; Fitter               ; no        ;
; start          ; L22   ; 6        ; 41           ; 18           ; 21           ; 335                   ; 0                  ; no     ; no             ; no            ; yes             ; no       ; Off          ; 3.3-V LVCMOS ; --                        ; User                 ; no        ;
+----------------+-------+----------+--------------+--------------+--------------+-----------------------+--------------------+--------+----------------+---------------+-----------------+----------+--------------+--------------+---------------------------+----------------------+-----------+


+-----------------------------------------------------------------------------------------------------------------------------------------------------------------------------------------------------------------------------------------------------------------------------------------------------------------------------------------------------------------------------------------------------------------------------------------+
; Output Pins                                                                                                                                                                                                                                                                                                                                                                                                                             ;
+--------------+-------+----------+--------------+--------------+--------------+-----------------+------------------------+---------------+-----------+-----------------+------------+---------------+----------+--------------+--------------+------------------+-------------+---------------------------+----------------------------+-----------------------------+----------------------+----------------------+---------------------+
; Name         ; Pin # ; I/O Bank ; X coordinate ; Y coordinate ; Z coordinate ; Output Register ; Output Enable Register ; Power Up High ; Slew Rate ; PCI I/O Enabled ; Open Drain ; TRI Primitive ; Bus Hold ; Weak Pull Up ; I/O Standard ; Current Strength ; Termination ; Termination Control Block ; Output Buffer Pre-emphasis ; Voltage Output Differential ; Location assigned by ; Output Enable Source ; Output Enable Group ;
+--------------+-------+----------+--------------+--------------+--------------+-----------------+------------------------+---------------+-----------+-----------------+------------+---------------+----------+--------------+--------------+------------------+-------------+---------------------------+----------------------------+-----------------------------+----------------------+----------------------+---------------------+
; SPI_MISO     ; M22   ; 5        ; 41           ; 13           ; 0            ; no              ; no                     ; no            ; 2         ; yes             ; no         ; yes           ; no       ; Off          ; 3.3-V LVCMOS ; 2mA              ; Off         ; --                        ; no                         ; no                          ; User                 ; -                    ; -                   ;
; dac_clk      ; B20   ; 7        ; 35           ; 29           ; 7            ; no              ; no                     ; no            ; 2         ; no              ; no         ; no            ; no       ; Off          ; 3.3-V LVTTL  ; 8mA              ; Off         ; --                        ; no                         ; no                          ; User                 ; -                    ; -                   ;
; dac_data[0]  ; C4    ; 8        ; 1            ; 29           ; 0            ; no              ; no                     ; no            ; 2         ; no              ; no         ; no            ; no       ; Off          ; 3.3-V LVCMOS ; 2mA              ; Off         ; --                        ; no                         ; no                          ; User                 ; -                    ; -                   ;
; dac_data[10] ; B16   ; 7        ; 28           ; 29           ; 0            ; no              ; no                     ; no            ; 2         ; no              ; no         ; no            ; no       ; Off          ; 3.3-V LVCMOS ; 2mA              ; Off         ; --                        ; no                         ; no                          ; User                 ; -                    ; -                   ;
; dac_data[11] ; B17   ; 7        ; 30           ; 29           ; 21           ; no              ; no                     ; no            ; 2         ; no              ; no         ; no            ; no       ; Off          ; 3.3-V LVCMOS ; 2mA              ; Off         ; --                        ; no                         ; no                          ; User                 ; -                    ; -                   ;
; dac_data[12] ; B18   ; 7        ; 32           ; 29           ; 21           ; no              ; no                     ; no            ; 2         ; no              ; no         ; no            ; no       ; Off          ; 3.3-V LVCMOS ; 2mA              ; Off         ; --                        ; no                         ; no                          ; User                 ; -                    ; -                   ;
; dac_data[13] ; B19   ; 7        ; 32           ; 29           ; 0            ; no              ; no                     ; no            ; 2         ; no              ; no         ; no            ; no       ; Off          ; 3.3-V LVCMOS ; 2mA              ; Off         ; --                        ; no                         ; no                          ; User                 ; -                    ; -                   ;
; dac_data[1]  ; B5    ; 8        ; 7            ; 29           ; 14           ; no              ; no                     ; no            ; 2         ; no              ; no         ; no            ; no       ; Off          ; 3.3-V LVCMOS ; 2mA              ; Off         ; --                        ; no                         ; no                          ; User                 ; -                    ; -                   ;
; dac_data[2]  ; B6    ; 8        ; 11           ; 29           ; 21           ; no              ; no                     ; no            ; 2         ; no              ; no         ; no            ; no       ; Off          ; 3.3-V LVCMOS ; 2mA              ; Off         ; --                        ; no                         ; no                          ; User                 ; -                    ; -                   ;
; dac_data[3]  ; B7    ; 8        ; 11           ; 29           ; 7            ; no              ; no                     ; no            ; 2         ; no              ; no         ; no            ; no       ; Off          ; 3.3-V LVCMOS ; 2mA              ; Off         ; --                        ; no                         ; no                          ; User                 ; -                    ; -                   ;
; dac_data[4]  ; B8    ; 8        ; 14           ; 29           ; 28           ; no              ; no                     ; no            ; 2         ; no              ; no         ; no            ; no       ; Off          ; 3.3-V LVCMOS ; 2mA              ; Off         ; --                        ; no                         ; no                          ; User                 ; -                    ; -                   ;
; dac_data[5]  ; B9    ; 8        ; 14           ; 29           ; 0            ; no              ; no                     ; no            ; 2         ; no              ; no         ; no            ; no       ; Off          ; 3.3-V LVCMOS ; 2mA              ; Off         ; --                        ; no                         ; no                          ; User                 ; -                    ; -                   ;
; dac_data[6]  ; B10   ; 8        ; 16           ; 29           ; 21           ; no              ; no                     ; no            ; 2         ; no              ; no         ; no            ; no       ; Off          ; 3.3-V LVCMOS ; 2mA              ; Off         ; --                        ; no                         ; no                          ; User                 ; -                    ; -                   ;
; dac_data[7]  ; B13   ; 7        ; 21           ; 29           ; 7            ; no              ; no                     ; no            ; 2         ; no              ; no         ; no            ; no       ; Off          ; 3.3-V LVCMOS ; 2mA              ; Off         ; --                        ; no                         ; no                          ; User                 ; -                    ; -                   ;
; dac_data[8]  ; B14   ; 7        ; 23           ; 29           ; 28           ; no              ; no                     ; no            ; 2         ; no              ; no         ; no            ; no       ; Off          ; 3.3-V LVCMOS ; 2mA              ; Off         ; --                        ; no                         ; no                          ; User                 ; -                    ; -                   ;
; dac_data[9]  ; B15   ; 7        ; 26           ; 29           ; 28           ; no              ; no                     ; no            ; 2         ; no              ; no         ; no            ; no       ; Off          ; 3.3-V LVCMOS ; 2mA              ; Off         ; --                        ; no                         ; no                          ; User                 ; -                    ; -                   ;
; filter[0]    ; A20   ; 7        ; 35           ; 29           ; 0            ; no              ; no                     ; no            ; 2         ; no              ; no         ; no            ; no       ; Off          ; 3.3-V LVCMOS ; 2mA              ; Off         ; --                        ; no                         ; no                          ; User                 ; -                    ; -                   ;
; filter[1]    ; A19   ; 7        ; 32           ; 29           ; 7            ; no              ; no                     ; no            ; 2         ; no              ; no         ; no            ; no       ; Off          ; 3.3-V LVCMOS ; 2mA              ; Off         ; --                        ; no                         ; no                          ; User                 ; -                    ; -                   ;
; filter[2]    ; A18   ; 7        ; 32           ; 29           ; 14           ; no              ; no                     ; no            ; 2         ; no              ; no         ; no            ; no       ; Off          ; 3.3-V LVCMOS ; 2mA              ; Off         ; --                        ; no                         ; no                          ; User                 ; -                    ; -                   ;
; filter[3]    ; A17   ; 7        ; 30           ; 29           ; 14           ; no              ; no                     ; no            ; 2         ; no              ; no         ; no            ; no       ; Off          ; 3.3-V LVCMOS ; 2mA              ; Off         ; --                        ; no                         ; no                          ; User                 ; -                    ; -                   ;
; filter[4]    ; A16   ; 7        ; 30           ; 29           ; 28           ; no              ; no                     ; no            ; 2         ; no              ; no         ; no            ; no       ; Off          ; 3.3-V LVCMOS ; 2mA              ; Off         ; --                        ; no                         ; no                          ; User                 ; -                    ; -                   ;
; led          ; E4    ; 1        ; 0            ; 26           ; 0            ; no              ; no                     ; no            ; 2         ; no              ; no         ; no            ; no       ; Off          ; 3.3-V LVCMOS ; 2mA              ; Off         ; --                        ; no                         ; no                          ; User                 ; -                    ; -                   ;
; level_pwm    ; B4    ; 8        ; 5            ; 29           ; 14           ; no              ; no                     ; no            ; 2         ; no              ; no         ; no            ; no       ; Off          ; 3.3-V LVCMOS ; 2mA              ; Off         ; --                        ; no                         ; no                          ; User                 ; -                    ; -                   ;
; p_att[0]     ; A15   ; 7        ; 26           ; 29           ; 21           ; no              ; no                     ; no            ; 2         ; no              ; no         ; no            ; no       ; Off          ; 3.3-V LVCMOS ; 2mA              ; Off         ; --                        ; no                         ; no                          ; User                 ; -                    ; -                   ;
; p_att[1]     ; A14   ; 7        ; 23           ; 29           ; 21           ; no              ; no                     ; no            ; 2         ; no              ; no         ; no            ; no       ; Off          ; 3.3-V LVCMOS ; 2mA              ; Off         ; --                        ; no                         ; no                          ; User                 ; -                    ; -                   ;
; p_att[2]     ; A13   ; 7        ; 21           ; 29           ; 0            ; no              ; no                     ; no            ; 2         ; no              ; no         ; no            ; no       ; Off          ; 3.3-V LVCMOS ; 2mA              ; Off         ; --                        ; no                         ; no                          ; User                 ; -                    ; -                   ;
; p_att[3]     ; A10   ; 8        ; 16           ; 29           ; 14           ; no              ; no                     ; no            ; 2         ; no              ; no         ; no            ; no       ; Off          ; 3.3-V LVCMOS ; 2mA              ; Off         ; --                        ; no                         ; no                          ; User                 ; -                    ; -                   ;
; p_att[4]     ; A9    ; 8        ; 16           ; 29           ; 28           ; no              ; no                     ; no            ; 2         ; no              ; no         ; no            ; no       ; Off          ; 3.3-V LVCMOS ; 2mA              ; Off         ; --                        ; no                         ; no                          ; User                 ; -                    ; -                   ;
; p_att[5]     ; A8    ; 8        ; 14           ; 29           ; 21           ; no              ; no                     ; no            ; 2         ; no              ; no         ; no            ; no       ; Off          ; 3.3-V LVCMOS ; 2mA              ; Off         ; --                        ; no                         ; no                          ; User                 ; -                    ; -                   ;
; test         ; R2    ; 2        ; 0            ; 10           ; 0            ; no              ; no                     ; no            ; 2         ; no              ; no         ; no            ; no       ; Off          ; 3.3-V LVCMOS ; 2mA              ; Off         ; --                        ; no                         ; no                          ; User                 ; -                    ; -                   ;
+--------------+-------+----------+--------------+--------------+--------------+-----------------+------------------------+---------------+-----------+-----------------+------------+---------------+----------+--------------+--------------+------------------+-------------+---------------------------+----------------------------+-----------------------------+----------------------+----------------------+---------------------+


+--------------------------------------------------------------------------------------------------------------------------------------+
; Dual Purpose and Dedicated Pins                                                                                                      ;
+----------+------------------------------------------+--------------------------+-------------------------+---------------------------+
; Location ; Pin Name                                 ; Reserved As              ; User Signal Name        ; Pin Type                  ;
+----------+------------------------------------------+--------------------------+-------------------------+---------------------------+
; E4       ; DIFFIO_L2p, nRESET                       ; Use as regular IO        ; led                     ; Dual Purpose Pin          ;
; D1       ; DIFFIO_L4n, DATA1, ASDO                  ; As input tri-stated      ; ~ALTERA_ASDO_DATA1~     ; Dual Purpose Pin          ;
; E2       ; DIFFIO_L6p, FLASH_nCE, nCSO              ; As input tri-stated      ; ~ALTERA_FLASH_nCE_nCSO~ ; Dual Purpose Pin          ;
; K6       ; nSTATUS                                  ; -                        ; -                       ; Dedicated Programming Pin ;
; K2       ; DCLK                                     ; As output driving ground ; ~ALTERA_DCLK~           ; Dual Purpose Pin          ;
; K5       ; nCONFIG                                  ; -                        ; -                       ; Dedicated Programming Pin ;
; L3       ; nCE                                      ; -                        ; -                       ; Dedicated Programming Pin ;
; N22      ; DIFFIO_R21n, DEV_OE                      ; Use as regular IO        ; SPI_MOSI                ; Dual Purpose Pin          ;
; M18      ; CONF_DONE                                ; -                        ; -                       ; Dedicated Programming Pin ;
; M17      ; MSEL0                                    ; -                        ; -                       ; Dedicated Programming Pin ;
; L18      ; MSEL1                                    ; -                        ; -                       ; Dedicated Programming Pin ;
; L17      ; MSEL2                                    ; -                        ; -                       ; Dedicated Programming Pin ;
; K20      ; MSEL3                                    ; -                        ; -                       ; Dedicated Programming Pin ;
; L22      ; DIFFIO_R17n, INIT_DONE                   ; Use as regular IO        ; start                   ; Dual Purpose Pin          ;
; E22      ; DIFFIO_R9n, nWE                          ; Use as regular IO        ; adc_data[10]            ; Dual Purpose Pin          ;
; E21      ; DIFFIO_R9p, nOE                          ; Use as regular IO        ; adc_data[9]             ; Dual Purpose Pin          ;
; B22      ; DIFFIO_R3n, PADD22                       ; Use as regular IO        ; adc_data[4]             ; Dual Purpose Pin          ;
; B21      ; DIFFIO_R3p, PADD21                       ; Use as regular IO        ; adc_data[3]             ; Dual Purpose Pin          ;
; B18      ; DIFFIO_T27p, PADD0                       ; Use as regular IO        ; dac_data[12]            ; Dual Purpose Pin          ;
; A17      ; DIFFIO_T25n, PADD1                       ; Use as regular IO        ; filter[3]               ; Dual Purpose Pin          ;
; B17      ; DIFFIO_T25p, PADD2                       ; Use as regular IO        ; dac_data[11]            ; Dual Purpose Pin          ;
; A15      ; DIFFIO_T20n, PADD5                       ; Use as regular IO        ; p_att[0]                ; Dual Purpose Pin          ;
; B15      ; DIFFIO_T20p, PADD6                       ; Use as regular IO        ; dac_data[9]             ; Dual Purpose Pin          ;
; A14      ; DIFFIO_T18n, PADD9                       ; Use as regular IO        ; p_att[1]                ; Dual Purpose Pin          ;
; B14      ; DIFFIO_T18p, PADD10                      ; Use as regular IO        ; dac_data[8]             ; Dual Purpose Pin          ;
; A13      ; DIFFIO_T17n, PADD11                      ; Use as regular IO        ; p_att[2]                ; Dual Purpose Pin          ;
; B13      ; DIFFIO_T17p, PADD12, DQS4T/CQ5T,DPCLK9   ; Use as regular IO        ; dac_data[7]             ; Dual Purpose Pin          ;
; B10      ; DIFFIO_T14p, PADD15                      ; Use as regular IO        ; dac_data[6]             ; Dual Purpose Pin          ;
; A9       ; DIFFIO_T13n, PADD16                      ; Use as regular IO        ; p_att[4]                ; Dual Purpose Pin          ;
; B9       ; DIFFIO_T13p, PADD17, DQS5T/CQ5T#,DPCLK10 ; Use as regular IO        ; dac_data[5]             ; Dual Purpose Pin          ;
; A8       ; DIFFIO_T12n, DATA2                       ; Use as regular IO        ; p_att[5]                ; Dual Purpose Pin          ;
; B8       ; DIFFIO_T12p, DATA3                       ; Use as regular IO        ; dac_data[4]             ; Dual Purpose Pin          ;
; B7       ; DIFFIO_T11p, DATA4                       ; Use as regular IO        ; dac_data[3]             ; Dual Purpose Pin          ;
; B6       ; DIFFIO_T10p, DATA15                      ; Use as regular IO        ; dac_data[2]             ; Dual Purpose Pin          ;
; A5       ; DATA5                                    ; Use as regular IO        ; n_ptt                   ; Dual Purpose Pin          ;
; B4       ; DIFFIO_T5p, DATA8                        ; Use as regular IO        ; level_pwm               ; Dual Purpose Pin          ;
; C4       ; DIFFIO_T2p, DATA12, DQS1T/CQ1T#,CDPCLK7  ; Use as regular IO        ; dac_data[0]             ; Dual Purpose Pin          ;
+----------+------------------------------------------+--------------------------+-------------------------+---------------------------+


+------------------------------------------------------------+
; I/O Bank Usage                                             ;
+----------+------------------+---------------+--------------+
; I/O Bank ; Usage            ; VCCIO Voltage ; VREF Voltage ;
+----------+------------------+---------------+--------------+
; 1        ; 4 / 32 ( 13 % )  ; 3.3V          ; --           ;
; 2        ; 1 / 47 ( 2 % )   ; 3.3V          ; --           ;
; 3        ; 3 / 46 ( 7 % )   ; 3.3V          ; --           ;
; 4        ; 10 / 41 ( 24 % ) ; 3.3V          ; --           ;
; 5        ; 9 / 45 ( 20 % )  ; 3.3V          ; --           ;
; 6        ; 10 / 43 ( 23 % ) ; 3.3V          ; --           ;
; 7        ; 16 / 47 ( 34 % ) ; 3.3V          ; --           ;
; 8        ; 13 / 43 ( 30 % ) ; 3.3V          ; --           ;
+----------+------------------+---------------+--------------+


+-----------------------------------------------------------------------------------------------------------------------------------------------------------------------------------------+
; All Package Pins                                                                                                                                                                        ;
+----------+------------+----------+-----------------------------------------------------------+--------+--------------+---------+------------+-----------------+----------+--------------+
; Location ; Pad Number ; I/O Bank ; Pin Name/Usage                                            ; Dir.   ; I/O Standard ; Voltage ; I/O Type   ; User Assignment ; Bus Hold ; Weak Pull Up ;
+----------+------------+----------+-----------------------------------------------------------+--------+--------------+---------+------------+-----------------+----------+--------------+
; A1       ;            ;          ; GND                                                       ; gnd    ;              ;         ; --         ;                 ; --       ; --           ;
; A2       ;            ; 8        ; VCCIO8                                                    ; power  ;              ; 3.3V    ; --         ;                 ; --       ; --           ;
; A3       ; 354        ; 8        ; RESERVED_INPUT_WITH_WEAK_PULLUP                           ;        ;              ;         ; Column I/O ;                 ; no       ; On           ;
; A4       ; 350        ; 8        ; RESERVED_INPUT_WITH_WEAK_PULLUP                           ;        ;              ;         ; Column I/O ;                 ; no       ; On           ;
; A5       ; 345        ; 8        ; n_ptt                                                     ; input  ; 3.3-V LVCMOS ;         ; Column I/O ; Y               ; no       ; Off          ;
; A6       ; 336        ; 8        ; RESERVED_INPUT_WITH_WEAK_PULLUP                           ;        ;              ;         ; Column I/O ;                 ; no       ; On           ;
; A7       ; 334        ; 8        ; RESERVED_INPUT_WITH_WEAK_PULLUP                           ;        ;              ;         ; Column I/O ;                 ; no       ; On           ;
; A8       ; 332        ; 8        ; p_att[5]                                                  ; output ; 3.3-V LVCMOS ;         ; Column I/O ; Y               ; no       ; Off          ;
; A9       ; 328        ; 8        ; p_att[4]                                                  ; output ; 3.3-V LVCMOS ;         ; Column I/O ; Y               ; no       ; Off          ;
; A10      ; 326        ; 8        ; p_att[3]                                                  ; output ; 3.3-V LVCMOS ;         ; Column I/O ; Y               ; no       ; Off          ;
; A11      ; 321        ; 8        ; GND+                                                      ;        ;              ;         ; Column I/O ;                 ; --       ; --           ;
; A12      ; 319        ; 7        ; GND+                                                      ;        ;              ;         ; Column I/O ;                 ; --       ; --           ;
; A13      ; 314        ; 7        ; p_att[2]                                                  ; output ; 3.3-V LVCMOS ;         ; Column I/O ; Y               ; no       ; Off          ;
; A14      ; 312        ; 7        ; p_att[1]                                                  ; output ; 3.3-V LVCMOS ;         ; Column I/O ; Y               ; no       ; Off          ;
; A15      ; 307        ; 7        ; p_att[0]                                                  ; output ; 3.3-V LVCMOS ;         ; Column I/O ; Y               ; no       ; Off          ;
; A16      ; 298        ; 7        ; filter[4]                                                 ; output ; 3.3-V LVCMOS ;         ; Column I/O ; Y               ; no       ; Off          ;
; A17      ; 296        ; 7        ; filter[3]                                                 ; output ; 3.3-V LVCMOS ;         ; Column I/O ; Y               ; no       ; Off          ;
; A18      ; 291        ; 7        ; filter[2]                                                 ; output ; 3.3-V LVCMOS ;         ; Column I/O ; Y               ; no       ; Off          ;
; A19      ; 290        ; 7        ; filter[1]                                                 ; output ; 3.3-V LVCMOS ;         ; Column I/O ; Y               ; no       ; Off          ;
; A20      ; 284        ; 7        ; filter[0]                                                 ; output ; 3.3-V LVCMOS ;         ; Column I/O ; Y               ; no       ; Off          ;
; A21      ;            ; 7        ; VCCIO7                                                    ; power  ;              ; 3.3V    ; --         ;                 ; --       ; --           ;
; A22      ;            ;          ; GND                                                       ; gnd    ;              ;         ; --         ;                 ; --       ; --           ;
; AA1      ; 76         ; 2        ; RESERVED_INPUT_WITH_WEAK_PULLUP                           ;        ;              ;         ; Row I/O    ;                 ; no       ; On           ;
; AA2      ;            ;          ; GND                                                       ; gnd    ;              ;         ; --         ;                 ; --       ; --           ;
; AA3      ; 102        ; 3        ; RESERVED_INPUT_WITH_WEAK_PULLUP                           ;        ;              ;         ; Column I/O ;                 ; no       ; On           ;
; AA4      ; 106        ; 3        ; RESERVED_INPUT_WITH_WEAK_PULLUP                           ;        ;              ;         ; Column I/O ;                 ; no       ; On           ;
; AA5      ; 108        ; 3        ; RESERVED_INPUT_WITH_WEAK_PULLUP                           ;        ;              ;         ; Column I/O ;                 ; no       ; On           ;
; AA6      ;            ; 3        ; VCCIO3                                                    ; power  ;              ; 3.3V    ; --         ;                 ; --       ; --           ;
; AA7      ; 115        ; 3        ; RESERVED_INPUT_WITH_WEAK_PULLUP                           ;        ;              ;         ; Column I/O ;                 ; no       ; On           ;
; AA8      ; 123        ; 3        ; RESERVED_INPUT_WITH_WEAK_PULLUP                           ;        ;              ;         ; Column I/O ;                 ; no       ; On           ;
; AA9      ; 126        ; 3        ; RESERVED_INPUT_WITH_WEAK_PULLUP                           ;        ;              ;         ; Column I/O ;                 ; no       ; On           ;
; AA10     ; 132        ; 3        ; RESERVED_INPUT_WITH_WEAK_PULLUP                           ;        ;              ;         ; Column I/O ;                 ; no       ; On           ;
; AA11     ; 134        ; 3        ; GND+                                                      ;        ;              ;         ; Column I/O ;                 ; --       ; --           ;
; AA12     ; 136        ; 4        ; GND+                                                      ;        ;              ;         ; Column I/O ;                 ; --       ; --           ;
; AA13     ; 138        ; 4        ; n_buttons_r[3]                                            ; input  ; 3.3-V LVCMOS ;         ; Column I/O ; N               ; no       ; Off          ;
; AA14     ; 140        ; 4        ; n_tune                                                    ; input  ; 3.3-V LVCMOS ;         ; Column I/O ; N               ; no       ; Off          ;
; AA15     ; 145        ; 4        ; n_buttons_r[1]                                            ; input  ; 3.3-V LVCMOS ;         ; Column I/O ; N               ; no       ; Off          ;
; AA16     ; 149        ; 4        ; RESERVED_INPUT_WITH_WEAK_PULLUP                           ;        ;              ;         ; Column I/O ;                 ; no       ; On           ;
; AA17     ; 151        ; 4        ; RESERVED_INPUT_WITH_WEAK_PULLUP                           ;        ;              ;         ; Column I/O ;                 ; no       ; On           ;
; AA18     ; 163        ; 4        ; RESERVED_INPUT_WITH_WEAK_PULLUP                           ;        ;              ;         ; Column I/O ;                 ; no       ; On           ;
; AA19     ; 164        ; 4        ; RESERVED_INPUT_WITH_WEAK_PULLUP                           ;        ;              ;         ; Column I/O ;                 ; no       ; On           ;
; AA20     ; 169        ; 4        ; RESERVED_INPUT_WITH_WEAK_PULLUP                           ;        ;              ;         ; Column I/O ;                 ; no       ; On           ;
; AA21     ; 179        ; 5        ; RESERVED_INPUT_WITH_WEAK_PULLUP                           ;        ;              ;         ; Row I/O    ;                 ; no       ; On           ;
; AA22     ;            ;          ; GND                                                       ; gnd    ;              ;         ; --         ;                 ; --       ; --           ;
; AB1      ;            ;          ; GND                                                       ; gnd    ;              ;         ; --         ;                 ; --       ; --           ;
; AB2      ;            ; 3        ; VCCIO3                                                    ; power  ;              ; 3.3V    ; --         ;                 ; --       ; --           ;
; AB3      ; 103        ; 3        ; RESERVED_INPUT_WITH_WEAK_PULLUP                           ;        ;              ;         ; Column I/O ;                 ; no       ; On           ;
; AB4      ; 107        ; 3        ; RESERVED_INPUT_WITH_WEAK_PULLUP                           ;        ;              ;         ; Column I/O ;                 ; no       ; On           ;
; AB5      ; 109        ; 3        ; RESERVED_INPUT_WITH_WEAK_PULLUP                           ;        ;              ;         ; Column I/O ;                 ; no       ; On           ;
; AB6      ;            ;          ; GND                                                       ; gnd    ;              ;         ; --         ;                 ; --       ; --           ;
; AB7      ; 116        ; 3        ; RESERVED_INPUT_WITH_WEAK_PULLUP                           ;        ;              ;         ; Column I/O ;                 ; no       ; On           ;
; AB8      ; 124        ; 3        ; RESERVED_INPUT_WITH_WEAK_PULLUP                           ;        ;              ;         ; Column I/O ;                 ; no       ; On           ;
; AB9      ; 127        ; 3        ; RESERVED_INPUT_WITH_WEAK_PULLUP                           ;        ;              ;         ; Column I/O ;                 ; no       ; On           ;
; AB10     ; 133        ; 3        ; RESERVED_INPUT_WITH_WEAK_PULLUP                           ;        ;              ;         ; Column I/O ;                 ; no       ; On           ;
; AB11     ; 135        ; 3        ; clock_61M                                                 ; input  ; 3.3-V LVCMOS ;         ; Column I/O ; Y               ; no       ; Off          ;
; AB12     ; 137        ; 4        ; GND+                                                      ;        ;              ;         ; Column I/O ;                 ; --       ; --           ;
; AB13     ; 139        ; 4        ; n_buttons_l[3]                                            ; input  ; 3.3-V LVCMOS ;         ; Column I/O ; N               ; no       ; Off          ;
; AB14     ; 141        ; 4        ; n_buttons_l[4]                                            ; input  ; 3.3-V LVCMOS ;         ; Column I/O ; N               ; no       ; Off          ;
; AB15     ; 146        ; 4        ; n_buttons_r[5]                                            ; input  ; 3.3-V LVCMOS ;         ; Column I/O ; N               ; no       ; Off          ;
; AB16     ; 150        ; 4        ; RESERVED_INPUT_WITH_WEAK_PULLUP                           ;        ;              ;         ; Column I/O ;                 ; no       ; On           ;
; AB17     ; 152        ; 4        ; RESERVED_INPUT_WITH_WEAK_PULLUP                           ;        ;              ;         ; Column I/O ;                 ; no       ; On           ;
; AB18     ; 162        ; 4        ; RESERVED_INPUT_WITH_WEAK_PULLUP                           ;        ;              ;         ; Column I/O ;                 ; no       ; On           ;
; AB19     ; 165        ; 4        ; RESERVED_INPUT_WITH_WEAK_PULLUP                           ;        ;              ;         ; Column I/O ;                 ; no       ; On           ;
; AB20     ; 170        ; 4        ; RESERVED_INPUT_WITH_WEAK_PULLUP                           ;        ;              ;         ; Column I/O ;                 ; no       ; On           ;
; AB21     ;            ; 4        ; VCCIO4                                                    ; power  ;              ; 3.3V    ; --         ;                 ; --       ; --           ;
; AB22     ;            ;          ; GND                                                       ; gnd    ;              ;         ; --         ;                 ; --       ; --           ;
; B1       ; 2          ; 1        ; RESERVED_INPUT_WITH_WEAK_PULLUP                           ;        ;              ;         ; Row I/O    ;                 ; no       ; On           ;
; B2       ; 1          ; 1        ; RESERVED_INPUT_WITH_WEAK_PULLUP                           ;        ;              ;         ; Row I/O    ;                 ; no       ; On           ;
; B3       ; 355        ; 8        ; RESERVED_INPUT_WITH_WEAK_PULLUP                           ;        ;              ;         ; Column I/O ;                 ; no       ; On           ;
; B4       ; 351        ; 8        ; level_pwm                                                 ; output ; 3.3-V LVCMOS ;         ; Column I/O ; Y               ; no       ; Off          ;
; B5       ; 346        ; 8        ; dac_data[1]                                               ; output ; 3.3-V LVCMOS ;         ; Column I/O ; Y               ; no       ; Off          ;
; B6       ; 337        ; 8        ; dac_data[2]                                               ; output ; 3.3-V LVCMOS ;         ; Column I/O ; Y               ; no       ; Off          ;
; B7       ; 335        ; 8        ; dac_data[3]                                               ; output ; 3.3-V LVCMOS ;         ; Column I/O ; Y               ; no       ; Off          ;
; B8       ; 333        ; 8        ; dac_data[4]                                               ; output ; 3.3-V LVCMOS ;         ; Column I/O ; Y               ; no       ; Off          ;
; B9       ; 329        ; 8        ; dac_data[5]                                               ; output ; 3.3-V LVCMOS ;         ; Column I/O ; Y               ; no       ; Off          ;
; B10      ; 327        ; 8        ; dac_data[6]                                               ; output ; 3.3-V LVCMOS ;         ; Column I/O ; Y               ; no       ; Off          ;
; B11      ; 322        ; 8        ; GND+                                                      ;        ;              ;         ; Column I/O ;                 ; --       ; --           ;
; B12      ; 320        ; 7        ; GND+                                                      ;        ;              ;         ; Column I/O ;                 ; --       ; --           ;
; B13      ; 315        ; 7        ; dac_data[7]                                               ; output ; 3.3-V LVCMOS ;         ; Column I/O ; Y               ; no       ; Off          ;
; B14      ; 313        ; 7        ; dac_data[8]                                               ; output ; 3.3-V LVCMOS ;         ; Column I/O ; Y               ; no       ; Off          ;
; B15      ; 308        ; 7        ; dac_data[9]                                               ; output ; 3.3-V LVCMOS ;         ; Column I/O ; Y               ; no       ; Off          ;
; B16      ; 299        ; 7        ; dac_data[10]                                              ; output ; 3.3-V LVCMOS ;         ; Column I/O ; Y               ; no       ; Off          ;
; B17      ; 297        ; 7        ; dac_data[11]                                              ; output ; 3.3-V LVCMOS ;         ; Column I/O ; Y               ; no       ; Off          ;
; B18      ; 292        ; 7        ; dac_data[12]                                              ; output ; 3.3-V LVCMOS ;         ; Column I/O ; Y               ; no       ; Off          ;
; B19      ; 289        ; 7        ; dac_data[13]                                              ; output ; 3.3-V LVCMOS ;         ; Column I/O ; Y               ; no       ; Off          ;
; B20      ; 285        ; 7        ; dac_clk                                                   ; output ; 3.3-V LVTTL  ;         ; Column I/O ; Y               ; no       ; Off          ;
; B21      ; 269        ; 6        ; adc_data[3]                                               ; input  ; 3.3-V LVCMOS ;         ; Row I/O    ; Y               ; no       ; Off          ;
; B22      ; 268        ; 6        ; adc_data[4]                                               ; input  ; 3.3-V LVCMOS ;         ; Row I/O    ; Y               ; no       ; Off          ;
; C1       ; 7          ; 1        ; RESERVED_INPUT_WITH_WEAK_PULLUP                           ;        ;              ;         ; Row I/O    ;                 ; no       ; On           ;
; C2       ; 6          ; 1        ; RESERVED_INPUT_WITH_WEAK_PULLUP                           ;        ;              ;         ; Row I/O    ;                 ; no       ; On           ;
; C3       ; 358        ; 8        ; n_cw_key                                                  ; input  ; 3.3-V LVCMOS ;         ; Column I/O ; Y               ; no       ; Off          ;
; C4       ; 359        ; 8        ; dac_data[0]                                               ; output ; 3.3-V LVCMOS ;         ; Column I/O ; Y               ; no       ; Off          ;
; C5       ;            ;          ; GND                                                       ; gnd    ;              ;         ; --         ;                 ; --       ; --           ;
; C6       ; 349        ; 8        ; RESERVED_INPUT_WITH_WEAK_PULLUP                           ;        ;              ;         ; Column I/O ;                 ; no       ; On           ;
; C7       ; 340        ; 8        ; RESERVED_INPUT_WITH_WEAK_PULLUP                           ;        ;              ;         ; Column I/O ;                 ; no       ; On           ;
; C8       ; 339        ; 8        ; RESERVED_INPUT_WITH_WEAK_PULLUP                           ;        ;              ;         ; Column I/O ;                 ; no       ; On           ;
; C9       ;            ;          ; GND                                                       ; gnd    ;              ;         ; --         ;                 ; --       ; --           ;
; C10      ; 330        ; 8        ; RESERVED_INPUT_WITH_WEAK_PULLUP                           ;        ;              ;         ; Column I/O ;                 ; no       ; On           ;
; C11      ;            ;          ; GND                                                       ; gnd    ;              ;         ; --         ;                 ; --       ; --           ;
; C12      ;            ;          ; GND                                                       ; gnd    ;              ;         ; --         ;                 ; --       ; --           ;
; C13      ; 309        ; 7        ; RESERVED_INPUT_WITH_WEAK_PULLUP                           ;        ;              ;         ; Column I/O ;                 ; no       ; On           ;
; C14      ;            ;          ; GND                                                       ; gnd    ;              ;         ; --         ;                 ; --       ; --           ;
; C15      ; 300        ; 7        ; RESERVED_INPUT_WITH_WEAK_PULLUP                           ;        ;              ;         ; Column I/O ;                 ; --       ; --           ;
; C16      ;            ;          ; GND                                                       ; gnd    ;              ;         ; --         ;                 ; --       ; --           ;
; C17      ; 286        ; 7        ; RESERVED_INPUT_WITH_WEAK_PULLUP                           ;        ;              ;         ; Column I/O ;                 ; no       ; On           ;
; C18      ;            ;          ; GND                                                       ; gnd    ;              ;         ; --         ;                 ; --       ; --           ;
; C19      ; 282        ; 7        ; RESERVED_INPUT_WITH_WEAK_PULLUP                           ;        ;              ;         ; Column I/O ;                 ; no       ; On           ;
; C20      ; 270        ; 6        ; RESERVED_INPUT_WITH_WEAK_PULLUP                           ;        ;              ;         ; Row I/O    ;                 ; no       ; On           ;
; C21      ; 267        ; 6        ; adc_data[5]                                               ; input  ; 3.3-V LVCMOS ;         ; Row I/O    ; Y               ; no       ; Off          ;
; C22      ; 266        ; 6        ; adc_data[6]                                               ; input  ; 3.3-V LVCMOS ;         ; Row I/O    ; Y               ; no       ; Off          ;
; D1       ; 9          ; 1        ; ~ALTERA_ASDO_DATA1~ / RESERVED_INPUT_WITH_WEAK_PULLUP     ; input  ; 3.3-V LVCMOS ;         ; Row I/O    ; N               ; no       ; On           ;
; D2       ; 8          ; 1        ; RESERVED_INPUT_WITH_WEAK_PULLUP                           ;        ;              ;         ; Row I/O    ;                 ; no       ; On           ;
; D3       ;            ;          ; GND                                                       ; gnd    ;              ;         ; --         ;                 ; --       ; --           ;
; D4       ;            ; 1        ; VCCIO1                                                    ; power  ;              ; 3.3V    ; --         ;                 ; --       ; --           ;
; D5       ;            ; 8        ; VCCIO8                                                    ; power  ;              ; 3.3V    ; --         ;                 ; --       ; --           ;
; D6       ; 356        ; 8        ; RESERVED_INPUT_WITH_WEAK_PULLUP                           ;        ;              ;         ; Column I/O ;                 ; --       ; --           ;
; D7       ;            ;          ; GND                                                       ; gnd    ;              ;         ; --         ;                 ; --       ; --           ;
; D8       ;            ;          ; GND                                                       ; gnd    ;              ;         ; --         ;                 ; --       ; --           ;
; D9       ;            ; 8        ; VCCIO8                                                    ; power  ;              ; 3.3V    ; --         ;                 ; --       ; --           ;
; D10      ; 324        ; 8        ; RESERVED_INPUT_WITH_WEAK_PULLUP                           ;        ;              ;         ; Column I/O ;                 ; no       ; On           ;
; D11      ;            ; 8        ; VCCIO8                                                    ; power  ;              ; 3.3V    ; --         ;                 ; --       ; --           ;
; D12      ;            ; 7        ; VCCIO7                                                    ; power  ;              ; 3.3V    ; --         ;                 ; --       ; --           ;
; D13      ; 310        ; 7        ; RESERVED_INPUT_WITH_WEAK_PULLUP                           ;        ;              ;         ; Column I/O ;                 ; no       ; On           ;
; D14      ;            ; 7        ; VCCIO7                                                    ; power  ;              ; 3.3V    ; --         ;                 ; --       ; --           ;
; D15      ; 293        ; 7        ; RESERVED_INPUT_WITH_WEAK_PULLUP                           ;        ;              ;         ; Column I/O ;                 ; no       ; On           ;
; D16      ;            ; 7        ; VCCIO7                                                    ; power  ;              ; 3.3V    ; --         ;                 ; --       ; --           ;
; D17      ; 281        ; 7        ; RESERVED_INPUT_WITH_WEAK_PULLUP                           ;        ;              ;         ; Column I/O ;                 ; --       ; --           ;
; D18      ;            ; 7        ; VCCIO7                                                    ; power  ;              ; 3.3V    ; --         ;                 ; --       ; --           ;
; D19      ; 283        ; 7        ; RESERVED_INPUT_WITH_WEAK_PULLUP                           ;        ;              ;         ; Column I/O ;                 ; no       ; On           ;
; D20      ; 271        ; 6        ; RESERVED_INPUT_WITH_WEAK_PULLUP                           ;        ;              ;         ; Row I/O    ;                 ; no       ; On           ;
; D21      ; 261        ; 6        ; adc_data[7]                                               ; input  ; 3.3-V LVCMOS ;         ; Row I/O    ; Y               ; no       ; Off          ;
; D22      ; 260        ; 6        ; adc_data[8]                                               ; input  ; 3.3-V LVCMOS ;         ; Row I/O    ; Y               ; no       ; Off          ;
; E1       ; 14         ; 1        ; RESERVED_INPUT_WITH_WEAK_PULLUP                           ;        ;              ;         ; Row I/O    ;                 ; no       ; On           ;
; E2       ; 13         ; 1        ; ~ALTERA_FLASH_nCE_nCSO~ / RESERVED_INPUT_WITH_WEAK_PULLUP ; input  ; 3.3-V LVCMOS ;         ; Row I/O    ; N               ; no       ; On           ;
; E3       ; 5          ; 1        ; RESERVED_INPUT_WITH_WEAK_PULLUP                           ;        ;              ;         ; Row I/O    ;                 ; no       ; On           ;
; E4       ; 4          ; 1        ; led                                                       ; output ; 3.3-V LVCMOS ;         ; Row I/O    ; Y               ; no       ; Off          ;
; E5       ; 363        ; 8        ; RESERVED_INPUT_WITH_WEAK_PULLUP                           ;        ;              ;         ; Column I/O ;                 ; no       ; On           ;
; E6       ; 362        ; 8        ; RESERVED_INPUT_WITH_WEAK_PULLUP                           ;        ;              ;         ; Column I/O ;                 ; no       ; On           ;
; E7       ; 357        ; 8        ; RESERVED_INPUT_WITH_WEAK_PULLUP                           ;        ;              ;         ; Column I/O ;                 ; no       ; On           ;
; E8       ;            ; 8        ; VCCIO8                                                    ; power  ;              ; 3.3V    ; --         ;                 ; --       ; --           ;
; E9       ; 338        ; 8        ; RESERVED_INPUT_WITH_WEAK_PULLUP                           ;        ;              ;         ; Column I/O ;                 ; --       ; --           ;
; E10      ; 325        ; 8        ; RESERVED_INPUT_WITH_WEAK_PULLUP                           ;        ;              ;         ; Column I/O ;                 ; no       ; On           ;
; E11      ; 317        ; 7        ; RESERVED_INPUT_WITH_WEAK_PULLUP                           ;        ;              ;         ; Column I/O ;                 ; no       ; On           ;
; E12      ; 316        ; 7        ; RESERVED_INPUT_WITH_WEAK_PULLUP                           ;        ;              ;         ; Column I/O ;                 ; no       ; On           ;
; E13      ; 311        ; 7        ; RESERVED_INPUT_WITH_WEAK_PULLUP                           ;        ;              ;         ; Column I/O ;                 ; no       ; On           ;
; E14      ; 301        ; 7        ; RESERVED_INPUT_WITH_WEAK_PULLUP                           ;        ;              ;         ; Column I/O ;                 ; no       ; On           ;
; E15      ; 294        ; 7        ; RESERVED_INPUT_WITH_WEAK_PULLUP                           ;        ;              ;         ; Column I/O ;                 ; no       ; On           ;
; E16      ; 275        ; 7        ; RESERVED_INPUT_WITH_WEAK_PULLUP                           ;        ;              ;         ; Column I/O ;                 ; no       ; On           ;
; E17      ;            ;          ; VCCD_PLL2                                                 ; power  ;              ; 1.2V    ; --         ;                 ; --       ; --           ;
; E18      ;            ;          ; GNDA2                                                     ; gnd    ;              ;         ; --         ;                 ; --       ; --           ;
; E19      ;            ; 6        ; VCCIO6                                                    ; power  ;              ; 3.3V    ; --         ;                 ; --       ; --           ;
; E20      ;            ;          ; GND                                                       ; gnd    ;              ;         ; --         ;                 ; --       ; --           ;
; E21      ; 256        ; 6        ; adc_data[9]                                               ; input  ; 3.3-V LVCMOS ;         ; Row I/O    ; Y               ; no       ; Off          ;
; E22      ; 255        ; 6        ; adc_data[10]                                              ; input  ; 3.3-V LVCMOS ;         ; Row I/O    ; Y               ; no       ; Off          ;
; F1       ; 16         ; 1        ; RESERVED_INPUT_WITH_WEAK_PULLUP                           ;        ;              ;         ; Row I/O    ;                 ; no       ; On           ;
; F2       ; 15         ; 1        ; RESERVED_INPUT_WITH_WEAK_PULLUP                           ;        ;              ;         ; Row I/O    ;                 ; no       ; On           ;
; F3       ;            ;          ; GND                                                       ; gnd    ;              ;         ; --         ;                 ; --       ; --           ;
; F4       ;            ; 1        ; VCCIO1                                                    ; power  ;              ; 3.3V    ; --         ;                 ; --       ; --           ;
; F5       ;            ;          ; GNDA3                                                     ; gnd    ;              ;         ; --         ;                 ; --       ; --           ;
; F6       ;            ;          ; VCCD_PLL3                                                 ; power  ;              ; 1.2V    ; --         ;                 ; --       ; --           ;
; F7       ; 360        ; 8        ; RESERVED_INPUT_WITH_WEAK_PULLUP                           ;        ;              ;         ; Column I/O ;                 ; no       ; On           ;
; F8       ; 352        ; 8        ; RESERVED_INPUT_WITH_WEAK_PULLUP                           ;        ;              ;         ; Column I/O ;                 ; no       ; On           ;
; F9       ; 347        ; 8        ; RESERVED_INPUT_WITH_WEAK_PULLUP                           ;        ;              ;         ; Column I/O ;                 ; no       ; On           ;
; F10      ; 348        ; 8        ; RESERVED_INPUT_WITH_WEAK_PULLUP                           ;        ;              ;         ; Column I/O ;                 ; no       ; On           ;
; F11      ; 318        ; 7        ; RESERVED_INPUT_WITH_WEAK_PULLUP                           ;        ;              ;         ; Column I/O ;                 ; no       ; On           ;
; F12      ; 302        ; 7        ; RESERVED_INPUT_WITH_WEAK_PULLUP                           ;        ;              ;         ; Column I/O ;                 ; no       ; On           ;
; F13      ; 306        ; 7        ; RESERVED_INPUT_WITH_WEAK_PULLUP                           ;        ;              ;         ; Column I/O ;                 ; no       ; On           ;
; F14      ; 279        ; 7        ; RESERVED_INPUT_WITH_WEAK_PULLUP                           ;        ;              ;         ; Column I/O ;                 ; no       ; On           ;
; F15      ; 276        ; 7        ; RESERVED_INPUT_WITH_WEAK_PULLUP                           ;        ;              ;         ; Column I/O ;                 ; no       ; On           ;
; F16      ; 274        ; 7        ; RESERVED_INPUT_WITH_WEAK_PULLUP                           ;        ;              ;         ; Column I/O ;                 ; no       ; On           ;
; F17      ; 272        ; 6        ; RESERVED_INPUT_WITH_WEAK_PULLUP                           ;        ;              ;         ; Row I/O    ;                 ; no       ; On           ;
; F18      ;            ; --       ; VCCA2                                                     ; power  ;              ; 2.5V    ; --         ;                 ; --       ; --           ;
; F19      ; 263        ; 6        ; RESERVED_INPUT_WITH_WEAK_PULLUP                           ;        ;              ;         ; Row I/O    ;                 ; no       ; On           ;
; F20      ; 262        ; 6        ; RESERVED_INPUT_WITH_WEAK_PULLUP                           ;        ;              ;         ; Row I/O    ;                 ; no       ; On           ;
; F21      ; 251        ; 6        ; adc_data[11]                                              ; input  ; 3.3-V LVCMOS ;         ; Row I/O    ; Y               ; no       ; Off          ;
; F22      ; 250        ; 6        ; RESERVED_INPUT_WITH_WEAK_PULLUP                           ;        ;              ;         ; Row I/O    ;                 ; no       ; On           ;
; G1       ; 39         ; 1        ; GND+                                                      ;        ;              ;         ; Row I/O    ;                 ; --       ; --           ;
; G2       ;            ;          ; GND                                                       ; gnd    ;              ;         ; --         ;                 ; --       ; --           ;
; G3       ; 18         ; 1        ; RESERVED_INPUT_WITH_WEAK_PULLUP                           ;        ;              ;         ; Row I/O    ;                 ; no       ; On           ;
; G4       ; 17         ; 1        ; RESERVED_INPUT_WITH_WEAK_PULLUP                           ;        ;              ;         ; Row I/O    ;                 ; no       ; On           ;
; G5       ; 3          ; 1        ; RESERVED_INPUT_WITH_WEAK_PULLUP                           ;        ;              ;         ; Row I/O    ;                 ; no       ; On           ;
; G6       ;            ; --       ; VCCA3                                                     ; power  ;              ; 2.5V    ; --         ;                 ; --       ; --           ;
; G7       ; 361        ; 8        ; RESERVED_INPUT_WITH_WEAK_PULLUP                           ;        ;              ;         ; Column I/O ;                 ; no       ; On           ;
; G8       ; 353        ; 8        ; RESERVED_INPUT_WITH_WEAK_PULLUP                           ;        ;              ;         ; Column I/O ;                 ; no       ; On           ;
; G9       ; 342        ; 8        ; RESERVED_INPUT_WITH_WEAK_PULLUP                           ;        ;              ;         ; Column I/O ;                 ; no       ; On           ;
; G10      ; 341        ; 8        ; RESERVED_INPUT_WITH_WEAK_PULLUP                           ;        ;              ;         ; Column I/O ;                 ; no       ; On           ;
; G11      ; 331        ; 8        ; RESERVED_INPUT_WITH_WEAK_PULLUP                           ;        ;              ;         ; Column I/O ;                 ; no       ; On           ;
; G12      ; 305        ; 7        ; RESERVED_INPUT_WITH_WEAK_PULLUP                           ;        ;              ;         ; Column I/O ;                 ; no       ; On           ;
; G13      ; 295        ; 7        ; RESERVED_INPUT_WITH_WEAK_PULLUP                           ;        ;              ;         ; Column I/O ;                 ; no       ; On           ;
; G14      ; 280        ; 7        ; RESERVED_INPUT_WITH_WEAK_PULLUP                           ;        ;              ;         ; Column I/O ;                 ; no       ; On           ;
; G15      ; 278        ; 7        ; RESERVED_INPUT_WITH_WEAK_PULLUP                           ;        ;              ;         ; Column I/O ;                 ; no       ; On           ;
; G16      ; 277        ; 7        ; RESERVED_INPUT_WITH_WEAK_PULLUP                           ;        ;              ;         ; Column I/O ;                 ; no       ; On           ;
; G17      ; 273        ; 6        ; RESERVED_INPUT_WITH_WEAK_PULLUP                           ;        ;              ;         ; Row I/O    ;                 ; no       ; On           ;
; G18      ; 264        ; 6        ; RESERVED_INPUT_WITH_WEAK_PULLUP                           ;        ;              ;         ; Row I/O    ;                 ; no       ; On           ;
; G19      ;            ; 6        ; VCCIO6                                                    ; power  ;              ; 3.3V    ; --         ;                 ; --       ; --           ;
; G20      ;            ;          ; GND                                                       ; gnd    ;              ;         ; --         ;                 ; --       ; --           ;
; G21      ; 226        ; 6        ; GND+                                                      ;        ;              ;         ; Row I/O    ;                 ; --       ; --           ;
; G22      ; 225        ; 6        ; GND+                                                      ;        ;              ;         ; Row I/O    ;                 ; --       ; --           ;
; H1       ; 26         ; 1        ; RESERVED_INPUT_WITH_WEAK_PULLUP                           ;        ;              ;         ; Row I/O    ;                 ; no       ; On           ;
; H2       ; 25         ; 1        ; RESERVED_INPUT_WITH_WEAK_PULLUP                           ;        ;              ;         ; Row I/O    ;                 ; no       ; On           ;
; H3       ;            ;          ; GND                                                       ; gnd    ;              ;         ; --         ;                 ; --       ; --           ;
; H4       ;            ; 1        ; VCCIO1                                                    ; power  ;              ; 3.3V    ; --         ;                 ; --       ; --           ;
; H5       ; 0          ; 1        ; RESERVED_INPUT_WITH_WEAK_PULLUP                           ;        ;              ;         ; Row I/O    ;                 ; no       ; On           ;
; H6       ; 11         ; 1        ; RESERVED_INPUT_WITH_WEAK_PULLUP                           ;        ;              ;         ; Row I/O    ;                 ; no       ; On           ;
; H7       ; 10         ; 1        ; RESERVED_INPUT_WITH_WEAK_PULLUP                           ;        ;              ;         ; Row I/O    ;                 ; --       ; --           ;
; H8       ;            ;          ; GND                                                       ; gnd    ;              ;         ; --         ;                 ; --       ; --           ;
; H9       ; 344        ; 8        ; RESERVED_INPUT_WITH_WEAK_PULLUP                           ;        ;              ;         ; Column I/O ;                 ; no       ; On           ;
; H10      ; 343        ; 8        ; RESERVED_INPUT_WITH_WEAK_PULLUP                           ;        ;              ;         ; Column I/O ;                 ; no       ; On           ;
; H11      ; 323        ; 8        ; RESERVED_INPUT_WITH_WEAK_PULLUP                           ;        ;              ;         ; Column I/O ;                 ; no       ; On           ;
; H12      ; 304        ; 7        ; RESERVED_INPUT_WITH_WEAK_PULLUP                           ;        ;              ;         ; Column I/O ;                 ; no       ; On           ;
; H13      ; 303        ; 7        ; RESERVED_INPUT_WITH_WEAK_PULLUP                           ;        ;              ;         ; Column I/O ;                 ; no       ; On           ;
; H14      ; 288        ; 7        ; RESERVED_INPUT_WITH_WEAK_PULLUP                           ;        ;              ;         ; Column I/O ;                 ; no       ; On           ;
; H15      ; 287        ; 7        ; RESERVED_INPUT_WITH_WEAK_PULLUP                           ;        ;              ;         ; Column I/O ;                 ; no       ; On           ;
; H16      ; 259        ; 6        ; RESERVED_INPUT_WITH_WEAK_PULLUP                           ;        ;              ;         ; Row I/O    ;                 ; no       ; On           ;
; H17      ; 265        ; 6        ; RESERVED_INPUT_WITH_WEAK_PULLUP                           ;        ;              ;         ; Row I/O    ;                 ; no       ; On           ;
; H18      ; 257        ; 6        ; RESERVED_INPUT_WITH_WEAK_PULLUP                           ;        ;              ;         ; Row I/O    ;                 ; --       ; --           ;
; H19      ; 254        ; 6        ; RESERVED_INPUT_WITH_WEAK_PULLUP                           ;        ;              ;         ; Row I/O    ;                 ; no       ; On           ;
; H20      ; 253        ; 6        ; RESERVED_INPUT_WITH_WEAK_PULLUP                           ;        ;              ;         ; Row I/O    ;                 ; no       ; On           ;
; H21      ; 246        ; 6        ; RESERVED_INPUT_WITH_WEAK_PULLUP                           ;        ;              ;         ; Row I/O    ;                 ; no       ; On           ;
; H22      ; 245        ; 6        ; RESERVED_INPUT_WITH_WEAK_PULLUP                           ;        ;              ;         ; Row I/O    ;                 ; no       ; On           ;
; J1       ; 29         ; 1        ; RESERVED_INPUT_WITH_WEAK_PULLUP                           ;        ;              ;         ; Row I/O    ;                 ; no       ; On           ;
; J2       ; 28         ; 1        ; RESERVED_INPUT_WITH_WEAK_PULLUP                           ;        ;              ;         ; Row I/O    ;                 ; no       ; On           ;
; J3       ; 27         ; 1        ; RESERVED_INPUT_WITH_WEAK_PULLUP                           ;        ;              ;         ; Row I/O    ;                 ; --       ; --           ;
; J4       ; 24         ; 1        ; RESERVED_INPUT_WITH_WEAK_PULLUP                           ;        ;              ;         ; Row I/O    ;                 ; no       ; On           ;
; J5       ;            ;          ; GND                                                       ; gnd    ;              ;         ; --         ;                 ; --       ; --           ;
; J6       ; 12         ; 1        ; RESERVED_INPUT_WITH_WEAK_PULLUP                           ;        ;              ;         ; Row I/O    ;                 ; no       ; On           ;
; J7       ; 22         ; 1        ; RESERVED_INPUT_WITH_WEAK_PULLUP                           ;        ;              ;         ; Row I/O    ;                 ; no       ; On           ;
; J8       ;            ;          ; VCCINT                                                    ; power  ;              ; 1.2V    ; --         ;                 ; --       ; --           ;
; J9       ;            ;          ; GND                                                       ; gnd    ;              ;         ; --         ;                 ; --       ; --           ;
; J10      ;            ;          ; VCCINT                                                    ; power  ;              ; 1.2V    ; --         ;                 ; --       ; --           ;
; J11      ;            ;          ; VCCINT                                                    ; power  ;              ; 1.2V    ; --         ;                 ; --       ; --           ;
; J12      ;            ;          ; VCCINT                                                    ; power  ;              ; 1.2V    ; --         ;                 ; --       ; --           ;
; J13      ;            ;          ; VCCINT                                                    ; power  ;              ; 1.2V    ; --         ;                 ; --       ; --           ;
; J14      ;            ;          ; VCCINT                                                    ; power  ;              ; 1.2V    ; --         ;                 ; --       ; --           ;
; J15      ; 238        ; 6        ; RESERVED_INPUT_WITH_WEAK_PULLUP                           ;        ;              ;         ; Row I/O    ;                 ; no       ; On           ;
; J16      ; 243        ; 6        ; RESERVED_INPUT_WITH_WEAK_PULLUP                           ;        ;              ;         ; Row I/O    ;                 ; no       ; On           ;
; J17      ; 258        ; 6        ; RESERVED_INPUT_WITH_WEAK_PULLUP                           ;        ;              ;         ; Row I/O    ;                 ; no       ; On           ;
; J18      ; 249        ; 6        ; RESERVED_INPUT_WITH_WEAK_PULLUP                           ;        ;              ;         ; Row I/O    ;                 ; no       ; On           ;
; J19      ;            ;          ; GND                                                       ; gnd    ;              ;         ; --         ;                 ; --       ; --           ;
; J20      ;            ; 6        ; VCCIO6                                                    ; power  ;              ; 3.3V    ; --         ;                 ; --       ; --           ;
; J21      ; 242        ; 6        ; RESERVED_INPUT_WITH_WEAK_PULLUP                           ;        ;              ;         ; Row I/O    ;                 ; no       ; On           ;
; J22      ; 241        ; 6        ; RESERVED_INPUT_WITH_WEAK_PULLUP                           ;        ;              ;         ; Row I/O    ;                 ; no       ; On           ;
; K1       ; 31         ; 1        ; RESERVED_INPUT_WITH_WEAK_PULLUP                           ;        ;              ;         ; Row I/O    ;                 ; no       ; On           ;
; K2       ; 30         ; 1        ; ~ALTERA_DCLK~                                             ; output ; 3.3-V LVCMOS ;         ; Row I/O    ; N               ; no       ; On           ;
; K3       ;            ;          ; GND                                                       ; gnd    ;              ;         ; --         ;                 ; --       ; --           ;
; K4       ;            ; 1        ; VCCIO1                                                    ; power  ;              ; 3.3V    ; --         ;                 ; --       ; --           ;
; K5       ; 32         ; 1        ; ^nCONFIG                                                  ;        ;              ;         ; --         ;                 ; --       ; --           ;
; K6       ; 19         ; 1        ; ^nSTATUS                                                  ;        ;              ;         ; --         ;                 ; --       ; --           ;
; K7       ; 23         ; 1        ; RESERVED_INPUT_WITH_WEAK_PULLUP                           ;        ;              ;         ; Row I/O    ;                 ; no       ; On           ;
; K8       ; 21         ; 1        ; RESERVED_INPUT_WITH_WEAK_PULLUP                           ;        ;              ;         ; Row I/O    ;                 ; no       ; On           ;
; K9       ;            ;          ; VCCINT                                                    ; power  ;              ; 1.2V    ; --         ;                 ; --       ; --           ;
; K10      ;            ;          ; GND                                                       ; gnd    ;              ;         ; --         ;                 ; --       ; --           ;
; K11      ;            ;          ; GND                                                       ; gnd    ;              ;         ; --         ;                 ; --       ; --           ;
; K12      ;            ;          ; GND                                                       ; gnd    ;              ;         ; --         ;                 ; --       ; --           ;
; K13      ;            ;          ; GND                                                       ; gnd    ;              ;         ; --         ;                 ; --       ; --           ;
; K14      ;            ;          ; VCCINT                                                    ; power  ;              ; 1.2V    ; --         ;                 ; --       ; --           ;
; K15      ; 236        ; 6        ; RESERVED_INPUT_WITH_WEAK_PULLUP                           ;        ;              ;         ; Row I/O    ;                 ; no       ; On           ;
; K16      ; 244        ; 6        ; RESERVED_INPUT_WITH_WEAK_PULLUP                           ;        ;              ;         ; Row I/O    ;                 ; no       ; On           ;
; K17      ; 247        ; 6        ; RESERVED_INPUT_WITH_WEAK_PULLUP                           ;        ;              ;         ; Row I/O    ;                 ; no       ; On           ;
; K18      ; 248        ; 6        ; RESERVED_INPUT_WITH_WEAK_PULLUP                           ;        ;              ;         ; Row I/O    ;                 ; no       ; On           ;
; K19      ; 237        ; 6        ; RESERVED_INPUT_WITH_WEAK_PULLUP                           ;        ;              ;         ; Row I/O    ;                 ; --       ; --           ;
; K20      ; 231        ; 6        ; ^MSEL3                                                    ;        ;              ;         ; --         ;                 ; --       ; --           ;
; K21      ; 240        ; 6        ; RESERVED_INPUT_WITH_WEAK_PULLUP                           ;        ;              ;         ; Row I/O    ;                 ; no       ; On           ;
; K22      ; 239        ; 6        ; RESERVED_INPUT_WITH_WEAK_PULLUP                           ;        ;              ;         ; Row I/O    ;                 ; no       ; On           ;
; L1       ; 35         ; 1        ; #TMS                                                      ; input  ;              ;         ; --         ;                 ; --       ; --           ;
; L2       ; 34         ; 1        ; #TCK                                                      ; input  ;              ;         ; --         ;                 ; --       ; --           ;
; L3       ; 37         ; 1        ; ^nCE                                                      ;        ;              ;         ; --         ;                 ; --       ; --           ;
; L4       ; 36         ; 1        ; #TDO                                                      ; output ;              ;         ; --         ;                 ; --       ; --           ;
; L5       ; 33         ; 1        ; #TDI                                                      ; input  ;              ;         ; --         ;                 ; --       ; --           ;
; L6       ; 42         ; 2        ; RESERVED_INPUT_WITH_WEAK_PULLUP                           ;        ;              ;         ; Row I/O    ;                 ; no       ; On           ;
; L7       ; 50         ; 2        ; RESERVED_INPUT_WITH_WEAK_PULLUP                           ;        ;              ;         ; Row I/O    ;                 ; no       ; On           ;
; L8       ; 20         ; 1        ; RESERVED_INPUT_WITH_WEAK_PULLUP                           ;        ;              ;         ; Row I/O    ;                 ; no       ; On           ;
; L9       ;            ;          ; VCCINT                                                    ; power  ;              ; 1.2V    ; --         ;                 ; --       ; --           ;
; L10      ;            ;          ; GND                                                       ; gnd    ;              ;         ; --         ;                 ; --       ; --           ;
; L11      ;            ;          ; GND                                                       ; gnd    ;              ;         ; --         ;                 ; --       ; --           ;
; L12      ;            ;          ; GND                                                       ; gnd    ;              ;         ; --         ;                 ; --       ; --           ;
; L13      ;            ;          ; GND                                                       ; gnd    ;              ;         ; --         ;                 ; --       ; --           ;
; L14      ;            ;          ; VCCINT                                                    ; power  ;              ; 1.2V    ; --         ;                 ; --       ; --           ;
; L15      ; 233        ; 6        ; RESERVED_INPUT_WITH_WEAK_PULLUP                           ;        ;              ;         ; Row I/O    ;                 ; no       ; On           ;
; L16      ; 232        ; 6        ; RESERVED_INPUT_WITH_WEAK_PULLUP                           ;        ;              ;         ; Row I/O    ;                 ; no       ; On           ;
; L17      ; 230        ; 6        ; ^MSEL2                                                    ;        ;              ;         ; --         ;                 ; --       ; --           ;
; L18      ; 229        ; 6        ; ^MSEL1                                                    ;        ;              ;         ; --         ;                 ; --       ; --           ;
; L19      ;            ; 6        ; VCCIO6                                                    ; power  ;              ; 3.3V    ; --         ;                 ; --       ; --           ;
; L20      ;            ;          ; GND                                                       ; gnd    ;              ;         ; --         ;                 ; --       ; --           ;
; L21      ; 235        ; 6        ; RESERVED_INPUT_WITH_WEAK_PULLUP                           ;        ;              ;         ; Row I/O    ;                 ; no       ; On           ;
; L22      ; 234        ; 6        ; start                                                     ; input  ; 3.3-V LVCMOS ;         ; Row I/O    ; Y               ; no       ; Off          ;
; M1       ; 45         ; 2        ; RESERVED_INPUT_WITH_WEAK_PULLUP                           ;        ;              ;         ; Row I/O    ;                 ; no       ; On           ;
; M2       ; 44         ; 2        ; RESERVED_INPUT_WITH_WEAK_PULLUP                           ;        ;              ;         ; Row I/O    ;                 ; no       ; On           ;
; M3       ; 47         ; 2        ; RESERVED_INPUT_WITH_WEAK_PULLUP                           ;        ;              ;         ; Row I/O    ;                 ; no       ; On           ;
; M4       ; 46         ; 2        ; RESERVED_INPUT_WITH_WEAK_PULLUP                           ;        ;              ;         ; Row I/O    ;                 ; no       ; On           ;
; M5       ; 51         ; 2        ; RESERVED_INPUT_WITH_WEAK_PULLUP                           ;        ;              ;         ; Row I/O    ;                 ; --       ; --           ;
; M6       ; 43         ; 2        ; RESERVED_INPUT_WITH_WEAK_PULLUP                           ;        ;              ;         ; Row I/O    ;                 ; no       ; On           ;
; M7       ; 65         ; 2        ; RESERVED_INPUT_WITH_WEAK_PULLUP                           ;        ;              ;         ; Row I/O    ;                 ; no       ; On           ;
; M8       ; 66         ; 2        ; RESERVED_INPUT_WITH_WEAK_PULLUP                           ;        ;              ;         ; Row I/O    ;                 ; no       ; On           ;
; M9       ;            ;          ; VCCINT                                                    ; power  ;              ; 1.2V    ; --         ;                 ; --       ; --           ;
; M10      ;            ;          ; GND                                                       ; gnd    ;              ;         ; --         ;                 ; --       ; --           ;
; M11      ;            ;          ; GND                                                       ; gnd    ;              ;         ; --         ;                 ; --       ; --           ;
; M12      ;            ;          ; GND                                                       ; gnd    ;              ;         ; --         ;                 ; --       ; --           ;
; M13      ;            ;          ; GND                                                       ; gnd    ;              ;         ; --         ;                 ; --       ; --           ;
; M14      ;            ;          ; VCCINT                                                    ; power  ;              ; 1.2V    ; --         ;                 ; --       ; --           ;
; M15      ; 195        ; 5        ; RESERVED_INPUT_WITH_WEAK_PULLUP                           ;        ;              ;         ; Row I/O    ;                 ; no       ; On           ;
; M16      ; 222        ; 5        ; RESERVED_INPUT_WITH_WEAK_PULLUP                           ;        ;              ;         ; Row I/O    ;                 ; no       ; On           ;
; M17      ; 228        ; 6        ; ^MSEL0                                                    ;        ;              ;         ; --         ;                 ; --       ; --           ;
; M18      ; 227        ; 6        ; ^CONF_DONE                                                ;        ;              ;         ; --         ;                 ; --       ; --           ;
; M19      ; 221        ; 5        ; RESERVED_INPUT_WITH_WEAK_PULLUP                           ;        ;              ;         ; Row I/O    ;                 ; no       ; On           ;
; M20      ; 220        ; 5        ; adc_data[0]                                               ; input  ; 3.3-V LVCMOS ;         ; Row I/O    ; Y               ; no       ; Off          ;
; M21      ; 219        ; 5        ; RESERVED_INPUT_WITH_WEAK_PULLUP                           ;        ;              ;         ; Row I/O    ;                 ; no       ; On           ;
; M22      ; 218        ; 5        ; SPI_MISO                                                  ; output ; 3.3-V LVCMOS ;         ; Row I/O    ; Y               ; no       ; Off          ;
; N1       ; 49         ; 2        ; RESERVED_INPUT_WITH_WEAK_PULLUP                           ;        ;              ;         ; Row I/O    ;                 ; no       ; On           ;
; N2       ; 48         ; 2        ; RESERVED_INPUT_WITH_WEAK_PULLUP                           ;        ;              ;         ; Row I/O    ;                 ; no       ; On           ;
; N3       ;            ;          ; GND                                                       ; gnd    ;              ;         ; --         ;                 ; --       ; --           ;
; N4       ;            ; 2        ; VCCIO2                                                    ; power  ;              ; 3.3V    ; --         ;                 ; --       ; --           ;
; N5       ; 56         ; 2        ; RESERVED_INPUT_WITH_WEAK_PULLUP                           ;        ;              ;         ; Row I/O    ;                 ; no       ; On           ;
; N6       ; 64         ; 2        ; RESERVED_INPUT_WITH_WEAK_PULLUP                           ;        ;              ;         ; Row I/O    ;                 ; no       ; On           ;
; N7       ; 73         ; 2        ; RESERVED_INPUT_WITH_WEAK_PULLUP                           ;        ;              ;         ; Row I/O    ;                 ; no       ; On           ;
; N8       ; 67         ; 2        ; RESERVED_INPUT_WITH_WEAK_PULLUP                           ;        ;              ;         ; Row I/O    ;                 ; no       ; On           ;
; N9       ;            ;          ; VCCINT                                                    ; power  ;              ; 1.2V    ; --         ;                 ; --       ; --           ;
; N10      ;            ;          ; GND                                                       ; gnd    ;              ;         ; --         ;                 ; --       ; --           ;
; N11      ;            ;          ; GND                                                       ; gnd    ;              ;         ; --         ;                 ; --       ; --           ;
; N12      ;            ;          ; GND                                                       ; gnd    ;              ;         ; --         ;                 ; --       ; --           ;
; N13      ;            ;          ; GND                                                       ; gnd    ;              ;         ; --         ;                 ; --       ; --           ;
; N14      ; 189        ; 5        ; RESERVED_INPUT_WITH_WEAK_PULLUP                           ;        ;              ;         ; Row I/O    ;                 ; no       ; On           ;
; N15      ; 196        ; 5        ; RESERVED_INPUT_WITH_WEAK_PULLUP                           ;        ;              ;         ; Row I/O    ;                 ; no       ; On           ;
; N16      ; 205        ; 5        ; RESERVED_INPUT_WITH_WEAK_PULLUP                           ;        ;              ;         ; Row I/O    ;                 ; no       ; On           ;
; N17      ; 214        ; 5        ; RESERVED_INPUT_WITH_WEAK_PULLUP                           ;        ;              ;         ; Row I/O    ;                 ; no       ; On           ;
; N18      ; 215        ; 5        ; RESERVED_INPUT_WITH_WEAK_PULLUP                           ;        ;              ;         ; Row I/O    ;                 ; no       ; On           ;
; N19      ; 213        ; 5        ; adc_data[1]                                               ; input  ; 3.3-V LVCMOS ;         ; Row I/O    ; Y               ; no       ; Off          ;
; N20      ; 212        ; 5        ; adc_data[2]                                               ; input  ; 3.3-V LVCMOS ;         ; Row I/O    ; Y               ; no       ; Off          ;
; N21      ; 217        ; 5        ; RESERVED_INPUT_WITH_WEAK_PULLUP                           ;        ;              ;         ; Row I/O    ;                 ; no       ; On           ;
; N22      ; 216        ; 5        ; SPI_MOSI                                                  ; input  ; 3.3-V LVCMOS ;         ; Row I/O    ; Y               ; no       ; Off          ;
; P1       ; 53         ; 2        ; RESERVED_INPUT_WITH_WEAK_PULLUP                           ;        ;              ;         ; Row I/O    ;                 ; no       ; On           ;
; P2       ; 52         ; 2        ; RESERVED_INPUT_WITH_WEAK_PULLUP                           ;        ;              ;         ; Row I/O    ;                 ; no       ; On           ;
; P3       ; 58         ; 2        ; RESERVED_INPUT_WITH_WEAK_PULLUP                           ;        ;              ;         ; Row I/O    ;                 ; no       ; On           ;
; P4       ; 57         ; 2        ; RESERVED_INPUT_WITH_WEAK_PULLUP                           ;        ;              ;         ; Row I/O    ;                 ; no       ; On           ;
; P5       ; 63         ; 2        ; RESERVED_INPUT_WITH_WEAK_PULLUP                           ;        ;              ;         ; Row I/O    ;                 ; no       ; On           ;
; P6       ; 79         ; 2        ; RESERVED_INPUT_WITH_WEAK_PULLUP                           ;        ;              ;         ; Row I/O    ;                 ; no       ; On           ;
; P7       ; 74         ; 2        ; RESERVED_INPUT_WITH_WEAK_PULLUP                           ;        ;              ;         ; Row I/O    ;                 ; no       ; On           ;
; P8       ; 86         ; 2        ; RESERVED_INPUT_WITH_WEAK_PULLUP                           ;        ;              ;         ; Row I/O    ;                 ; no       ; On           ;
; P9       ;            ;          ; VCCINT                                                    ; power  ;              ; 1.2V    ; --         ;                 ; --       ; --           ;
; P10      ;            ;          ; VCCINT                                                    ; power  ;              ; 1.2V    ; --         ;                 ; --       ; --           ;
; P11      ;            ;          ; VCCINT                                                    ; power  ;              ; 1.2V    ; --         ;                 ; --       ; --           ;
; P12      ;            ;          ; VCCINT                                                    ; power  ;              ; 1.2V    ; --         ;                 ; --       ; --           ;
; P13      ;            ;          ; VCCINT                                                    ; power  ;              ; 1.2V    ; --         ;                 ; --       ; --           ;
; P14      ; 180        ; 5        ; RESERVED_INPUT_WITH_WEAK_PULLUP                           ;        ;              ;         ; Row I/O    ;                 ; no       ; On           ;
; P15      ; 192        ; 5        ; RESERVED_INPUT_WITH_WEAK_PULLUP                           ;        ;              ;         ; Row I/O    ;                 ; no       ; On           ;
; P16      ; 193        ; 5        ; RESERVED_INPUT_WITH_WEAK_PULLUP                           ;        ;              ;         ; Row I/O    ;                 ; no       ; On           ;
; P17      ; 197        ; 5        ; RESERVED_INPUT_WITH_WEAK_PULLUP                           ;        ;              ;         ; Row I/O    ;                 ; no       ; On           ;
; P18      ;            ; 5        ; VCCIO5                                                    ; power  ;              ; 3.3V    ; --         ;                 ; --       ; --           ;
; P19      ;            ;          ; GND                                                       ; gnd    ;              ;         ; --         ;                 ; --       ; --           ;
; P20      ; 208        ; 5        ; RESERVED_INPUT_WITH_WEAK_PULLUP                           ;        ;              ;         ; Row I/O    ;                 ; --       ; --           ;
; P21      ; 211        ; 5        ; RESERVED_INPUT_WITH_WEAK_PULLUP                           ;        ;              ;         ; Row I/O    ;                 ; no       ; On           ;
; P22      ; 210        ; 5        ; SPI_SCK                                                   ; input  ; 3.3-V LVCMOS ;         ; Row I/O    ; Y               ; no       ; Off          ;
; R1       ; 55         ; 2        ; RESERVED_INPUT_WITH_WEAK_PULLUP                           ;        ;              ;         ; Row I/O    ;                 ; no       ; On           ;
; R2       ; 54         ; 2        ; test                                                      ; output ; 3.3-V LVCMOS ;         ; Row I/O    ; Y               ; no       ; Off          ;
; R3       ;            ;          ; GND                                                       ; gnd    ;              ;         ; --         ;                 ; --       ; --           ;
; R4       ;            ; 2        ; VCCIO2                                                    ; power  ;              ; 3.3V    ; --         ;                 ; --       ; --           ;
; R5       ; 80         ; 2        ; RESERVED_INPUT_WITH_WEAK_PULLUP                           ;        ;              ;         ; Row I/O    ;                 ; no       ; On           ;
; R6       ; 83         ; 2        ; RESERVED_INPUT_WITH_WEAK_PULLUP                           ;        ;              ;         ; Row I/O    ;                 ; no       ; On           ;
; R7       ; 84         ; 2        ; RESERVED_INPUT_WITH_WEAK_PULLUP                           ;        ;              ;         ; Row I/O    ;                 ; no       ; On           ;
; R8       ; 87         ; 2        ; RESERVED_INPUT_WITH_WEAK_PULLUP                           ;        ;              ;         ; Row I/O    ;                 ; no       ; On           ;
; R9       ; 88         ; 3        ; RESERVED_INPUT_WITH_WEAK_PULLUP                           ;        ;              ;         ; Column I/O ;                 ; no       ; On           ;
; R10      ; 90         ; 3        ; RESERVED_INPUT_WITH_WEAK_PULLUP                           ;        ;              ;         ; Column I/O ;                 ; no       ; On           ;
; R11      ; 97         ; 3        ; RESERVED_INPUT_WITH_WEAK_PULLUP                           ;        ;              ;         ; Column I/O ;                 ; no       ; On           ;
; R12      ; 98         ; 3        ; RESERVED_INPUT_WITH_WEAK_PULLUP                           ;        ;              ;         ; Column I/O ;                 ; no       ; On           ;
; R13      ; 153        ; 4        ; RESERVED_INPUT_WITH_WEAK_PULLUP                           ;        ;              ;         ; Column I/O ;                 ; no       ; On           ;
; R14      ; 175        ; 4        ; RESERVED_INPUT_WITH_WEAK_PULLUP                           ;        ;              ;         ; Column I/O ;                 ; no       ; On           ;
; R15      ; 176        ; 4        ; RESERVED_INPUT_WITH_WEAK_PULLUP                           ;        ;              ;         ; Column I/O ;                 ; no       ; On           ;
; R16      ; 172        ; 4        ; RESERVED_INPUT_WITH_WEAK_PULLUP                           ;        ;              ;         ; Column I/O ;                 ; no       ; On           ;
; R17      ; 194        ; 5        ; RESERVED_INPUT_WITH_WEAK_PULLUP                           ;        ;              ;         ; Row I/O    ;                 ; --       ; --           ;
; R18      ; 203        ; 5        ; n_buttons_l[0]                                            ; input  ; 3.3-V LVCMOS ;         ; Row I/O    ; N               ; no       ; Off          ;
; R19      ; 204        ; 5        ; n_buttons_r[0]                                            ; input  ; 3.3-V LVCMOS ;         ; Row I/O    ; N               ; no       ; Off          ;
; R20      ; 200        ; 5        ; RESERVED_INPUT_WITH_WEAK_PULLUP                           ;        ;              ;         ; Row I/O    ;                 ; no       ; On           ;
; R21      ; 207        ; 5        ; RESERVED_INPUT_WITH_WEAK_PULLUP                           ;        ;              ;         ; Row I/O    ;                 ; no       ; On           ;
; R22      ; 206        ; 5        ; SPI_SS                                                    ; input  ; 3.3-V LVCMOS ;         ; Row I/O    ; Y               ; no       ; Off          ;
; T1       ; 41         ; 2        ; GND+                                                      ;        ;              ;         ; Row I/O    ;                 ; --       ; --           ;
; T2       ; 40         ; 2        ; GND+                                                      ;        ;              ;         ; Row I/O    ;                 ; --       ; --           ;
; T3       ; 72         ; 2        ; RESERVED_INPUT_WITH_WEAK_PULLUP                           ;        ;              ;         ; Row I/O    ;                 ; --       ; --           ;
; T4       ; 81         ; 2        ; RESERVED_INPUT_WITH_WEAK_PULLUP                           ;        ;              ;         ; Row I/O    ;                 ; no       ; On           ;
; T5       ; 82         ; 2        ; RESERVED_INPUT_WITH_WEAK_PULLUP                           ;        ;              ;         ; Row I/O    ;                 ; no       ; On           ;
; T6       ;            ; --       ; VCCA1                                                     ; power  ;              ; 2.5V    ; --         ;                 ; --       ; --           ;
; T7       ; 85         ; 2        ; RESERVED_INPUT_WITH_WEAK_PULLUP                           ;        ;              ;         ; Row I/O    ;                 ; no       ; On           ;
; T8       ; 89         ; 3        ; RESERVED_INPUT_WITH_WEAK_PULLUP                           ;        ;              ;         ; Column I/O ;                 ; no       ; On           ;
; T9       ; 91         ; 3        ; RESERVED_INPUT_WITH_WEAK_PULLUP                           ;        ;              ;         ; Column I/O ;                 ; no       ; On           ;
; T10      ; 121        ; 3        ; RESERVED_INPUT_WITH_WEAK_PULLUP                           ;        ;              ;         ; Column I/O ;                 ; no       ; On           ;
; T11      ; 125        ; 3        ; n_buttons_r[6]                                            ; input  ; 3.3-V LVCMOS ;         ; Column I/O ; N               ; no       ; Off          ;
; T12      ; 148        ; 4        ; RESERVED_INPUT_WITH_WEAK_PULLUP                           ;        ;              ;         ; Column I/O ;                 ; no       ; On           ;
; T13      ;            ;          ; VCCINT                                                    ; power  ;              ; 1.2V    ; --         ;                 ; --       ; --           ;
; T14      ; 160        ; 4        ; RESERVED_INPUT_WITH_WEAK_PULLUP                           ;        ;              ;         ; Column I/O ;                 ; no       ; On           ;
; T15      ; 161        ; 4        ; RESERVED_INPUT_WITH_WEAK_PULLUP                           ;        ;              ;         ; Column I/O ;                 ; no       ; On           ;
; T16      ; 171        ; 4        ; RESERVED_INPUT_WITH_WEAK_PULLUP                           ;        ;              ;         ; Column I/O ;                 ; no       ; On           ;
; T17      ; 181        ; 5        ; RESERVED_INPUT_WITH_WEAK_PULLUP                           ;        ;              ;         ; Row I/O    ;                 ; no       ; On           ;
; T18      ; 182        ; 5        ; RESERVED_INPUT_WITH_WEAK_PULLUP                           ;        ;              ;         ; Row I/O    ;                 ; no       ; On           ;
; T19      ;            ; 5        ; VCCIO5                                                    ; power  ;              ; 3.3V    ; --         ;                 ; --       ; --           ;
; T20      ;            ;          ; GND                                                       ; gnd    ;              ;         ; --         ;                 ; --       ; --           ;
; T21      ; 224        ; 5        ; GND+                                                      ;        ;              ;         ; Row I/O    ;                 ; --       ; --           ;
; T22      ; 223        ; 5        ; GND+                                                      ;        ;              ;         ; Row I/O    ;                 ; --       ; --           ;
; U1       ; 60         ; 2        ; RESERVED_INPUT_WITH_WEAK_PULLUP                           ;        ;              ;         ; Row I/O    ;                 ; no       ; On           ;
; U2       ; 59         ; 2        ; RESERVED_INPUT_WITH_WEAK_PULLUP                           ;        ;              ;         ; Row I/O    ;                 ; no       ; On           ;
; U3       ;            ;          ; GND                                                       ; gnd    ;              ;         ; --         ;                 ; --       ; --           ;
; U4       ;            ; 2        ; VCCIO2                                                    ; power  ;              ; 3.3V    ; --         ;                 ; --       ; --           ;
; U5       ;            ;          ; GNDA1                                                     ; gnd    ;              ;         ; --         ;                 ; --       ; --           ;
; U6       ;            ;          ; VCCD_PLL1                                                 ; power  ;              ; 1.2V    ; --         ;                 ; --       ; --           ;
; U7       ; 94         ; 3        ; RESERVED_INPUT_WITH_WEAK_PULLUP                           ;        ;              ;         ; Column I/O ;                 ; no       ; On           ;
; U8       ; 95         ; 3        ; RESERVED_INPUT_WITH_WEAK_PULLUP                           ;        ;              ;         ; Column I/O ;                 ; no       ; On           ;
; U9       ; 112        ; 3        ; RESERVED_INPUT_WITH_WEAK_PULLUP                           ;        ;              ;         ; Column I/O ;                 ; no       ; On           ;
; U10      ; 122        ; 3        ; RESERVED_INPUT_WITH_WEAK_PULLUP                           ;        ;              ;         ; Column I/O ;                 ; no       ; On           ;
; U11      ; 128        ; 3        ; RESERVED_INPUT_WITH_WEAK_PULLUP                           ;        ;              ;         ; Column I/O ;                 ; no       ; On           ;
; U12      ; 147        ; 4        ; n_buttons_r[4]                                            ; input  ; 3.3-V LVCMOS ;         ; Column I/O ; N               ; no       ; Off          ;
; U13      ; 156        ; 4        ; RESERVED_INPUT_WITH_WEAK_PULLUP                           ;        ;              ;         ; Column I/O ;                 ; no       ; On           ;
; U14      ; 174        ; 4        ; RESERVED_INPUT_WITH_WEAK_PULLUP                           ;        ;              ;         ; Column I/O ;                 ; no       ; On           ;
; U15      ; 173        ; 4        ; RESERVED_INPUT_WITH_WEAK_PULLUP                           ;        ;              ;         ; Column I/O ;                 ; no       ; On           ;
; U16      ;            ;          ; VCCINT                                                    ; power  ;              ; 1.2V    ; --         ;                 ; --       ; --           ;
; U17      ;            ;          ; VCCINT                                                    ; power  ;              ; 1.2V    ; --         ;                 ; --       ; --           ;
; U18      ;            ; --       ; VCCA4                                                     ; power  ;              ; 2.5V    ; --         ;                 ; --       ; --           ;
; U19      ; 188        ; 5        ; RESERVED_INPUT_WITH_WEAK_PULLUP                           ;        ;              ;         ; Row I/O    ;                 ; no       ; On           ;
; U20      ; 187        ; 5        ; RESERVED_INPUT_WITH_WEAK_PULLUP                           ;        ;              ;         ; Row I/O    ;                 ; no       ; On           ;
; U21      ; 202        ; 5        ; RESERVED_INPUT_WITH_WEAK_PULLUP                           ;        ;              ;         ; Row I/O    ;                 ; no       ; On           ;
; U22      ; 201        ; 5        ; RESERVED_INPUT_WITH_WEAK_PULLUP                           ;        ;              ;         ; Row I/O    ;                 ; no       ; On           ;
; V1       ; 62         ; 2        ; RESERVED_INPUT_WITH_WEAK_PULLUP                           ;        ;              ;         ; Row I/O    ;                 ; no       ; On           ;
; V2       ; 61         ; 2        ; RESERVED_INPUT_WITH_WEAK_PULLUP                           ;        ;              ;         ; Row I/O    ;                 ; no       ; On           ;
; V3       ; 78         ; 2        ; RESERVED_INPUT_WITH_WEAK_PULLUP                           ;        ;              ;         ; Row I/O    ;                 ; no       ; On           ;
; V4       ; 77         ; 2        ; RESERVED_INPUT_WITH_WEAK_PULLUP                           ;        ;              ;         ; Row I/O    ;                 ; no       ; On           ;
; V5       ; 93         ; 3        ; RESERVED_INPUT_WITH_WEAK_PULLUP                           ;        ;              ;         ; Column I/O ;                 ; no       ; On           ;
; V6       ; 92         ; 3        ; RESERVED_INPUT_WITH_WEAK_PULLUP                           ;        ;              ;         ; Column I/O ;                 ; no       ; On           ;
; V7       ; 105        ; 3        ; RESERVED_INPUT_WITH_WEAK_PULLUP                           ;        ;              ;         ; Column I/O ;                 ; no       ; On           ;
; V8       ; 113        ; 3        ; RESERVED_INPUT_WITH_WEAK_PULLUP                           ;        ;              ;         ; Column I/O ;                 ; no       ; On           ;
; V9       ; 119        ; 3        ; RESERVED_INPUT_WITH_WEAK_PULLUP                           ;        ;              ;         ; Column I/O ;                 ; --       ; --           ;
; V10      ; 120        ; 3        ; RESERVED_INPUT_WITH_WEAK_PULLUP                           ;        ;              ;         ; Column I/O ;                 ; no       ; On           ;
; V11      ; 129        ; 3        ; RESERVED_INPUT_WITH_WEAK_PULLUP                           ;        ;              ;         ; Column I/O ;                 ; no       ; On           ;
; V12      ; 142        ; 4        ; n_buttons_l[2]                                            ; input  ; 3.3-V LVCMOS ;         ; Column I/O ; N               ; no       ; Off          ;
; V13      ; 154        ; 4        ; RESERVED_INPUT_WITH_WEAK_PULLUP                           ;        ;              ;         ; Column I/O ;                 ; no       ; On           ;
; V14      ; 157        ; 4        ; RESERVED_INPUT_WITH_WEAK_PULLUP                           ;        ;              ;         ; Column I/O ;                 ; no       ; On           ;
; V15      ; 158        ; 4        ; RESERVED_INPUT_WITH_WEAK_PULLUP                           ;        ;              ;         ; Column I/O ;                 ; no       ; On           ;
; V16      ; 168        ; 4        ; RESERVED_INPUT_WITH_WEAK_PULLUP                           ;        ;              ;         ; Column I/O ;                 ; --       ; --           ;
; V17      ;            ;          ; VCCD_PLL4                                                 ; power  ;              ; 1.2V    ; --         ;                 ; --       ; --           ;
; V18      ;            ;          ; GNDA4                                                     ; gnd    ;              ;         ; --         ;                 ; --       ; --           ;
; V19      ;            ; 5        ; VCCIO5                                                    ; power  ;              ; 3.3V    ; --         ;                 ; --       ; --           ;
; V20      ;            ;          ; GND                                                       ; gnd    ;              ;         ; --         ;                 ; --       ; --           ;
; V21      ; 199        ; 5        ; RESERVED_INPUT_WITH_WEAK_PULLUP                           ;        ;              ;         ; Row I/O    ;                 ; no       ; On           ;
; V22      ; 198        ; 5        ; RESERVED_INPUT_WITH_WEAK_PULLUP                           ;        ;              ;         ; Row I/O    ;                 ; no       ; On           ;
; W1       ; 69         ; 2        ; RESERVED_INPUT_WITH_WEAK_PULLUP                           ;        ;              ;         ; Row I/O    ;                 ; no       ; On           ;
; W2       ; 68         ; 2        ; RESERVED_INPUT_WITH_WEAK_PULLUP                           ;        ;              ;         ; Row I/O    ;                 ; no       ; On           ;
; W3       ;            ;          ; GND                                                       ; gnd    ;              ;         ; --         ;                 ; --       ; --           ;
; W4       ;            ; 2        ; VCCIO2                                                    ; power  ;              ; 3.3V    ; --         ;                 ; --       ; --           ;
; W5       ;            ; 3        ; VCCIO3                                                    ; power  ;              ; 3.3V    ; --         ;                 ; --       ; --           ;
; W6       ; 104        ; 3        ; RESERVED_INPUT_WITH_WEAK_PULLUP                           ;        ;              ;         ; Column I/O ;                 ; no       ; On           ;
; W7       ; 110        ; 3        ; RESERVED_INPUT_WITH_WEAK_PULLUP                           ;        ;              ;         ; Column I/O ;                 ; no       ; On           ;
; W8       ; 114        ; 3        ; RESERVED_INPUT_WITH_WEAK_PULLUP                           ;        ;              ;         ; Column I/O ;                 ; no       ; On           ;
; W9       ;            ; 3        ; VCCIO3                                                    ; power  ;              ; 3.3V    ; --         ;                 ; --       ; --           ;
; W10      ; 130        ; 3        ; RESERVED_INPUT_WITH_WEAK_PULLUP                           ;        ;              ;         ; Column I/O ;                 ; no       ; On           ;
; W11      ;            ; 3        ; VCCIO3                                                    ; power  ;              ; 3.3V    ; --         ;                 ; --       ; --           ;
; W12      ;            ; 4        ; VCCIO4                                                    ; power  ;              ; 3.3V    ; --         ;                 ; --       ; --           ;
; W13      ; 143        ; 4        ; n_buttons_r[7]                                            ; input  ; 3.3-V LVCMOS ;         ; Column I/O ; N               ; no       ; Off          ;
; W14      ; 155        ; 4        ; RESERVED_INPUT_WITH_WEAK_PULLUP                           ;        ;              ;         ; Column I/O ;                 ; --       ; --           ;
; W15      ; 159        ; 4        ; RESERVED_INPUT_WITH_WEAK_PULLUP                           ;        ;              ;         ; Column I/O ;                 ; no       ; On           ;
; W16      ;            ; 4        ; VCCIO4                                                    ; power  ;              ; 3.3V    ; --         ;                 ; --       ; --           ;
; W17      ; 166        ; 4        ; RESERVED_INPUT_WITH_WEAK_PULLUP                           ;        ;              ;         ; Column I/O ;                 ; no       ; On           ;
; W18      ;            ; 4        ; VCCIO4                                                    ; power  ;              ; 3.3V    ; --         ;                 ; --       ; --           ;
; W19      ; 184        ; 5        ; RESERVED_INPUT_WITH_WEAK_PULLUP                           ;        ;              ;         ; Row I/O    ;                 ; no       ; On           ;
; W20      ; 183        ; 5        ; RESERVED_INPUT_WITH_WEAK_PULLUP                           ;        ;              ;         ; Row I/O    ;                 ; no       ; On           ;
; W21      ; 191        ; 5        ; RESERVED_INPUT_WITH_WEAK_PULLUP                           ;        ;              ;         ; Row I/O    ;                 ; no       ; On           ;
; W22      ; 190        ; 5        ; RESERVED_INPUT_WITH_WEAK_PULLUP                           ;        ;              ;         ; Row I/O    ;                 ; no       ; On           ;
; Y1       ; 71         ; 2        ; RESERVED_INPUT_WITH_WEAK_PULLUP                           ;        ;              ;         ; Row I/O    ;                 ; no       ; On           ;
; Y2       ; 70         ; 2        ; RESERVED_INPUT_WITH_WEAK_PULLUP                           ;        ;              ;         ; Row I/O    ;                 ; no       ; On           ;
; Y3       ; 99         ; 3        ; RESERVED_INPUT_WITH_WEAK_PULLUP                           ;        ;              ;         ; Column I/O ;                 ; no       ; On           ;
; Y4       ; 96         ; 3        ; RESERVED_INPUT_WITH_WEAK_PULLUP                           ;        ;              ;         ; Column I/O ;                 ; --       ; --           ;
; Y5       ;            ;          ; GND                                                       ; gnd    ;              ;         ; --         ;                 ; --       ; --           ;
; Y6       ; 101        ; 3        ; RESERVED_INPUT_WITH_WEAK_PULLUP                           ;        ;              ;         ; Column I/O ;                 ; no       ; On           ;
; Y7       ; 111        ; 3        ; RESERVED_INPUT_WITH_WEAK_PULLUP                           ;        ;              ;         ; Column I/O ;                 ; no       ; On           ;
; Y8       ; 117        ; 3        ; RESERVED_INPUT_WITH_WEAK_PULLUP                           ;        ;              ;         ; Column I/O ;                 ; no       ; On           ;
; Y9       ;            ;          ; GND                                                       ; gnd    ;              ;         ; --         ;                 ; --       ; --           ;
; Y10      ; 131        ; 3        ; n_buttons_l[1]                                            ; input  ; 3.3-V LVCMOS ;         ; Column I/O ; N               ; no       ; Off          ;
; Y11      ;            ;          ; GND                                                       ; gnd    ;              ;         ; --         ;                 ; --       ; --           ;
; Y12      ;            ;          ; GND                                                       ; gnd    ;              ;         ; --         ;                 ; --       ; --           ;
; Y13      ; 144        ; 4        ; n_buttons_r[2]                                            ; input  ; 3.3-V LVCMOS ;         ; Column I/O ; N               ; no       ; Off          ;
; Y14      ;            ; 4        ; VCCIO4                                                    ; power  ;              ; 3.3V    ; --         ;                 ; --       ; --           ;
; Y15      ;            ;          ; GND                                                       ; gnd    ;              ;         ; --         ;                 ; --       ; --           ;
; Y16      ;            ;          ; GND                                                       ; gnd    ;              ;         ; --         ;                 ; --       ; --           ;
; Y17      ; 167        ; 4        ; RESERVED_INPUT_WITH_WEAK_PULLUP                           ;        ;              ;         ; Column I/O ;                 ; no       ; On           ;
; Y18      ;            ;          ; GND                                                       ; gnd    ;              ;         ; --         ;                 ; --       ; --           ;
; Y19      ;            ; 5        ; VCCIO5                                                    ; power  ;              ; 3.3V    ; --         ;                 ; --       ; --           ;
; Y20      ;            ;          ; GND                                                       ; gnd    ;              ;         ; --         ;                 ; --       ; --           ;
; Y21      ; 186        ; 5        ; RESERVED_INPUT_WITH_WEAK_PULLUP                           ;        ;              ;         ; Row I/O    ;                 ; no       ; On           ;
; Y22      ; 185        ; 5        ; RESERVED_INPUT_WITH_WEAK_PULLUP                           ;        ;              ;         ; Row I/O    ;                 ; no       ; On           ;
+----------+------------+----------+-----------------------------------------------------------+--------+--------------+---------+------------+-----------------+----------+--------------+
Note: Pin directions (input, output or bidir) are based on device operating in user mode.


+------------------------------------------------------------------------------------------------------+
; PLL Summary                                                                                          ;
+-------------------------------+----------------------------------------------------------------------+
; Name                          ; pll_rx:prx|altpll:altpll_component|pll_rx_altpll:auto_generated|pll1 ;
+-------------------------------+----------------------------------------------------------------------+
; SDC pin name                  ; prx|altpll_component|auto_generated|pll1                             ;
; PLL mode                      ; Normal                                                               ;
; Compensate clock              ; clock0                                                               ;
; Compensated input/output pins ; --                                                                   ;
; Switchover type               ; --                                                                   ;
; Input frequency 0             ; 61.44 MHz                                                            ;
; Input frequency 1             ; --                                                                   ;
; Nominal PFD frequency         ; 61.4 MHz                                                             ;
; Nominal VCO frequency         ; 614.4 MHz                                                            ;
; VCO post scale K counter      ; 2                                                                    ;
; VCO frequency control         ; Auto                                                                 ;
; VCO phase shift step          ; 203 ps                                                               ;
; VCO multiply                  ; --                                                                   ;
; VCO divide                    ; --                                                                   ;
; Freq min lock                 ; 30.0 MHz                                                             ;
; Freq max lock                 ; 65.02 MHz                                                            ;
; M VCO Tap                     ; 0                                                                    ;
; M Initial                     ; 1                                                                    ;
; M value                       ; 10                                                                   ;
; N value                       ; 1                                                                    ;
; Charge pump current           ; setting 1                                                            ;
; Loop filter resistance        ; setting 27                                                           ;
; Loop filter capacitance       ; setting 0                                                            ;
; Bandwidth                     ; 1.03 MHz to 1.97 MHz                                                 ;
; Bandwidth type                ; Medium                                                               ;
; Real time reconfigurable      ; Off                                                                  ;
; Scan chain MIF file           ; --                                                                   ;
; Preserve PLL counter order    ; Off                                                                  ;
; PLL location                  ; PLL_4                                                                ;
; Inclk0 signal                 ; clock_61M                                                            ;
; Inclk1 signal                 ; --                                                                   ;
; Inclk0 signal type            ; Dedicated Pin                                                        ;
; Inclk1 signal type            ; --                                                                   ;
+-------------------------------+----------------------------------------------------------------------+


+------------------------------------------------------------------------------------------------------------------------------------------------------------------------------------------------------------------------------------------------------------------------------------------------------------+
; PLL Usage                                                                                                                                                                                                                                                                                                  ;
+----------------------------------------------------------------------------------+--------------+------+-----+------------------+-------------+------------------+------------+---------+---------------+------------+---------------+---------+---------+-------------------------------------------------+
; Name                                                                             ; Output Clock ; Mult ; Div ; Output Frequency ; Phase Shift ; Phase Shift Step ; Duty Cycle ; Counter ; Counter Value ; High / Low ; Cascade Input ; Initial ; VCO Tap ; SDC Pin Name                                    ;
+----------------------------------------------------------------------------------+--------------+------+-----+------------------+-------------+------------------+------------+---------+---------------+------------+---------------+---------+---------+-------------------------------------------------+
; pll_rx:prx|altpll:altpll_component|pll_rx_altpll:auto_generated|wire_pll1_clk[0] ; clock0       ; 2    ; 1   ; 122.88 MHz       ; 0 (0 ps)    ; 9.00 (203 ps)    ; 50/50      ; C0      ; 5             ; 3/2 Odd    ; --            ; 1       ; 0       ; prx|altpll_component|auto_generated|pll1|clk[0] ;
; pll_rx:prx|altpll:altpll_component|pll_rx_altpll:auto_generated|wire_pll1_clk[1] ; clock1       ; 1    ; 5   ; 12.29 MHz        ; 0 (0 ps)    ; 0.90 (203 ps)    ; 50/50      ; C1      ; 50            ; 25/25 Even ; --            ; 1       ; 0       ; prx|altpll_component|auto_generated|pll1|clk[1] ;
+----------------------------------------------------------------------------------+--------------+------+-----+------------------+-------------+------------------+------------+---------+---------------+------------+---------------+---------+---------+-------------------------------------------------+


+----------------------------------------------+
; I/O Assignment Warnings                      ;
+----------------+-----------------------------+
; Pin Name       ; Reason                      ;
+----------------+-----------------------------+
; dac_data[0]    ; Missing drive strength      ;
; dac_data[1]    ; Missing drive strength      ;
; dac_data[2]    ; Missing drive strength      ;
; dac_data[3]    ; Missing drive strength      ;
; dac_data[4]    ; Missing drive strength      ;
; dac_data[5]    ; Missing drive strength      ;
; dac_data[6]    ; Missing drive strength      ;
; dac_data[7]    ; Missing drive strength      ;
; dac_data[8]    ; Missing drive strength      ;
; dac_data[9]    ; Missing drive strength      ;
; dac_data[10]   ; Missing drive strength      ;
; dac_data[11]   ; Missing drive strength      ;
; dac_data[12]   ; Missing drive strength      ;
; dac_data[13]   ; Missing drive strength      ;
; dac_clk        ; Missing drive strength      ;
; level_pwm      ; Missing drive strength      ;
; SPI_MISO       ; Missing drive strength      ;
; filter[0]      ; Missing drive strength      ;
; filter[1]      ; Missing drive strength      ;
; filter[2]      ; Missing drive strength      ;
; filter[3]      ; Missing drive strength      ;
; filter[4]      ; Missing drive strength      ;
; p_att[0]       ; Missing drive strength      ;
; p_att[1]       ; Missing drive strength      ;
; p_att[2]       ; Missing drive strength      ;
; p_att[3]       ; Missing drive strength      ;
; p_att[4]       ; Missing drive strength      ;
; p_att[5]       ; Missing drive strength      ;
; led            ; Missing drive strength      ;
; test           ; Missing drive strength      ;
; n_buttons_r[7] ; Missing location assignment ;
; n_buttons_r[6] ; Missing location assignment ;
; n_buttons_r[5] ; Missing location assignment ;
; n_buttons_r[4] ; Missing location assignment ;
; n_buttons_r[3] ; Missing location assignment ;
; n_buttons_r[2] ; Missing location assignment ;
; n_buttons_r[1] ; Missing location assignment ;
; n_buttons_r[0] ; Missing location assignment ;
; n_tune         ; Missing location assignment ;
; n_buttons_l[4] ; Missing location assignment ;
; n_buttons_l[3] ; Missing location assignment ;
; n_buttons_l[2] ; Missing location assignment ;
; n_buttons_l[1] ; Missing location assignment ;
; n_buttons_l[0] ; Missing location assignment ;
+----------------+-----------------------------+


+----------------------------------------------------------------------------------------------------------------------------------------------------------------------------------------------------------------------------------------------------------------------------------------------------------------------------------------------------------------------------------------------------------------------------------------------------------------------+
; Fitter Resource Utilization by Entity                                                                                                                                                                                                                                                                                                                                                                                                                                ;
+-------------------------------------------------------------+-------------+---------------------------+---------------+-------------+------+--------------+---------+-----------+------+--------------+--------------+-------------------+------------------+--------------------------------------------------------------------------------------------------------------------------------------------------------------------+--------------------+--------------+
; Compilation Hierarchy Node                                  ; Logic Cells ; Dedicated Logic Registers ; I/O Registers ; Memory Bits ; M9Ks ; DSP Elements ; DSP 9x9 ; DSP 18x18 ; Pins ; Virtual Pins ; LUT-Only LCs ; Register-Only LCs ; LUT/Register LCs ; Full Hierarchy Name                                                                                                                                                ; Entity Name        ; Library Name ;
+-------------------------------------------------------------+-------------+---------------------------+---------------+-------------+------+--------------+---------+-----------+------+--------------+--------------+-------------------+------------------+--------------------------------------------------------------------------------------------------------------------------------------------------------------------+--------------------+--------------+
; |radio                                                      ; 7995 (238)  ; 5870 (239)                ; 0 (0)         ; 165916      ; 25   ; 18           ; 2       ; 8         ; 63   ; 0            ; 2125 (1)     ; 1510 (132)        ; 4360 (97)        ; |radio                                                                                                                                                             ; radio              ; work         ;
;    |Receiver:rx|                                            ; 4183 (32)   ; 2818 (48)                 ; 0 (0)         ; 23324       ; 7    ; 14           ; 2       ; 6         ; 0    ; 0            ; 1359 (0)     ; 601 (32)          ; 2223 (0)         ; |radio|Receiver:rx                                                                                                                                                 ; Receiver           ; work         ;
;       |cordic_rx:cordic_rx|                                 ; 1573 (1573) ; 1020 (1020)               ; 0 (0)         ; 0           ; 0    ; 0            ; 0       ; 0         ; 0    ; 0            ; 548 (548)    ; 65 (65)           ; 960 (960)        ; |radio|Receiver:rx|cordic_rx:cordic_rx                                                                                                                             ; cordic_rx          ; work         ;
;       |fir:fir_inst_I|                                      ; 188 (71)    ; 86 (31)                   ; 0 (0)         ; 6350        ; 1    ; 7            ; 1       ; 3         ; 0    ; 0            ; 85 (23)      ; 11 (11)           ; 92 (37)          ; |radio|Receiver:rx|fir:fir_inst_I                                                                                                                                  ; fir                ; work         ;
;          |fir_mac:fir_mac_inst|                             ; 105 (47)    ; 47 (47)                   ; 0 (0)         ; 0           ; 0    ; 7            ; 1       ; 3         ; 0    ; 0            ; 58 (0)       ; 0 (0)             ; 47 (47)          ; |radio|Receiver:rx|fir:fir_inst_I|fir_mac:fir_mac_inst                                                                                                             ; fir_mac            ; work         ;
;             |mult_24Sx24S:mult_24Sx24S_inst|                ; 58 (0)      ; 0 (0)                     ; 0 (0)         ; 0           ; 0    ; 7            ; 1       ; 3         ; 0    ; 0            ; 58 (0)       ; 0 (0)             ; 0 (0)            ; |radio|Receiver:rx|fir:fir_inst_I|fir_mac:fir_mac_inst|mult_24Sx24S:mult_24Sx24S_inst                                                                              ; mult_24Sx24S       ; work         ;
;                |lpm_mult:lpm_mult_component|                ; 58 (0)      ; 0 (0)                     ; 0 (0)         ; 0           ; 0    ; 7            ; 1       ; 3         ; 0    ; 0            ; 58 (0)       ; 0 (0)             ; 0 (0)            ; |radio|Receiver:rx|fir:fir_inst_I|fir_mac:fir_mac_inst|mult_24Sx24S:mult_24Sx24S_inst|lpm_mult:lpm_mult_component                                                  ; lpm_mult           ; work         ;
;                   |mult_okp:auto_generated|                 ; 58 (58)     ; 0 (0)                     ; 0 (0)         ; 0           ; 0    ; 7            ; 1       ; 3         ; 0    ; 0            ; 58 (58)      ; 0 (0)             ; 0 (0)            ; |radio|Receiver:rx|fir:fir_inst_I|fir_mac:fir_mac_inst|mult_24Sx24S:mult_24Sx24S_inst|lpm_mult:lpm_mult_component|mult_okp:auto_generated                          ; mult_okp           ; work         ;
;          |fir_shiftreg:fir_shiftreg_inst|                   ; 12 (0)      ; 8 (0)                     ; 0 (0)         ; 6350        ; 1    ; 0            ; 0       ; 0         ; 0    ; 0            ; 4 (0)        ; 0 (0)             ; 8 (0)            ; |radio|Receiver:rx|fir:fir_inst_I|fir_shiftreg:fir_shiftreg_inst                                                                                                   ; fir_shiftreg       ; work         ;
;             |altshift_taps:ALTSHIFT_TAPS_component|         ; 12 (0)      ; 8 (0)                     ; 0 (0)         ; 6350        ; 1    ; 0            ; 0       ; 0         ; 0    ; 0            ; 4 (0)        ; 0 (0)             ; 8 (0)            ; |radio|Receiver:rx|fir:fir_inst_I|fir_shiftreg:fir_shiftreg_inst|altshift_taps:ALTSHIFT_TAPS_component                                                             ; altshift_taps      ; work         ;
;                |shift_taps_frv:auto_generated|              ; 12 (0)      ; 8 (0)                     ; 0 (0)         ; 6350        ; 1    ; 0            ; 0       ; 0         ; 0    ; 0            ; 4 (0)        ; 0 (0)             ; 8 (0)            ; |radio|Receiver:rx|fir:fir_inst_I|fir_shiftreg:fir_shiftreg_inst|altshift_taps:ALTSHIFT_TAPS_component|shift_taps_frv:auto_generated                               ; shift_taps_frv     ; work         ;
;                   |altsyncram_rga1:altsyncram2|             ; 0 (0)       ; 0 (0)                     ; 0 (0)         ; 6350        ; 1    ; 0            ; 0       ; 0         ; 0    ; 0            ; 0 (0)        ; 0 (0)             ; 0 (0)            ; |radio|Receiver:rx|fir:fir_inst_I|fir_shiftreg:fir_shiftreg_inst|altshift_taps:ALTSHIFT_TAPS_component|shift_taps_frv:auto_generated|altsyncram_rga1:altsyncram2   ; altsyncram_rga1    ; work         ;
;                   |cntr_ksf:cntr1|                          ; 12 (10)     ; 8 (8)                     ; 0 (0)         ; 0           ; 0    ; 0            ; 0       ; 0         ; 0    ; 0            ; 4 (2)        ; 0 (0)             ; 8 (8)            ; |radio|Receiver:rx|fir:fir_inst_I|fir_shiftreg:fir_shiftreg_inst|altshift_taps:ALTSHIFT_TAPS_component|shift_taps_frv:auto_generated|cntr_ksf:cntr1                ; cntr_ksf           ; work         ;
;                      |cmpr_ugc:cmpr4|                       ; 2 (2)       ; 0 (0)                     ; 0 (0)         ; 0           ; 0    ; 0            ; 0       ; 0         ; 0    ; 0            ; 2 (2)        ; 0 (0)             ; 0 (0)            ; |radio|Receiver:rx|fir:fir_inst_I|fir_shiftreg:fir_shiftreg_inst|altshift_taps:ALTSHIFT_TAPS_component|shift_taps_frv:auto_generated|cntr_ksf:cntr1|cmpr_ugc:cmpr4 ; cmpr_ugc           ; work         ;
;       |fir:fir_inst_Q|                                      ; 181 (64)    ; 84 (29)                   ; 0 (0)         ; 6350        ; 1    ; 7            ; 1       ; 3         ; 0    ; 0            ; 91 (29)      ; 7 (7)             ; 83 (28)          ; |radio|Receiver:rx|fir:fir_inst_Q                                                                                                                                  ; fir                ; work         ;
;          |fir_mac:fir_mac_inst|                             ; 105 (47)    ; 47 (47)                   ; 0 (0)         ; 0           ; 0    ; 7            ; 1       ; 3         ; 0    ; 0            ; 58 (0)       ; 0 (0)             ; 47 (47)          ; |radio|Receiver:rx|fir:fir_inst_Q|fir_mac:fir_mac_inst                                                                                                             ; fir_mac            ; work         ;
;             |mult_24Sx24S:mult_24Sx24S_inst|                ; 58 (0)      ; 0 (0)                     ; 0 (0)         ; 0           ; 0    ; 7            ; 1       ; 3         ; 0    ; 0            ; 58 (0)       ; 0 (0)             ; 0 (0)            ; |radio|Receiver:rx|fir:fir_inst_Q|fir_mac:fir_mac_inst|mult_24Sx24S:mult_24Sx24S_inst                                                                              ; mult_24Sx24S       ; work         ;
;                |lpm_mult:lpm_mult_component|                ; 58 (0)      ; 0 (0)                     ; 0 (0)         ; 0           ; 0    ; 7            ; 1       ; 3         ; 0    ; 0            ; 58 (0)       ; 0 (0)             ; 0 (0)            ; |radio|Receiver:rx|fir:fir_inst_Q|fir_mac:fir_mac_inst|mult_24Sx24S:mult_24Sx24S_inst|lpm_mult:lpm_mult_component                                                  ; lpm_mult           ; work         ;
;                   |mult_okp:auto_generated|                 ; 58 (58)     ; 0 (0)                     ; 0 (0)         ; 0           ; 0    ; 7            ; 1       ; 3         ; 0    ; 0            ; 58 (58)      ; 0 (0)             ; 0 (0)            ; |radio|Receiver:rx|fir:fir_inst_Q|fir_mac:fir_mac_inst|mult_24Sx24S:mult_24Sx24S_inst|lpm_mult:lpm_mult_component|mult_okp:auto_generated                          ; mult_okp           ; work         ;
;          |fir_shiftreg:fir_shiftreg_inst|                   ; 12 (0)      ; 8 (0)                     ; 0 (0)         ; 6350        ; 1    ; 0            ; 0       ; 0         ; 0    ; 0            ; 4 (0)        ; 0 (0)             ; 8 (0)            ; |radio|Receiver:rx|fir:fir_inst_Q|fir_shiftreg:fir_shiftreg_inst                                                                                                   ; fir_shiftreg       ; work         ;
;             |altshift_taps:ALTSHIFT_TAPS_component|         ; 12 (0)      ; 8 (0)                     ; 0 (0)         ; 6350        ; 1    ; 0            ; 0       ; 0         ; 0    ; 0            ; 4 (0)        ; 0 (0)             ; 8 (0)            ; |radio|Receiver:rx|fir:fir_inst_Q|fir_shiftreg:fir_shiftreg_inst|altshift_taps:ALTSHIFT_TAPS_component                                                             ; altshift_taps      ; work         ;
;                |shift_taps_frv:auto_generated|              ; 12 (0)      ; 8 (0)                     ; 0 (0)         ; 6350        ; 1    ; 0            ; 0       ; 0         ; 0    ; 0            ; 4 (0)        ; 0 (0)             ; 8 (0)            ; |radio|Receiver:rx|fir:fir_inst_Q|fir_shiftreg:fir_shiftreg_inst|altshift_taps:ALTSHIFT_TAPS_component|shift_taps_frv:auto_generated                               ; shift_taps_frv     ; work         ;
;                   |altsyncram_rga1:altsyncram2|             ; 0 (0)       ; 0 (0)                     ; 0 (0)         ; 6350        ; 1    ; 0            ; 0       ; 0         ; 0    ; 0            ; 0 (0)        ; 0 (0)             ; 0 (0)            ; |radio|Receiver:rx|fir:fir_inst_Q|fir_shiftreg:fir_shiftreg_inst|altshift_taps:ALTSHIFT_TAPS_component|shift_taps_frv:auto_generated|altsyncram_rga1:altsyncram2   ; altsyncram_rga1    ; work         ;
;                   |cntr_ksf:cntr1|                          ; 12 (10)     ; 8 (8)                     ; 0 (0)         ; 0           ; 0    ; 0            ; 0       ; 0         ; 0    ; 0            ; 4 (2)        ; 0 (0)             ; 8 (8)            ; |radio|Receiver:rx|fir:fir_inst_Q|fir_shiftreg:fir_shiftreg_inst|altshift_taps:ALTSHIFT_TAPS_component|shift_taps_frv:auto_generated|cntr_ksf:cntr1                ; cntr_ksf           ; work         ;
;                      |cmpr_ugc:cmpr4|                       ; 2 (2)       ; 0 (0)                     ; 0 (0)         ; 0           ; 0    ; 0            ; 0       ; 0         ; 0    ; 0            ; 2 (2)        ; 0 (0)             ; 0 (0)            ; |radio|Receiver:rx|fir:fir_inst_Q|fir_shiftreg:fir_shiftreg_inst|altshift_taps:ALTSHIFT_TAPS_component|shift_taps_frv:auto_generated|cntr_ksf:cntr1|cmpr_ugc:cmpr4 ; cmpr_ugc           ; work         ;
;       |fir_coeffs:fir_coeffs_inst|                          ; 8 (8)       ; 8 (8)                     ; 0 (0)         ; 6144        ; 1    ; 0            ; 0       ; 0         ; 0    ; 0            ; 0 (0)        ; 0 (0)             ; 8 (8)            ; |radio|Receiver:rx|fir_coeffs:fir_coeffs_inst                                                                                                                      ; fir_coeffs         ; work         ;
;          |fir_coeffs_rom:fir_coeffs_rom_inst|               ; 0 (0)       ; 0 (0)                     ; 0 (0)         ; 6144        ; 1    ; 0            ; 0       ; 0         ; 0    ; 0            ; 0 (0)        ; 0 (0)             ; 0 (0)            ; |radio|Receiver:rx|fir_coeffs:fir_coeffs_inst|fir_coeffs_rom:fir_coeffs_rom_inst                                                                                   ; fir_coeffs_rom     ; work         ;
;             |altsyncram:altsyncram_component|               ; 0 (0)       ; 0 (0)                     ; 0 (0)         ; 6144        ; 1    ; 0            ; 0       ; 0         ; 0    ; 0            ; 0 (0)        ; 0 (0)             ; 0 (0)            ; |radio|Receiver:rx|fir_coeffs:fir_coeffs_inst|fir_coeffs_rom:fir_coeffs_rom_inst|altsyncram:altsyncram_component                                                   ; altsyncram         ; work         ;
;                |altsyncram_nvb1:auto_generated|             ; 0 (0)       ; 0 (0)                     ; 0 (0)         ; 6144        ; 1    ; 0            ; 0       ; 0         ; 0    ; 0            ; 0 (0)        ; 0 (0)             ; 0 (0)            ; |radio|Receiver:rx|fir_coeffs:fir_coeffs_inst|fir_coeffs_rom:fir_coeffs_rom_inst|altsyncram:altsyncram_component|altsyncram_nvb1:auto_generated                    ; altsyncram_nvb1    ; work         ;
;       |memcic:memcic_inst_I|                                ; 387 (387)   ; 115 (115)                 ; 0 (0)         ; 2240        ; 3    ; 0            ; 0       ; 0         ; 0    ; 0            ; 272 (272)    ; 44 (44)           ; 71 (71)          ; |radio|Receiver:rx|memcic:memcic_inst_I                                                                                                                            ; memcic             ; work         ;
;          |memcic_ram:memcic_ram_inst|                       ; 0 (0)       ; 0 (0)                     ; 0 (0)         ; 2240        ; 3    ; 0            ; 0       ; 0         ; 0    ; 0            ; 0 (0)        ; 0 (0)             ; 0 (0)            ; |radio|Receiver:rx|memcic:memcic_inst_I|memcic_ram:memcic_ram_inst                                                                                                 ; memcic_ram         ; work         ;
;             |altsyncram:altsyncram_component|               ; 0 (0)       ; 0 (0)                     ; 0 (0)         ; 2240        ; 3    ; 0            ; 0       ; 0         ; 0    ; 0            ; 0 (0)        ; 0 (0)             ; 0 (0)            ; |radio|Receiver:rx|memcic:memcic_inst_I|memcic_ram:memcic_ram_inst|altsyncram:altsyncram_component                                                                 ; altsyncram         ; work         ;
;                |altsyncram_7bp1:auto_generated|             ; 0 (0)       ; 0 (0)                     ; 0 (0)         ; 2240        ; 3    ; 0            ; 0       ; 0         ; 0    ; 0            ; 0 (0)        ; 0 (0)             ; 0 (0)            ; |radio|Receiver:rx|memcic:memcic_inst_I|memcic_ram:memcic_ram_inst|altsyncram:altsyncram_component|altsyncram_7bp1:auto_generated                                  ; altsyncram_7bp1    ; work         ;
;       |memcic:memcic_inst_Q|                                ; 352 (352)   ; 94 (94)                   ; 0 (0)         ; 2240        ; 1    ; 0            ; 0       ; 0         ; 0    ; 0            ; 258 (258)    ; 48 (48)           ; 46 (46)          ; |radio|Receiver:rx|memcic:memcic_inst_Q                                                                                                                            ; memcic             ; work         ;
;          |memcic_ram:memcic_ram_inst|                       ; 0 (0)       ; 0 (0)                     ; 0 (0)         ; 2240        ; 1    ; 0            ; 0       ; 0         ; 0    ; 0            ; 0 (0)        ; 0 (0)             ; 0 (0)            ; |radio|Receiver:rx|memcic:memcic_inst_Q|memcic_ram:memcic_ram_inst                                                                                                 ; memcic_ram         ; work         ;
;             |altsyncram:altsyncram_component|               ; 0 (0)       ; 0 (0)                     ; 0 (0)         ; 2240        ; 1    ; 0            ; 0       ; 0         ; 0    ; 0            ; 0 (0)        ; 0 (0)             ; 0 (0)            ; |radio|Receiver:rx|memcic:memcic_inst_Q|memcic_ram:memcic_ram_inst|altsyncram:altsyncram_component                                                                 ; altsyncram         ; work         ;
;                |altsyncram_7bp1:auto_generated|             ; 0 (0)       ; 0 (0)                     ; 0 (0)         ; 2240        ; 1    ; 0            ; 0       ; 0         ; 0    ; 0            ; 0 (0)        ; 0 (0)             ; 0 (0)            ; |radio|Receiver:rx|memcic:memcic_inst_Q|memcic_ram:memcic_ram_inst|altsyncram:altsyncram_component|altsyncram_7bp1:auto_generated                                  ; altsyncram_7bp1    ; work         ;
;       |varcic:varcic_inst_I1|                               ; 745 (98)    ; 690 (41)                  ; 0 (0)         ; 0           ; 0    ; 0            ; 0       ; 0         ; 0    ; 0            ; 54 (54)      ; 200 (1)           ; 491 (43)         ; |radio|Receiver:rx|varcic:varcic_inst_I1                                                                                                                           ; varcic             ; work         ;
;          |cic_comb:cic_stages[0].cic_comb_inst|             ; 112 (112)   ; 112 (112)                 ; 0 (0)         ; 0           ; 0    ; 0            ; 0       ; 0         ; 0    ; 0            ; 0 (0)        ; 56 (56)           ; 56 (56)          ; |radio|Receiver:rx|varcic:varcic_inst_I1|cic_comb:cic_stages[0].cic_comb_inst                                                                                      ; cic_comb           ; work         ;
;          |cic_comb:cic_stages[1].cic_comb_inst|             ; 112 (112)   ; 112 (112)                 ; 0 (0)         ; 0           ; 0    ; 0            ; 0       ; 0         ; 0    ; 0            ; 0 (0)        ; 56 (56)           ; 56 (56)          ; |radio|Receiver:rx|varcic:varcic_inst_I1|cic_comb:cic_stages[1].cic_comb_inst                                                                                      ; cic_comb           ; work         ;
;          |cic_comb:cic_stages[2].cic_comb_inst|             ; 112 (112)   ; 112 (112)                 ; 0 (0)         ; 0           ; 0    ; 0            ; 0       ; 0         ; 0    ; 0            ; 0 (0)        ; 56 (56)           ; 56 (56)          ; |radio|Receiver:rx|varcic:varcic_inst_I1|cic_comb:cic_stages[2].cic_comb_inst                                                                                      ; cic_comb           ; work         ;
;          |cic_comb:cic_stages[3].cic_comb_inst|             ; 89 (89)     ; 89 (89)                   ; 0 (0)         ; 0           ; 0    ; 0            ; 0       ; 0         ; 0    ; 0            ; 0 (0)        ; 31 (31)           ; 58 (58)          ; |radio|Receiver:rx|varcic:varcic_inst_I1|cic_comb:cic_stages[3].cic_comb_inst                                                                                      ; cic_comb           ; work         ;
;          |cic_integrator:cic_stages[0].cic_integrator_inst| ; 56 (56)     ; 56 (56)                   ; 0 (0)         ; 0           ; 0    ; 0            ; 0       ; 0         ; 0    ; 0            ; 0 (0)        ; 0 (0)             ; 56 (56)          ; |radio|Receiver:rx|varcic:varcic_inst_I1|cic_integrator:cic_stages[0].cic_integrator_inst                                                                          ; cic_integrator     ; work         ;
;          |cic_integrator:cic_stages[1].cic_integrator_inst| ; 56 (56)     ; 56 (56)                   ; 0 (0)         ; 0           ; 0    ; 0            ; 0       ; 0         ; 0    ; 0            ; 0 (0)        ; 0 (0)             ; 56 (56)          ; |radio|Receiver:rx|varcic:varcic_inst_I1|cic_integrator:cic_stages[1].cic_integrator_inst                                                                          ; cic_integrator     ; work         ;
;          |cic_integrator:cic_stages[2].cic_integrator_inst| ; 56 (56)     ; 56 (56)                   ; 0 (0)         ; 0           ; 0    ; 0            ; 0       ; 0         ; 0    ; 0            ; 0 (0)        ; 0 (0)             ; 56 (56)          ; |radio|Receiver:rx|varcic:varcic_inst_I1|cic_integrator:cic_stages[2].cic_integrator_inst                                                                          ; cic_integrator     ; work         ;
;          |cic_integrator:cic_stages[3].cic_integrator_inst| ; 56 (56)     ; 56 (56)                   ; 0 (0)         ; 0           ; 0    ; 0            ; 0       ; 0         ; 0    ; 0            ; 0 (0)        ; 0 (0)             ; 56 (56)          ; |radio|Receiver:rx|varcic:varcic_inst_I1|cic_integrator:cic_stages[3].cic_integrator_inst                                                                          ; cic_integrator     ; work         ;
;       |varcic:varcic_inst_Q1|                               ; 724 (75)    ; 673 (24)                  ; 0 (0)         ; 0           ; 0    ; 0            ; 0       ; 0         ; 0    ; 0            ; 51 (51)      ; 194 (0)           ; 479 (24)         ; |radio|Receiver:rx|varcic:varcic_inst_Q1                                                                                                                           ; varcic             ; work         ;
;          |cic_comb:cic_stages[0].cic_comb_inst|             ; 112 (112)   ; 112 (112)                 ; 0 (0)         ; 0           ; 0    ; 0            ; 0       ; 0         ; 0    ; 0            ; 0 (0)        ; 56 (56)           ; 56 (56)          ; |radio|Receiver:rx|varcic:varcic_inst_Q1|cic_comb:cic_stages[0].cic_comb_inst                                                                                      ; cic_comb           ; work         ;
;          |cic_comb:cic_stages[1].cic_comb_inst|             ; 112 (112)   ; 112 (112)                 ; 0 (0)         ; 0           ; 0    ; 0            ; 0       ; 0         ; 0    ; 0            ; 0 (0)        ; 56 (56)           ; 56 (56)          ; |radio|Receiver:rx|varcic:varcic_inst_Q1|cic_comb:cic_stages[1].cic_comb_inst                                                                                      ; cic_comb           ; work         ;
;          |cic_comb:cic_stages[2].cic_comb_inst|             ; 112 (112)   ; 112 (112)                 ; 0 (0)         ; 0           ; 0    ; 0            ; 0       ; 0         ; 0    ; 0            ; 0 (0)        ; 56 (56)           ; 56 (56)          ; |radio|Receiver:rx|varcic:varcic_inst_Q1|cic_comb:cic_stages[2].cic_comb_inst                                                                                      ; cic_comb           ; work         ;
;          |cic_comb:cic_stages[3].cic_comb_inst|             ; 89 (89)     ; 89 (89)                   ; 0 (0)         ; 0           ; 0    ; 0            ; 0       ; 0         ; 0    ; 0            ; 0 (0)        ; 26 (26)           ; 63 (63)          ; |radio|Receiver:rx|varcic:varcic_inst_Q1|cic_comb:cic_stages[3].cic_comb_inst                                                                                      ; cic_comb           ; work         ;
;          |cic_integrator:cic_stages[0].cic_integrator_inst| ; 56 (56)     ; 56 (56)                   ; 0 (0)         ; 0           ; 0    ; 0            ; 0       ; 0         ; 0    ; 0            ; 0 (0)        ; 0 (0)             ; 56 (56)          ; |radio|Receiver:rx|varcic:varcic_inst_Q1|cic_integrator:cic_stages[0].cic_integrator_inst                                                                          ; cic_integrator     ; work         ;
;          |cic_integrator:cic_stages[1].cic_integrator_inst| ; 56 (56)     ; 56 (56)                   ; 0 (0)         ; 0           ; 0    ; 0            ; 0       ; 0         ; 0    ; 0            ; 0 (0)        ; 0 (0)             ; 56 (56)          ; |radio|Receiver:rx|varcic:varcic_inst_Q1|cic_integrator:cic_stages[1].cic_integrator_inst                                                                          ; cic_integrator     ; work         ;
;          |cic_integrator:cic_stages[2].cic_integrator_inst| ; 56 (56)     ; 56 (56)                   ; 0 (0)         ; 0           ; 0    ; 0            ; 0       ; 0         ; 0    ; 0            ; 0 (0)        ; 0 (0)             ; 56 (56)          ; |radio|Receiver:rx|varcic:varcic_inst_Q1|cic_integrator:cic_stages[2].cic_integrator_inst                                                                          ; cic_integrator     ; work         ;
;          |cic_integrator:cic_stages[3].cic_integrator_inst| ; 56 (56)     ; 56 (56)                   ; 0 (0)         ; 0           ; 0    ; 0            ; 0       ; 0         ; 0    ; 0            ; 0 (0)        ; 0 (0)             ; 56 (56)          ; |radio|Receiver:rx|varcic:varcic_inst_Q1|cic_integrator:cic_stages[3].cic_integrator_inst                                                                          ; cic_integrator     ; work         ;
;    |Transmitter:tx|                                         ; 3076 (32)   ; 2362 (32)                 ; 0 (0)         ; 11520       ; 2    ; 4            ; 0       ; 2         ; 0    ; 0            ; 714 (0)      ; 454 (27)          ; 1908 (0)         ; |radio|Transmitter:tx                                                                                                                                              ; Transmitter        ; work         ;
;       |CicInterpM5:in2|                                     ; 1042 (1042) ; 1040 (1040)               ; 0 (0)         ; 0           ; 0    ; 0            ; 0       ; 0         ; 0    ; 0            ; 2 (2)        ; 258 (258)         ; 782 (782)        ; |radio|Transmitter:tx|CicInterpM5:in2                                                                                                                              ; CicInterpM5        ; work         ;
;       |FirInterp8:fi|                                       ; 192 (192)   ; 170 (170)                 ; 0 (0)         ; 11520       ; 2    ; 4            ; 0       ; 2         ; 0    ; 0            ; 16 (16)      ; 85 (85)           ; 91 (91)          ; |radio|Transmitter:tx|FirInterp8:fi                                                                                                                                ; FirInterp8         ; work         ;
;          |firram36I:ram|                                    ; 0 (0)       ; 0 (0)                     ; 0 (0)         ; 2304        ; 1    ; 0            ; 0       ; 0         ; 0    ; 0            ; 0 (0)        ; 0 (0)             ; 0 (0)            ; |radio|Transmitter:tx|FirInterp8:fi|firram36I:ram                                                                                                                  ; firram36I          ; work         ;
;             |altsyncram:altsyncram_component|               ; 0 (0)       ; 0 (0)                     ; 0 (0)         ; 2304        ; 1    ; 0            ; 0       ; 0         ; 0    ; 0            ; 0 (0)        ; 0 (0)             ; 0 (0)            ; |radio|Transmitter:tx|FirInterp8:fi|firram36I:ram|altsyncram:altsyncram_component                                                                                  ; altsyncram         ; work         ;
;                |altsyncram_jbp1:auto_generated|             ; 0 (0)       ; 0 (0)                     ; 0 (0)         ; 2304        ; 1    ; 0            ; 0       ; 0         ; 0    ; 0            ; 0 (0)        ; 0 (0)             ; 0 (0)            ; |radio|Transmitter:tx|FirInterp8:fi|firram36I:ram|altsyncram:altsyncram_component|altsyncram_jbp1:auto_generated                                                   ; altsyncram_jbp1    ; work         ;
;          |firromI:rom|                                      ; 0 (0)       ; 0 (0)                     ; 0 (0)         ; 9216        ; 1    ; 0            ; 0       ; 0         ; 0    ; 0            ; 0 (0)        ; 0 (0)             ; 0 (0)            ; |radio|Transmitter:tx|FirInterp8:fi|firromI:rom                                                                                                                    ; firromI            ; work         ;
;             |altsyncram:altsyncram_component|               ; 0 (0)       ; 0 (0)                     ; 0 (0)         ; 9216        ; 1    ; 0            ; 0       ; 0         ; 0    ; 0            ; 0 (0)        ; 0 (0)             ; 0 (0)            ; |radio|Transmitter:tx|FirInterp8:fi|firromI:rom|altsyncram:altsyncram_component                                                                                    ; altsyncram         ; work         ;
;                |altsyncram_83b1:auto_generated|             ; 0 (0)       ; 0 (0)                     ; 0 (0)         ; 9216        ; 1    ; 0            ; 0       ; 0         ; 0    ; 0            ; 0 (0)        ; 0 (0)             ; 0 (0)            ; |radio|Transmitter:tx|FirInterp8:fi|firromI:rom|altsyncram:altsyncram_component|altsyncram_83b1:auto_generated                                                     ; altsyncram_83b1    ; work         ;
;          |lpm_mult:Mult0|                                   ; 0 (0)       ; 0 (0)                     ; 0 (0)         ; 0           ; 0    ; 2            ; 0       ; 1         ; 0    ; 0            ; 0 (0)        ; 0 (0)             ; 0 (0)            ; |radio|Transmitter:tx|FirInterp8:fi|lpm_mult:Mult0                                                                                                                 ; lpm_mult           ; work         ;
;             |mult_c6t:auto_generated|                       ; 0 (0)       ; 0 (0)                     ; 0 (0)         ; 0           ; 0    ; 2            ; 0       ; 1         ; 0    ; 0            ; 0 (0)        ; 0 (0)             ; 0 (0)            ; |radio|Transmitter:tx|FirInterp8:fi|lpm_mult:Mult0|mult_c6t:auto_generated                                                                                         ; mult_c6t           ; work         ;
;          |lpm_mult:Mult1|                                   ; 0 (0)       ; 0 (0)                     ; 0 (0)         ; 0           ; 0    ; 2            ; 0       ; 1         ; 0    ; 0            ; 0 (0)        ; 0 (0)             ; 0 (0)            ; |radio|Transmitter:tx|FirInterp8:fi|lpm_mult:Mult1                                                                                                                 ; lpm_mult           ; work         ;
;             |mult_c6t:auto_generated|                       ; 0 (0)       ; 0 (0)                     ; 0 (0)         ; 0           ; 0    ; 2            ; 0       ; 1         ; 0    ; 0            ; 0 (0)        ; 0 (0)             ; 0 (0)            ; |radio|Transmitter:tx|FirInterp8:fi|lpm_mult:Mult1|mult_c6t:auto_generated                                                                                         ; mult_c6t           ; work         ;
;       |cdc_sync:im_data|                                    ; 32 (32)     ; 32 (32)                   ; 0 (0)         ; 0           ; 0    ; 0            ; 0       ; 0         ; 0    ; 0            ; 0 (0)        ; 31 (31)           ; 1 (1)            ; |radio|Transmitter:tx|cdc_sync:im_data                                                                                                                             ; cdc_sync           ; work         ;
;       |cdc_sync:re_data|                                    ; 32 (32)     ; 32 (32)                   ; 0 (0)         ; 0           ; 0    ; 0            ; 0       ; 0         ; 0    ; 0            ; 0 (0)        ; 31 (31)           ; 1 (1)            ; |radio|Transmitter:tx|cdc_sync:re_data                                                                                                                             ; cdc_sync           ; work         ;
;       |cordic_tx:cordic_inst|                               ; 1752 (1752) ; 1056 (1056)               ; 0 (0)         ; 0           ; 0    ; 0            ; 0       ; 0         ; 0    ; 0            ; 696 (696)    ; 22 (22)           ; 1034 (1034)      ; |radio|Transmitter:tx|cordic_tx:cordic_inst                                                                                                                        ; cordic_tx          ; work         ;
;    |cdc_sync:cont|                                          ; 128 (128)   ; 128 (128)                 ; 0 (0)         ; 0           ; 0    ; 0            ; 0       ; 0         ; 0    ; 0            ; 0 (0)        ; 125 (125)         ; 3 (3)            ; |radio|cdc_sync:cont                                                                                                                                               ; cdc_sync           ; work         ;
;    |cdc_sync:done|                                          ; 2 (2)       ; 2 (2)                     ; 0 (0)         ; 0           ; 0    ; 0            ; 0       ; 0         ; 0    ; 0            ; 0 (0)        ; 2 (2)             ; 0 (0)            ; |radio|cdc_sync:done                                                                                                                                               ; cdc_sync           ; work         ;
;    |fifo:fm|                                                ; 138 (0)     ; 116 (0)                   ; 0 (0)         ; 131072      ; 16   ; 0            ; 0       ; 0         ; 0    ; 0            ; 22 (0)       ; 69 (0)            ; 47 (0)           ; |radio|fifo:fm                                                                                                                                                     ; fifo               ; work         ;
;       |dcfifo:dcfifo_component|                             ; 138 (0)     ; 116 (0)                   ; 0 (0)         ; 131072      ; 16   ; 0            ; 0       ; 0         ; 0    ; 0            ; 22 (0)       ; 69 (0)            ; 47 (0)           ; |radio|fifo:fm|dcfifo:dcfifo_component                                                                                                                             ; dcfifo             ; work         ;
;          |dcfifo_5ti1:auto_generated|                       ; 138 (37)    ; 116 (36)                  ; 0 (0)         ; 131072      ; 16   ; 0            ; 0       ; 0         ; 0    ; 0            ; 22 (1)       ; 69 (32)           ; 47 (3)           ; |radio|fifo:fm|dcfifo:dcfifo_component|dcfifo_5ti1:auto_generated                                                                                                  ; dcfifo_5ti1        ; work         ;
;             |a_graycounter_3lc:wrptr_g1p|                   ; 25 (25)     ; 16 (16)                   ; 0 (0)         ; 0           ; 0    ; 0            ; 0       ; 0         ; 0    ; 0            ; 9 (9)        ; 2 (2)             ; 14 (14)          ; |radio|fifo:fm|dcfifo:dcfifo_component|dcfifo_5ti1:auto_generated|a_graycounter_3lc:wrptr_g1p                                                                      ; a_graycounter_3lc  ; work         ;
;             |a_graycounter_777:rdptr_g1p|                   ; 25 (25)     ; 16 (16)                   ; 0 (0)         ; 0           ; 0    ; 0            ; 0       ; 0         ; 0    ; 0            ; 9 (9)        ; 0 (0)             ; 16 (16)          ; |radio|fifo:fm|dcfifo:dcfifo_component|dcfifo_5ti1:auto_generated|a_graycounter_777:rdptr_g1p                                                                      ; a_graycounter_777  ; work         ;
;             |alt_synch_pipe_fpl:rs_dgwp|                    ; 24 (0)      ; 24 (0)                    ; 0 (0)         ; 0           ; 0    ; 0            ; 0       ; 0         ; 0    ; 0            ; 0 (0)        ; 18 (0)            ; 6 (0)            ; |radio|fifo:fm|dcfifo:dcfifo_component|dcfifo_5ti1:auto_generated|alt_synch_pipe_fpl:rs_dgwp                                                                       ; alt_synch_pipe_fpl ; work         ;
;                |dffpipe_1f9:dffpipe5|                       ; 24 (24)     ; 24 (24)                   ; 0 (0)         ; 0           ; 0    ; 0            ; 0       ; 0         ; 0    ; 0            ; 0 (0)        ; 18 (18)           ; 6 (6)            ; |radio|fifo:fm|dcfifo:dcfifo_component|dcfifo_5ti1:auto_generated|alt_synch_pipe_fpl:rs_dgwp|dffpipe_1f9:dffpipe5                                                  ; dffpipe_1f9        ; work         ;
;             |alt_synch_pipe_gpl:ws_dgrp|                    ; 24 (0)      ; 24 (0)                    ; 0 (0)         ; 0           ; 0    ; 0            ; 0       ; 0         ; 0    ; 0            ; 0 (0)        ; 17 (0)            ; 7 (0)            ; |radio|fifo:fm|dcfifo:dcfifo_component|dcfifo_5ti1:auto_generated|alt_synch_pipe_gpl:ws_dgrp                                                                       ; alt_synch_pipe_gpl ; work         ;
;                |dffpipe_2f9:dffpipe8|                       ; 24 (24)     ; 24 (24)                   ; 0 (0)         ; 0           ; 0    ; 0            ; 0       ; 0         ; 0    ; 0            ; 0 (0)        ; 17 (17)           ; 7 (7)            ; |radio|fifo:fm|dcfifo:dcfifo_component|dcfifo_5ti1:auto_generated|alt_synch_pipe_gpl:ws_dgrp|dffpipe_2f9:dffpipe8                                                  ; dffpipe_2f9        ; work         ;
;             |altsyncram_g271:fifo_ram|                      ; 0 (0)       ; 0 (0)                     ; 0 (0)         ; 131072      ; 16   ; 0            ; 0       ; 0         ; 0    ; 0            ; 0 (0)        ; 0 (0)             ; 0 (0)            ; |radio|fifo:fm|dcfifo:dcfifo_component|dcfifo_5ti1:auto_generated|altsyncram_g271:fifo_ram                                                                         ; altsyncram_g271    ; work         ;
;             |cmpr_p76:rdempty_eq_comp|                      ; 9 (9)       ; 0 (0)                     ; 0 (0)         ; 0           ; 0    ; 0            ; 0       ; 0         ; 0    ; 0            ; 2 (2)        ; 0 (0)             ; 7 (7)            ; |radio|fifo:fm|dcfifo:dcfifo_component|dcfifo_5ti1:auto_generated|cmpr_p76:rdempty_eq_comp                                                                         ; cmpr_p76           ; work         ;
;             |cmpr_p76:wrfull_eq_comp|                       ; 8 (8)       ; 0 (0)                     ; 0 (0)         ; 0           ; 0    ; 0            ; 0       ; 0         ; 0    ; 0            ; 1 (1)        ; 0 (0)             ; 7 (7)            ; |radio|fifo:fm|dcfifo:dcfifo_component|dcfifo_5ti1:auto_generated|cmpr_p76:wrfull_eq_comp                                                                          ; cmpr_p76           ; work         ;
;    |filter:filter_inst|                                     ; 35 (35)     ; 5 (5)                     ; 0 (0)         ; 0           ; 0    ; 0            ; 0       ; 0         ; 0    ; 0            ; 22 (22)      ; 0 (0)             ; 13 (13)          ; |radio|filter:filter_inst                                                                                                                                          ; filter             ; work         ;
;    |pll_rx:prx|                                             ; 0 (0)       ; 0 (0)                     ; 0 (0)         ; 0           ; 0    ; 0            ; 0       ; 0         ; 0    ; 0            ; 0 (0)        ; 0 (0)             ; 0 (0)            ; |radio|pll_rx:prx                                                                                                                                                  ; pll_rx             ; work         ;
;       |altpll:altpll_component|                             ; 0 (0)       ; 0 (0)                     ; 0 (0)         ; 0           ; 0    ; 0            ; 0       ; 0         ; 0    ; 0            ; 0 (0)        ; 0 (0)             ; 0 (0)            ; |radio|pll_rx:prx|altpll:altpll_component                                                                                                                          ; altpll             ; work         ;
;          |pll_rx_altpll:auto_generated|                     ; 0 (0)       ; 0 (0)                     ; 0 (0)         ; 0           ; 0    ; 0            ; 0       ; 0         ; 0    ; 0            ; 0 (0)        ; 0 (0)             ; 0 (0)            ; |radio|pll_rx:prx|altpll:altpll_component|pll_rx_altpll:auto_generated                                                                                             ; pll_rx_altpll      ; work         ;
;    |spi_slave:spi|                                          ; 210 (210)   ; 200 (200)                 ; 0 (0)         ; 0           ; 0    ; 0            ; 0       ; 0         ; 0    ; 0            ; 7 (7)        ; 127 (127)         ; 76 (76)          ; |radio|spi_slave:spi                                                                                                                                               ; spi_slave          ; work         ;
+-------------------------------------------------------------+-------------+---------------------------+---------------+-------------+------+--------------+---------+-----------+------+--------------+--------------+-------------------+------------------+--------------------------------------------------------------------------------------------------------------------------------------------------------------------+--------------------+--------------+
Note: For table entries with two numbers listed, the numbers in parentheses indicate the number of resources of the given type used by the specific entity alone. The numbers listed outside of parentheses indicate the total resources of the given type used by the specific entity and all of its sub-entities in the hierarchy.


+------------------------------------------------------------------------------------------------+
; Delay Chain Summary                                                                            ;
+----------------+----------+---------------+---------------+-----------------------+-----+------+
; Name           ; Pin Type ; Pad to Core 0 ; Pad to Core 1 ; Pad to Input Register ; TCO ; TCOE ;
+----------------+----------+---------------+---------------+-----------------------+-----+------+
; dac_data[0]    ; Output   ; --            ; --            ; --                    ; --  ; --   ;
; dac_data[1]    ; Output   ; --            ; --            ; --                    ; --  ; --   ;
; dac_data[2]    ; Output   ; --            ; --            ; --                    ; --  ; --   ;
; dac_data[3]    ; Output   ; --            ; --            ; --                    ; --  ; --   ;
; dac_data[4]    ; Output   ; --            ; --            ; --                    ; --  ; --   ;
; dac_data[5]    ; Output   ; --            ; --            ; --                    ; --  ; --   ;
; dac_data[6]    ; Output   ; --            ; --            ; --                    ; --  ; --   ;
; dac_data[7]    ; Output   ; --            ; --            ; --                    ; --  ; --   ;
; dac_data[8]    ; Output   ; --            ; --            ; --                    ; --  ; --   ;
; dac_data[9]    ; Output   ; --            ; --            ; --                    ; --  ; --   ;
; dac_data[10]   ; Output   ; --            ; --            ; --                    ; --  ; --   ;
; dac_data[11]   ; Output   ; --            ; --            ; --                    ; --  ; --   ;
; dac_data[12]   ; Output   ; --            ; --            ; --                    ; --  ; --   ;
; dac_data[13]   ; Output   ; --            ; --            ; --                    ; --  ; --   ;
; dac_clk        ; Output   ; --            ; --            ; --                    ; --  ; --   ;
; level_pwm      ; Output   ; --            ; --            ; --                    ; --  ; --   ;
; SPI_MISO       ; Output   ; --            ; --            ; --                    ; --  ; --   ;
; filter[0]      ; Output   ; --            ; --            ; --                    ; --  ; --   ;
; filter[1]      ; Output   ; --            ; --            ; --                    ; --  ; --   ;
; filter[2]      ; Output   ; --            ; --            ; --                    ; --  ; --   ;
; filter[3]      ; Output   ; --            ; --            ; --                    ; --  ; --   ;
; filter[4]      ; Output   ; --            ; --            ; --                    ; --  ; --   ;
; p_att[0]       ; Output   ; --            ; --            ; --                    ; --  ; --   ;
; p_att[1]       ; Output   ; --            ; --            ; --                    ; --  ; --   ;
; p_att[2]       ; Output   ; --            ; --            ; --                    ; --  ; --   ;
; p_att[3]       ; Output   ; --            ; --            ; --                    ; --  ; --   ;
; p_att[4]       ; Output   ; --            ; --            ; --                    ; --  ; --   ;
; p_att[5]       ; Output   ; --            ; --            ; --                    ; --  ; --   ;
; led            ; Output   ; --            ; --            ; --                    ; --  ; --   ;
; test           ; Output   ; --            ; --            ; --                    ; --  ; --   ;
; clock_61M      ; Input    ; (0) 0 ps      ; --            ; --                    ; --  ; --   ;
; start          ; Input    ; (6) 1314 ps   ; --            ; --                    ; --  ; --   ;
; SPI_SS         ; Input    ; (6) 1314 ps   ; --            ; --                    ; --  ; --   ;
; SPI_SCK        ; Input    ; (0) 0 ps      ; (0) 0 ps      ; --                    ; --  ; --   ;
; n_ptt          ; Input    ; --            ; (6) 1314 ps   ; --                    ; --  ; --   ;
; SPI_MOSI       ; Input    ; (6) 1314 ps   ; --            ; --                    ; --  ; --   ;
; n_buttons_r[7] ; Input    ; (6) 1314 ps   ; --            ; --                    ; --  ; --   ;
; n_buttons_r[6] ; Input    ; --            ; (6) 1314 ps   ; --                    ; --  ; --   ;
; n_buttons_r[5] ; Input    ; (6) 1314 ps   ; --            ; --                    ; --  ; --   ;
; n_buttons_r[4] ; Input    ; --            ; (6) 1314 ps   ; --                    ; --  ; --   ;
; n_buttons_r[3] ; Input    ; (6) 1314 ps   ; --            ; --                    ; --  ; --   ;
; n_buttons_r[2] ; Input    ; (6) 1314 ps   ; --            ; --                    ; --  ; --   ;
; n_buttons_r[1] ; Input    ; (6) 1314 ps   ; --            ; --                    ; --  ; --   ;
; n_buttons_r[0] ; Input    ; (6) 1314 ps   ; --            ; --                    ; --  ; --   ;
; adc_data[11]   ; Input    ; (6) 1314 ps   ; --            ; --                    ; --  ; --   ;
; adc_data[10]   ; Input    ; --            ; (6) 1314 ps   ; --                    ; --  ; --   ;
; adc_data[9]    ; Input    ; (6) 1314 ps   ; --            ; --                    ; --  ; --   ;
; adc_data[8]    ; Input    ; --            ; (6) 1314 ps   ; --                    ; --  ; --   ;
; adc_data[7]    ; Input    ; (6) 1314 ps   ; --            ; --                    ; --  ; --   ;
; adc_data[6]    ; Input    ; (6) 1314 ps   ; --            ; --                    ; --  ; --   ;
; adc_data[5]    ; Input    ; (6) 1314 ps   ; --            ; --                    ; --  ; --   ;
; adc_data[4]    ; Input    ; (6) 1314 ps   ; --            ; --                    ; --  ; --   ;
; adc_data[3]    ; Input    ; (6) 1314 ps   ; --            ; --                    ; --  ; --   ;
; adc_data[2]    ; Input    ; (6) 1314 ps   ; --            ; --                    ; --  ; --   ;
; adc_data[1]    ; Input    ; (6) 1314 ps   ; --            ; --                    ; --  ; --   ;
; adc_data[0]    ; Input    ; (6) 1314 ps   ; --            ; --                    ; --  ; --   ;
; n_tune         ; Input    ; (6) 1314 ps   ; --            ; --                    ; --  ; --   ;
; n_cw_key       ; Input    ; (6) 1314 ps   ; --            ; --                    ; --  ; --   ;
; n_buttons_l[4] ; Input    ; --            ; (6) 1314 ps   ; --                    ; --  ; --   ;
; n_buttons_l[3] ; Input    ; (6) 1314 ps   ; --            ; --                    ; --  ; --   ;
; n_buttons_l[2] ; Input    ; (6) 1314 ps   ; --            ; --                    ; --  ; --   ;
; n_buttons_l[1] ; Input    ; (6) 1314 ps   ; --            ; --                    ; --  ; --   ;
; n_buttons_l[0] ; Input    ; --            ; (6) 1314 ps   ; --                    ; --  ; --   ;
+----------------+----------+---------------+---------------+-----------------------+-----+------+


+-------------------------------------------------------------------------------------------------------------------------------------------------------------+
; Pad To Core Delay Chain Fanout                                                                                                                              ;
+-------------------------------------------------------------------------------------------------------------------------------+-------------------+---------+
; Source Pin / Fanout                                                                                                           ; Pad To Core Index ; Setting ;
+-------------------------------------------------------------------------------------------------------------------------------+-------------------+---------+
; clock_61M                                                                                                                     ;                   ;         ;
; start                                                                                                                         ;                   ;         ;
;      - spi_slave:spi|treg[63]                                                                                                 ; 0                 ; 6       ;
;      - fifo:fm|dcfifo:dcfifo_component|dcfifo_5ti1:auto_generated|altsyncram_g271:fifo_ram|ram_block11a0                      ; 0                 ; 6       ;
;      - fifo:fm|dcfifo:dcfifo_component|dcfifo_5ti1:auto_generated|altsyncram_g271:fifo_ram|ram_block11a4                      ; 0                 ; 6       ;
;      - fifo:fm|dcfifo:dcfifo_component|dcfifo_5ti1:auto_generated|altsyncram_g271:fifo_ram|ram_block11a8                      ; 0                 ; 6       ;
;      - fifo:fm|dcfifo:dcfifo_component|dcfifo_5ti1:auto_generated|altsyncram_g271:fifo_ram|ram_block11a12                     ; 0                 ; 6       ;
;      - fifo:fm|dcfifo:dcfifo_component|dcfifo_5ti1:auto_generated|altsyncram_g271:fifo_ram|ram_block11a16                     ; 0                 ; 6       ;
;      - fifo:fm|dcfifo:dcfifo_component|dcfifo_5ti1:auto_generated|altsyncram_g271:fifo_ram|ram_block11a20                     ; 0                 ; 6       ;
;      - fifo:fm|dcfifo:dcfifo_component|dcfifo_5ti1:auto_generated|altsyncram_g271:fifo_ram|ram_block11a24                     ; 0                 ; 6       ;
;      - fifo:fm|dcfifo:dcfifo_component|dcfifo_5ti1:auto_generated|altsyncram_g271:fifo_ram|ram_block11a28                     ; 0                 ; 6       ;
;      - fifo:fm|dcfifo:dcfifo_component|dcfifo_5ti1:auto_generated|altsyncram_g271:fifo_ram|ram_block11a32                     ; 0                 ; 6       ;
;      - fifo:fm|dcfifo:dcfifo_component|dcfifo_5ti1:auto_generated|altsyncram_g271:fifo_ram|ram_block11a36                     ; 0                 ; 6       ;
;      - fifo:fm|dcfifo:dcfifo_component|dcfifo_5ti1:auto_generated|altsyncram_g271:fifo_ram|ram_block11a40                     ; 0                 ; 6       ;
;      - fifo:fm|dcfifo:dcfifo_component|dcfifo_5ti1:auto_generated|altsyncram_g271:fifo_ram|ram_block11a44                     ; 0                 ; 6       ;
;      - fifo:fm|dcfifo:dcfifo_component|dcfifo_5ti1:auto_generated|altsyncram_g271:fifo_ram|ram_block11a48                     ; 0                 ; 6       ;
;      - fifo:fm|dcfifo:dcfifo_component|dcfifo_5ti1:auto_generated|altsyncram_g271:fifo_ram|ram_block11a52                     ; 0                 ; 6       ;
;      - fifo:fm|dcfifo:dcfifo_component|dcfifo_5ti1:auto_generated|altsyncram_g271:fifo_ram|ram_block11a56                     ; 0                 ; 6       ;
;      - fifo:fm|dcfifo:dcfifo_component|dcfifo_5ti1:auto_generated|altsyncram_g271:fifo_ram|ram_block11a60                     ; 0                 ; 6       ;
;      - spi_slave:spi|sdout~0                                                                                                  ; 0                 ; 6       ;
;      - spi_slave:spi|treg[62]                                                                                                 ; 0                 ; 6       ;
;      - spi_slave:spi|nb[7]                                                                                                    ; 0                 ; 6       ;
;      - spi_slave:spi|nb[6]                                                                                                    ; 0                 ; 6       ;
;      - spi_slave:spi|nb[5]                                                                                                    ; 0                 ; 6       ;
;      - spi_slave:spi|nb[4]                                                                                                    ; 0                 ; 6       ;
;      - spi_slave:spi|nb[3]                                                                                                    ; 0                 ; 6       ;
;      - spi_slave:spi|nb[2]                                                                                                    ; 0                 ; 6       ;
;      - spi_slave:spi|nb[1]                                                                                                    ; 0                 ; 6       ;
;      - spi_slave:spi|nb[0]                                                                                                    ; 0                 ; 6       ;
;      - fifo:fm|dcfifo:dcfifo_component|dcfifo_5ti1:auto_generated|wrptr_g[10]                                                 ; 0                 ; 6       ;
;      - fifo:fm|dcfifo:dcfifo_component|dcfifo_5ti1:auto_generated|wrptr_g[11]                                                 ; 0                 ; 6       ;
;      - fifo:fm|dcfifo:dcfifo_component|dcfifo_5ti1:auto_generated|alt_synch_pipe_gpl:ws_dgrp|dffpipe_2f9:dffpipe8|dffe10a[11] ; 0                 ; 6       ;
;      - fifo:fm|dcfifo:dcfifo_component|dcfifo_5ti1:auto_generated|alt_synch_pipe_gpl:ws_dgrp|dffpipe_2f9:dffpipe8|dffe10a[10] ; 0                 ; 6       ;
;      - fifo:fm|dcfifo:dcfifo_component|dcfifo_5ti1:auto_generated|wrptr_g[8]                                                  ; 0                 ; 6       ;
;      - fifo:fm|dcfifo:dcfifo_component|dcfifo_5ti1:auto_generated|alt_synch_pipe_gpl:ws_dgrp|dffpipe_2f9:dffpipe8|dffe10a[8]  ; 0                 ; 6       ;
;      - fifo:fm|dcfifo:dcfifo_component|dcfifo_5ti1:auto_generated|wrptr_g[9]                                                  ; 0                 ; 6       ;
;      - fifo:fm|dcfifo:dcfifo_component|dcfifo_5ti1:auto_generated|alt_synch_pipe_gpl:ws_dgrp|dffpipe_2f9:dffpipe8|dffe10a[9]  ; 0                 ; 6       ;
;      - fifo:fm|dcfifo:dcfifo_component|dcfifo_5ti1:auto_generated|wrptr_g[6]                                                  ; 0                 ; 6       ;
;      - fifo:fm|dcfifo:dcfifo_component|dcfifo_5ti1:auto_generated|alt_synch_pipe_gpl:ws_dgrp|dffpipe_2f9:dffpipe8|dffe10a[6]  ; 0                 ; 6       ;
;      - fifo:fm|dcfifo:dcfifo_component|dcfifo_5ti1:auto_generated|wrptr_g[7]                                                  ; 0                 ; 6       ;
;      - fifo:fm|dcfifo:dcfifo_component|dcfifo_5ti1:auto_generated|alt_synch_pipe_gpl:ws_dgrp|dffpipe_2f9:dffpipe8|dffe10a[7]  ; 0                 ; 6       ;
;      - fifo:fm|dcfifo:dcfifo_component|dcfifo_5ti1:auto_generated|wrptr_g[4]                                                  ; 0                 ; 6       ;
;      - fifo:fm|dcfifo:dcfifo_component|dcfifo_5ti1:auto_generated|alt_synch_pipe_gpl:ws_dgrp|dffpipe_2f9:dffpipe8|dffe10a[4]  ; 0                 ; 6       ;
;      - fifo:fm|dcfifo:dcfifo_component|dcfifo_5ti1:auto_generated|wrptr_g[5]                                                  ; 0                 ; 6       ;
;      - fifo:fm|dcfifo:dcfifo_component|dcfifo_5ti1:auto_generated|alt_synch_pipe_gpl:ws_dgrp|dffpipe_2f9:dffpipe8|dffe10a[5]  ; 0                 ; 6       ;
;      - fifo:fm|dcfifo:dcfifo_component|dcfifo_5ti1:auto_generated|wrptr_g[2]                                                  ; 0                 ; 6       ;
;      - fifo:fm|dcfifo:dcfifo_component|dcfifo_5ti1:auto_generated|alt_synch_pipe_gpl:ws_dgrp|dffpipe_2f9:dffpipe8|dffe10a[2]  ; 0                 ; 6       ;
;      - fifo:fm|dcfifo:dcfifo_component|dcfifo_5ti1:auto_generated|wrptr_g[3]                                                  ; 0                 ; 6       ;
;      - fifo:fm|dcfifo:dcfifo_component|dcfifo_5ti1:auto_generated|alt_synch_pipe_gpl:ws_dgrp|dffpipe_2f9:dffpipe8|dffe10a[3]  ; 0                 ; 6       ;
;      - fifo:fm|dcfifo:dcfifo_component|dcfifo_5ti1:auto_generated|wrptr_g[0]                                                  ; 0                 ; 6       ;
;      - fifo:fm|dcfifo:dcfifo_component|dcfifo_5ti1:auto_generated|alt_synch_pipe_gpl:ws_dgrp|dffpipe_2f9:dffpipe8|dffe10a[0]  ; 0                 ; 6       ;
;      - fifo:fm|dcfifo:dcfifo_component|dcfifo_5ti1:auto_generated|wrptr_g[1]                                                  ; 0                 ; 6       ;
;      - fifo:fm|dcfifo:dcfifo_component|dcfifo_5ti1:auto_generated|alt_synch_pipe_gpl:ws_dgrp|dffpipe_2f9:dffpipe8|dffe10a[1]  ; 0                 ; 6       ;
;      - fifo:fm|dcfifo:dcfifo_component|dcfifo_5ti1:auto_generated|valid_wrreq~0                                               ; 0                 ; 6       ;
;      - fifo:fm|dcfifo:dcfifo_component|dcfifo_5ti1:auto_generated|rdptr_g[10]                                                 ; 0                 ; 6       ;
;      - fifo:fm|dcfifo:dcfifo_component|dcfifo_5ti1:auto_generated|alt_synch_pipe_fpl:rs_dgwp|dffpipe_1f9:dffpipe5|dffe7a[10]  ; 0                 ; 6       ;
;      - fifo:fm|dcfifo:dcfifo_component|dcfifo_5ti1:auto_generated|rdptr_g[11]                                                 ; 0                 ; 6       ;
;      - fifo:fm|dcfifo:dcfifo_component|dcfifo_5ti1:auto_generated|alt_synch_pipe_fpl:rs_dgwp|dffpipe_1f9:dffpipe5|dffe7a[11]  ; 0                 ; 6       ;
;      - fifo:fm|dcfifo:dcfifo_component|dcfifo_5ti1:auto_generated|rdptr_g[8]                                                  ; 0                 ; 6       ;
;      - fifo:fm|dcfifo:dcfifo_component|dcfifo_5ti1:auto_generated|alt_synch_pipe_fpl:rs_dgwp|dffpipe_1f9:dffpipe5|dffe7a[8]   ; 0                 ; 6       ;
;      - fifo:fm|dcfifo:dcfifo_component|dcfifo_5ti1:auto_generated|rdptr_g[9]                                                  ; 0                 ; 6       ;
;      - fifo:fm|dcfifo:dcfifo_component|dcfifo_5ti1:auto_generated|alt_synch_pipe_fpl:rs_dgwp|dffpipe_1f9:dffpipe5|dffe7a[9]   ; 0                 ; 6       ;
;      - fifo:fm|dcfifo:dcfifo_component|dcfifo_5ti1:auto_generated|rdptr_g[6]                                                  ; 0                 ; 6       ;
;      - fifo:fm|dcfifo:dcfifo_component|dcfifo_5ti1:auto_generated|alt_synch_pipe_fpl:rs_dgwp|dffpipe_1f9:dffpipe5|dffe7a[6]   ; 0                 ; 6       ;
;      - fifo:fm|dcfifo:dcfifo_component|dcfifo_5ti1:auto_generated|rdptr_g[7]                                                  ; 0                 ; 6       ;
;      - fifo:fm|dcfifo:dcfifo_component|dcfifo_5ti1:auto_generated|alt_synch_pipe_fpl:rs_dgwp|dffpipe_1f9:dffpipe5|dffe7a[7]   ; 0                 ; 6       ;
;      - fifo:fm|dcfifo:dcfifo_component|dcfifo_5ti1:auto_generated|rdptr_g[4]                                                  ; 0                 ; 6       ;
;      - fifo:fm|dcfifo:dcfifo_component|dcfifo_5ti1:auto_generated|alt_synch_pipe_fpl:rs_dgwp|dffpipe_1f9:dffpipe5|dffe7a[4]   ; 0                 ; 6       ;
;      - fifo:fm|dcfifo:dcfifo_component|dcfifo_5ti1:auto_generated|rdptr_g[5]                                                  ; 0                 ; 6       ;
;      - fifo:fm|dcfifo:dcfifo_component|dcfifo_5ti1:auto_generated|alt_synch_pipe_fpl:rs_dgwp|dffpipe_1f9:dffpipe5|dffe7a[5]   ; 0                 ; 6       ;
;      - fifo:fm|dcfifo:dcfifo_component|dcfifo_5ti1:auto_generated|rdptr_g[2]                                                  ; 0                 ; 6       ;
;      - fifo:fm|dcfifo:dcfifo_component|dcfifo_5ti1:auto_generated|alt_synch_pipe_fpl:rs_dgwp|dffpipe_1f9:dffpipe5|dffe7a[2]   ; 0                 ; 6       ;
;      - fifo:fm|dcfifo:dcfifo_component|dcfifo_5ti1:auto_generated|rdptr_g[3]                                                  ; 0                 ; 6       ;
;      - fifo:fm|dcfifo:dcfifo_component|dcfifo_5ti1:auto_generated|alt_synch_pipe_fpl:rs_dgwp|dffpipe_1f9:dffpipe5|dffe7a[3]   ; 0                 ; 6       ;
;      - fifo:fm|dcfifo:dcfifo_component|dcfifo_5ti1:auto_generated|rdptr_g[0]                                                  ; 0                 ; 6       ;
;      - fifo:fm|dcfifo:dcfifo_component|dcfifo_5ti1:auto_generated|alt_synch_pipe_fpl:rs_dgwp|dffpipe_1f9:dffpipe5|dffe7a[0]   ; 0                 ; 6       ;
;      - fifo:fm|dcfifo:dcfifo_component|dcfifo_5ti1:auto_generated|rdptr_g[1]                                                  ; 0                 ; 6       ;
;      - fifo:fm|dcfifo:dcfifo_component|dcfifo_5ti1:auto_generated|alt_synch_pipe_fpl:rs_dgwp|dffpipe_1f9:dffpipe5|dffe7a[1]   ; 0                 ; 6       ;
;      - fifo:fm|dcfifo:dcfifo_component|dcfifo_5ti1:auto_generated|a_graycounter_777:rdptr_g1p|counter5a0                      ; 0                 ; 6       ;
;      - fifo:fm|dcfifo:dcfifo_component|dcfifo_5ti1:auto_generated|a_graycounter_777:rdptr_g1p|counter5a1                      ; 0                 ; 6       ;
;      - fifo:fm|dcfifo:dcfifo_component|dcfifo_5ti1:auto_generated|a_graycounter_777:rdptr_g1p|counter5a2                      ; 0                 ; 6       ;
;      - fifo:fm|dcfifo:dcfifo_component|dcfifo_5ti1:auto_generated|a_graycounter_777:rdptr_g1p|counter5a3                      ; 0                 ; 6       ;
;      - fifo:fm|dcfifo:dcfifo_component|dcfifo_5ti1:auto_generated|a_graycounter_777:rdptr_g1p|counter5a4                      ; 0                 ; 6       ;
;      - fifo:fm|dcfifo:dcfifo_component|dcfifo_5ti1:auto_generated|a_graycounter_777:rdptr_g1p|counter5a5                      ; 0                 ; 6       ;
;      - fifo:fm|dcfifo:dcfifo_component|dcfifo_5ti1:auto_generated|a_graycounter_777:rdptr_g1p|counter5a6                      ; 0                 ; 6       ;
;      - fifo:fm|dcfifo:dcfifo_component|dcfifo_5ti1:auto_generated|a_graycounter_777:rdptr_g1p|counter5a7                      ; 0                 ; 6       ;
;      - fifo:fm|dcfifo:dcfifo_component|dcfifo_5ti1:auto_generated|a_graycounter_777:rdptr_g1p|counter5a8                      ; 0                 ; 6       ;
;      - fifo:fm|dcfifo:dcfifo_component|dcfifo_5ti1:auto_generated|a_graycounter_777:rdptr_g1p|counter5a9                      ; 0                 ; 6       ;
;      - fifo:fm|dcfifo:dcfifo_component|dcfifo_5ti1:auto_generated|a_graycounter_777:rdptr_g1p|counter5a10                     ; 0                 ; 6       ;
;      - fifo:fm|dcfifo:dcfifo_component|dcfifo_5ti1:auto_generated|a_graycounter_777:rdptr_g1p|counter5a11                     ; 0                 ; 6       ;
;      - spi_slave:spi|treg[61]                                                                                                 ; 0                 ; 6       ;
;      - spi_slave:spi|done                                                                                                     ; 0                 ; 6       ;
;      - fifo:fm|dcfifo:dcfifo_component|dcfifo_5ti1:auto_generated|a_graycounter_3lc:wrptr_g1p|counter8a10                     ; 0                 ; 6       ;
;      - fifo:fm|dcfifo:dcfifo_component|dcfifo_5ti1:auto_generated|a_graycounter_3lc:wrptr_g1p|counter8a11                     ; 0                 ; 6       ;
;      - fifo:fm|dcfifo:dcfifo_component|dcfifo_5ti1:auto_generated|alt_synch_pipe_gpl:ws_dgrp|dffpipe_2f9:dffpipe8|dffe9a[11]  ; 0                 ; 6       ;
;      - fifo:fm|dcfifo:dcfifo_component|dcfifo_5ti1:auto_generated|alt_synch_pipe_gpl:ws_dgrp|dffpipe_2f9:dffpipe8|dffe9a[10]  ; 0                 ; 6       ;
;      - fifo:fm|dcfifo:dcfifo_component|dcfifo_5ti1:auto_generated|a_graycounter_3lc:wrptr_g1p|counter8a8                      ; 0                 ; 6       ;
;      - fifo:fm|dcfifo:dcfifo_component|dcfifo_5ti1:auto_generated|alt_synch_pipe_gpl:ws_dgrp|dffpipe_2f9:dffpipe8|dffe9a[8]   ; 0                 ; 6       ;
;      - fifo:fm|dcfifo:dcfifo_component|dcfifo_5ti1:auto_generated|a_graycounter_3lc:wrptr_g1p|counter8a9                      ; 0                 ; 6       ;
;      - fifo:fm|dcfifo:dcfifo_component|dcfifo_5ti1:auto_generated|alt_synch_pipe_gpl:ws_dgrp|dffpipe_2f9:dffpipe8|dffe9a[9]   ; 0                 ; 6       ;
;      - fifo:fm|dcfifo:dcfifo_component|dcfifo_5ti1:auto_generated|a_graycounter_3lc:wrptr_g1p|counter8a6                      ; 0                 ; 6       ;
;      - fifo:fm|dcfifo:dcfifo_component|dcfifo_5ti1:auto_generated|alt_synch_pipe_gpl:ws_dgrp|dffpipe_2f9:dffpipe8|dffe9a[6]   ; 0                 ; 6       ;
;      - fifo:fm|dcfifo:dcfifo_component|dcfifo_5ti1:auto_generated|a_graycounter_3lc:wrptr_g1p|counter8a7                      ; 0                 ; 6       ;
;      - fifo:fm|dcfifo:dcfifo_component|dcfifo_5ti1:auto_generated|alt_synch_pipe_gpl:ws_dgrp|dffpipe_2f9:dffpipe8|dffe9a[7]   ; 0                 ; 6       ;
;      - fifo:fm|dcfifo:dcfifo_component|dcfifo_5ti1:auto_generated|a_graycounter_3lc:wrptr_g1p|counter8a4                      ; 0                 ; 6       ;
;      - fifo:fm|dcfifo:dcfifo_component|dcfifo_5ti1:auto_generated|alt_synch_pipe_gpl:ws_dgrp|dffpipe_2f9:dffpipe8|dffe9a[4]   ; 0                 ; 6       ;
;      - fifo:fm|dcfifo:dcfifo_component|dcfifo_5ti1:auto_generated|a_graycounter_3lc:wrptr_g1p|counter8a5                      ; 0                 ; 6       ;
;      - fifo:fm|dcfifo:dcfifo_component|dcfifo_5ti1:auto_generated|alt_synch_pipe_gpl:ws_dgrp|dffpipe_2f9:dffpipe8|dffe9a[5]   ; 0                 ; 6       ;
;      - fifo:fm|dcfifo:dcfifo_component|dcfifo_5ti1:auto_generated|a_graycounter_3lc:wrptr_g1p|counter8a2                      ; 0                 ; 6       ;
;      - fifo:fm|dcfifo:dcfifo_component|dcfifo_5ti1:auto_generated|alt_synch_pipe_gpl:ws_dgrp|dffpipe_2f9:dffpipe8|dffe9a[2]   ; 0                 ; 6       ;
;      - fifo:fm|dcfifo:dcfifo_component|dcfifo_5ti1:auto_generated|a_graycounter_3lc:wrptr_g1p|counter8a3                      ; 0                 ; 6       ;
;      - fifo:fm|dcfifo:dcfifo_component|dcfifo_5ti1:auto_generated|alt_synch_pipe_gpl:ws_dgrp|dffpipe_2f9:dffpipe8|dffe9a[3]   ; 0                 ; 6       ;
;      - fifo:fm|dcfifo:dcfifo_component|dcfifo_5ti1:auto_generated|a_graycounter_3lc:wrptr_g1p|counter8a0                      ; 0                 ; 6       ;
;      - fifo:fm|dcfifo:dcfifo_component|dcfifo_5ti1:auto_generated|alt_synch_pipe_gpl:ws_dgrp|dffpipe_2f9:dffpipe8|dffe9a[0]   ; 0                 ; 6       ;
;      - fifo:fm|dcfifo:dcfifo_component|dcfifo_5ti1:auto_generated|a_graycounter_3lc:wrptr_g1p|counter8a1                      ; 0                 ; 6       ;
;      - fifo:fm|dcfifo:dcfifo_component|dcfifo_5ti1:auto_generated|alt_synch_pipe_gpl:ws_dgrp|dffpipe_2f9:dffpipe8|dffe9a[1]   ; 0                 ; 6       ;
;      - fifo:fm|dcfifo:dcfifo_component|dcfifo_5ti1:auto_generated|alt_synch_pipe_fpl:rs_dgwp|dffpipe_1f9:dffpipe5|dffe6a[10]  ; 0                 ; 6       ;
;      - fifo:fm|dcfifo:dcfifo_component|dcfifo_5ti1:auto_generated|alt_synch_pipe_fpl:rs_dgwp|dffpipe_1f9:dffpipe5|dffe6a[11]  ; 0                 ; 6       ;
;      - fifo:fm|dcfifo:dcfifo_component|dcfifo_5ti1:auto_generated|alt_synch_pipe_fpl:rs_dgwp|dffpipe_1f9:dffpipe5|dffe6a[8]   ; 0                 ; 6       ;
;      - fifo:fm|dcfifo:dcfifo_component|dcfifo_5ti1:auto_generated|alt_synch_pipe_fpl:rs_dgwp|dffpipe_1f9:dffpipe5|dffe6a[9]   ; 0                 ; 6       ;
;      - fifo:fm|dcfifo:dcfifo_component|dcfifo_5ti1:auto_generated|alt_synch_pipe_fpl:rs_dgwp|dffpipe_1f9:dffpipe5|dffe6a[6]   ; 0                 ; 6       ;
;      - fifo:fm|dcfifo:dcfifo_component|dcfifo_5ti1:auto_generated|alt_synch_pipe_fpl:rs_dgwp|dffpipe_1f9:dffpipe5|dffe6a[7]   ; 0                 ; 6       ;
;      - fifo:fm|dcfifo:dcfifo_component|dcfifo_5ti1:auto_generated|alt_synch_pipe_fpl:rs_dgwp|dffpipe_1f9:dffpipe5|dffe6a[4]   ; 0                 ; 6       ;
;      - fifo:fm|dcfifo:dcfifo_component|dcfifo_5ti1:auto_generated|alt_synch_pipe_fpl:rs_dgwp|dffpipe_1f9:dffpipe5|dffe6a[5]   ; 0                 ; 6       ;
;      - fifo:fm|dcfifo:dcfifo_component|dcfifo_5ti1:auto_generated|alt_synch_pipe_fpl:rs_dgwp|dffpipe_1f9:dffpipe5|dffe6a[2]   ; 0                 ; 6       ;
;      - fifo:fm|dcfifo:dcfifo_component|dcfifo_5ti1:auto_generated|alt_synch_pipe_fpl:rs_dgwp|dffpipe_1f9:dffpipe5|dffe6a[3]   ; 0                 ; 6       ;
;      - fifo:fm|dcfifo:dcfifo_component|dcfifo_5ti1:auto_generated|alt_synch_pipe_fpl:rs_dgwp|dffpipe_1f9:dffpipe5|dffe6a[0]   ; 0                 ; 6       ;
;      - fifo:fm|dcfifo:dcfifo_component|dcfifo_5ti1:auto_generated|alt_synch_pipe_fpl:rs_dgwp|dffpipe_1f9:dffpipe5|dffe6a[1]   ; 0                 ; 6       ;
;      - fifo:fm|dcfifo:dcfifo_component|dcfifo_5ti1:auto_generated|a_graycounter_777:rdptr_g1p|parity6                         ; 0                 ; 6       ;
;      - spi_slave:spi|treg[60]                                                                                                 ; 0                 ; 6       ;
;      - spi_slave:spi|rdata[7]                                                                                                 ; 0                 ; 6       ;
;      - fifo:fm|dcfifo:dcfifo_component|dcfifo_5ti1:auto_generated|a_graycounter_3lc:wrptr_g1p|parity9                         ; 0                 ; 6       ;
;      - fifo:fm|dcfifo:dcfifo_component|dcfifo_5ti1:auto_generated|a_graycounter_3lc:wrptr_g1p|_~1                             ; 0                 ; 6       ;
;      - fifo:fm|dcfifo:dcfifo_component|dcfifo_5ti1:auto_generated|delayed_wrptr_g[10]                                         ; 0                 ; 6       ;
;      - fifo:fm|dcfifo:dcfifo_component|dcfifo_5ti1:auto_generated|delayed_wrptr_g[11]                                         ; 0                 ; 6       ;
;      - fifo:fm|dcfifo:dcfifo_component|dcfifo_5ti1:auto_generated|delayed_wrptr_g[8]                                          ; 0                 ; 6       ;
;      - fifo:fm|dcfifo:dcfifo_component|dcfifo_5ti1:auto_generated|delayed_wrptr_g[9]                                          ; 0                 ; 6       ;
;      - fifo:fm|dcfifo:dcfifo_component|dcfifo_5ti1:auto_generated|delayed_wrptr_g[6]                                          ; 0                 ; 6       ;
;      - fifo:fm|dcfifo:dcfifo_component|dcfifo_5ti1:auto_generated|delayed_wrptr_g[7]                                          ; 0                 ; 6       ;
;      - fifo:fm|dcfifo:dcfifo_component|dcfifo_5ti1:auto_generated|delayed_wrptr_g[4]                                          ; 0                 ; 6       ;
;      - fifo:fm|dcfifo:dcfifo_component|dcfifo_5ti1:auto_generated|delayed_wrptr_g[5]                                          ; 0                 ; 6       ;
;      - fifo:fm|dcfifo:dcfifo_component|dcfifo_5ti1:auto_generated|delayed_wrptr_g[2]                                          ; 0                 ; 6       ;
;      - fifo:fm|dcfifo:dcfifo_component|dcfifo_5ti1:auto_generated|delayed_wrptr_g[3]                                          ; 0                 ; 6       ;
;      - fifo:fm|dcfifo:dcfifo_component|dcfifo_5ti1:auto_generated|delayed_wrptr_g[0]                                          ; 0                 ; 6       ;
;      - fifo:fm|dcfifo:dcfifo_component|dcfifo_5ti1:auto_generated|delayed_wrptr_g[1]                                          ; 0                 ; 6       ;
;      - fifo:fm|dcfifo:dcfifo_component|dcfifo_5ti1:auto_generated|a_graycounter_777:rdptr_g1p|sub_parity7a[2]                 ; 0                 ; 6       ;
;      - fifo:fm|dcfifo:dcfifo_component|dcfifo_5ti1:auto_generated|a_graycounter_777:rdptr_g1p|sub_parity7a[1]                 ; 0                 ; 6       ;
;      - fifo:fm|dcfifo:dcfifo_component|dcfifo_5ti1:auto_generated|a_graycounter_777:rdptr_g1p|sub_parity7a[0]                 ; 0                 ; 6       ;
;      - spi_slave:spi|treg[59]                                                                                                 ; 0                 ; 6       ;
;      - spi_slave:spi|rdata[32]                                                                                                ; 0                 ; 6       ;
;      - spi_slave:spi|rdata[33]                                                                                                ; 0                 ; 6       ;
;      - spi_slave:spi|rdata[34]                                                                                                ; 0                 ; 6       ;
;      - spi_slave:spi|rdata[35]                                                                                                ; 0                 ; 6       ;
;      - spi_slave:spi|rdata[38]                                                                                                ; 0                 ; 6       ;
;      - spi_slave:spi|rdata[39]                                                                                                ; 0                 ; 6       ;
;      - spi_slave:spi|rdata[36]                                                                                                ; 0                 ; 6       ;
;      - spi_slave:spi|rdata[37]                                                                                                ; 0                 ; 6       ;
;      - spi_slave:spi|rdata[43]                                                                                                ; 0                 ; 6       ;
;      - spi_slave:spi|rdata[42]                                                                                                ; 0                 ; 6       ;
;      - spi_slave:spi|rdata[41]                                                                                                ; 0                 ; 6       ;
;      - spi_slave:spi|rdata[54]                                                                                                ; 0                 ; 6       ;
;      - spi_slave:spi|rdata[55]                                                                                                ; 0                 ; 6       ;
;      - spi_slave:spi|rdata[40]                                                                                                ; 0                 ; 6       ;
;      - spi_slave:spi|rdata[53]                                                                                                ; 0                 ; 6       ;
;      - spi_slave:spi|rdata[51]                                                                                                ; 0                 ; 6       ;
;      - spi_slave:spi|rdata[52]                                                                                                ; 0                 ; 6       ;
;      - spi_slave:spi|rdata[50]                                                                                                ; 0                 ; 6       ;
;      - spi_slave:spi|rdata[49]                                                                                                ; 0                 ; 6       ;
;      - spi_slave:spi|rdata[48]                                                                                                ; 0                 ; 6       ;
;      - spi_slave:spi|rdata[63]                                                                                                ; 0                 ; 6       ;
;      - spi_slave:spi|rdata[56]                                                                                                ; 0                 ; 6       ;
;      - spi_slave:spi|rdata[57]                                                                                                ; 0                 ; 6       ;
;      - spi_slave:spi|rdata[58]                                                                                                ; 0                 ; 6       ;
;      - spi_slave:spi|rdata[59]                                                                                                ; 0                 ; 6       ;
;      - spi_slave:spi|rdata[60]                                                                                                ; 0                 ; 6       ;
;      - spi_slave:spi|rdata[61]                                                                                                ; 0                 ; 6       ;
;      - spi_slave:spi|rdata[62]                                                                                                ; 0                 ; 6       ;
;      - spi_slave:spi|rdata[47]                                                                                                ; 0                 ; 6       ;
;      - spi_slave:spi|rdata[44]                                                                                                ; 0                 ; 6       ;
;      - spi_slave:spi|rdata[45]                                                                                                ; 0                 ; 6       ;
;      - spi_slave:spi|rdata[46]                                                                                                ; 0                 ; 6       ;
;      - spi_slave:spi|rreg[6]                                                                                                  ; 0                 ; 6       ;
;      - fifo:fm|dcfifo:dcfifo_component|dcfifo_5ti1:auto_generated|a_graycounter_3lc:wrptr_g1p|sub_parity10a[2]                ; 0                 ; 6       ;
;      - fifo:fm|dcfifo:dcfifo_component|dcfifo_5ti1:auto_generated|a_graycounter_3lc:wrptr_g1p|sub_parity10a[1]                ; 0                 ; 6       ;
;      - fifo:fm|dcfifo:dcfifo_component|dcfifo_5ti1:auto_generated|a_graycounter_3lc:wrptr_g1p|sub_parity10a[0]                ; 0                 ; 6       ;
;      - spi_slave:spi|treg[58]                                                                                                 ; 0                 ; 6       ;
;      - spi_slave:spi|rreg[31]                                                                                                 ; 0                 ; 6       ;
;      - spi_slave:spi|rreg[32]                                                                                                 ; 0                 ; 6       ;
;      - spi_slave:spi|rreg[33]                                                                                                 ; 0                 ; 6       ;
;      - spi_slave:spi|rreg[34]                                                                                                 ; 0                 ; 6       ;
;      - spi_slave:spi|rreg[37]                                                                                                 ; 0                 ; 6       ;
;      - spi_slave:spi|rreg[38]                                                                                                 ; 0                 ; 6       ;
;      - spi_slave:spi|rreg[35]                                                                                                 ; 0                 ; 6       ;
;      - spi_slave:spi|rreg[36]                                                                                                 ; 0                 ; 6       ;
;      - spi_slave:spi|rreg[42]                                                                                                 ; 0                 ; 6       ;
;      - spi_slave:spi|rreg[41]                                                                                                 ; 0                 ; 6       ;
;      - spi_slave:spi|rreg[40]                                                                                                 ; 0                 ; 6       ;
;      - spi_slave:spi|rreg[53]                                                                                                 ; 0                 ; 6       ;
;      - spi_slave:spi|rreg[54]                                                                                                 ; 0                 ; 6       ;
;      - spi_slave:spi|rreg[39]                                                                                                 ; 0                 ; 6       ;
;      - spi_slave:spi|rreg[52]                                                                                                 ; 0                 ; 6       ;
;      - spi_slave:spi|rreg[50]                                                                                                 ; 0                 ; 6       ;
;      - spi_slave:spi|rreg[51]                                                                                                 ; 0                 ; 6       ;
;      - spi_slave:spi|rreg[49]                                                                                                 ; 0                 ; 6       ;
;      - spi_slave:spi|rreg[48]                                                                                                 ; 0                 ; 6       ;
;      - spi_slave:spi|rreg[47]                                                                                                 ; 0                 ; 6       ;
;      - spi_slave:spi|rreg[62]                                                                                                 ; 0                 ; 6       ;
;      - spi_slave:spi|rreg[55]                                                                                                 ; 0                 ; 6       ;
;      - spi_slave:spi|rreg[56]                                                                                                 ; 0                 ; 6       ;
;      - spi_slave:spi|rreg[57]                                                                                                 ; 0                 ; 6       ;
;      - spi_slave:spi|rreg[58]                                                                                                 ; 0                 ; 6       ;
;      - spi_slave:spi|rreg[59]                                                                                                 ; 0                 ; 6       ;
;      - spi_slave:spi|rreg[60]                                                                                                 ; 0                 ; 6       ;
;      - spi_slave:spi|rreg[61]                                                                                                 ; 0                 ; 6       ;
;      - spi_slave:spi|rreg[46]                                                                                                 ; 0                 ; 6       ;
;      - spi_slave:spi|rreg[43]                                                                                                 ; 0                 ; 6       ;
;      - spi_slave:spi|rreg[44]                                                                                                 ; 0                 ; 6       ;
;      - spi_slave:spi|rreg[45]                                                                                                 ; 0                 ; 6       ;
;      - spi_slave:spi|rreg[5]                                                                                                  ; 0                 ; 6       ;
;      - spi_slave:spi|treg[57]                                                                                                 ; 0                 ; 6       ;
;      - spi_slave:spi|rreg[30]                                                                                                 ; 0                 ; 6       ;
;      - spi_slave:spi|rreg[4]                                                                                                  ; 0                 ; 6       ;
;      - spi_slave:spi|treg[56]                                                                                                 ; 0                 ; 6       ;
;      - spi_slave:spi|rreg[29]                                                                                                 ; 0                 ; 6       ;
;      - spi_slave:spi|rreg[3]                                                                                                  ; 0                 ; 6       ;
;      - spi_slave:spi|treg[55]                                                                                                 ; 0                 ; 6       ;
;      - spi_slave:spi|rreg[28]                                                                                                 ; 0                 ; 6       ;
;      - spi_slave:spi|rreg[2]                                                                                                  ; 0                 ; 6       ;
;      - spi_slave:spi|rdata[25]                                                                                                ; 0                 ; 6       ;
;      - spi_slave:spi|rdata[24]                                                                                                ; 0                 ; 6       ;
;      - spi_slave:spi|treg[54]                                                                                                 ; 0                 ; 6       ;
;      - spi_slave:spi|rreg[27]                                                                                                 ; 0                 ; 6       ;
;      - spi_slave:spi|rreg[1]                                                                                                  ; 0                 ; 6       ;
;      - spi_slave:spi|rreg[24]                                                                                                 ; 0                 ; 6       ;
;      - spi_slave:spi|rreg[23]                                                                                                 ; 0                 ; 6       ;
;      - spi_slave:spi|treg[53]                                                                                                 ; 0                 ; 6       ;
;      - spi_slave:spi|rreg[26]                                                                                                 ; 0                 ; 6       ;
;      - spi_slave:spi|rreg[0]                                                                                                  ; 0                 ; 6       ;
;      - spi_slave:spi|rreg[22]                                                                                                 ; 0                 ; 6       ;
;      - spi_slave:spi|treg[52]                                                                                                 ; 0                 ; 6       ;
;      - spi_slave:spi|rreg[25]                                                                                                 ; 0                 ; 6       ;
;      - spi_slave:spi|rreg[21]                                                                                                 ; 0                 ; 6       ;
;      - spi_slave:spi|treg[51]                                                                                                 ; 0                 ; 6       ;
;      - spi_slave:spi|rreg[20]                                                                                                 ; 0                 ; 6       ;
;      - spi_slave:spi|treg[50]                                                                                                 ; 0                 ; 6       ;
;      - spi_slave:spi|rreg[19]                                                                                                 ; 0                 ; 6       ;
;      - spi_slave:spi|treg[49]                                                                                                 ; 0                 ; 6       ;
;      - spi_slave:spi|rreg[18]                                                                                                 ; 0                 ; 6       ;
;      - spi_slave:spi|treg[48]                                                                                                 ; 0                 ; 6       ;
;      - spi_slave:spi|rreg[17]                                                                                                 ; 0                 ; 6       ;
;      - spi_slave:spi|treg[47]                                                                                                 ; 0                 ; 6       ;
;      - spi_slave:spi|rreg[16]                                                                                                 ; 0                 ; 6       ;
;      - spi_slave:spi|treg[46]                                                                                                 ; 0                 ; 6       ;
;      - spi_slave:spi|rreg[15]                                                                                                 ; 0                 ; 6       ;
;      - spi_slave:spi|treg[45]                                                                                                 ; 0                 ; 6       ;
;      - spi_slave:spi|rreg[14]                                                                                                 ; 0                 ; 6       ;
;      - spi_slave:spi|treg[44]                                                                                                 ; 0                 ; 6       ;
;      - spi_slave:spi|rreg[13]                                                                                                 ; 0                 ; 6       ;
;      - spi_slave:spi|treg[43]                                                                                                 ; 0                 ; 6       ;
;      - spi_slave:spi|rreg[12]                                                                                                 ; 0                 ; 6       ;
;      - spi_slave:spi|treg[42]                                                                                                 ; 0                 ; 6       ;
;      - spi_slave:spi|rreg[11]                                                                                                 ; 0                 ; 6       ;
;      - spi_slave:spi|treg[41]                                                                                                 ; 0                 ; 6       ;
;      - spi_slave:spi|rreg[10]                                                                                                 ; 0                 ; 6       ;
;      - spi_slave:spi|treg[40]                                                                                                 ; 0                 ; 6       ;
;      - spi_slave:spi|rreg[9]                                                                                                  ; 0                 ; 6       ;
;      - spi_slave:spi|rdata[5]                                                                                                 ; 0                 ; 6       ;
;      - spi_slave:spi|rdata[4]                                                                                                 ; 0                 ; 6       ;
;      - spi_slave:spi|rdata[3]                                                                                                 ; 0                 ; 6       ;
;      - spi_slave:spi|rdata[2]                                                                                                 ; 0                 ; 6       ;
;      - spi_slave:spi|rdata[1]                                                                                                 ; 0                 ; 6       ;
;      - spi_slave:spi|rdata[0]                                                                                                 ; 0                 ; 6       ;
;      - spi_slave:spi|rdata[15]                                                                                                ; 0                 ; 6       ;
;      - spi_slave:spi|rdata[14]                                                                                                ; 0                 ; 6       ;
;      - spi_slave:spi|rdata[13]                                                                                                ; 0                 ; 6       ;
;      - spi_slave:spi|rdata[12]                                                                                                ; 0                 ; 6       ;
;      - spi_slave:spi|rdata[11]                                                                                                ; 0                 ; 6       ;
;      - spi_slave:spi|rdata[10]                                                                                                ; 0                 ; 6       ;
;      - spi_slave:spi|rdata[9]                                                                                                 ; 0                 ; 6       ;
;      - spi_slave:spi|rdata[8]                                                                                                 ; 0                 ; 6       ;
;      - spi_slave:spi|rdata[23]                                                                                                ; 0                 ; 6       ;
;      - spi_slave:spi|rdata[22]                                                                                                ; 0                 ; 6       ;
;      - spi_slave:spi|rdata[21]                                                                                                ; 0                 ; 6       ;
;      - spi_slave:spi|rdata[20]                                                                                                ; 0                 ; 6       ;
;      - spi_slave:spi|rdata[19]                                                                                                ; 0                 ; 6       ;
;      - spi_slave:spi|rdata[18]                                                                                                ; 0                 ; 6       ;
;      - spi_slave:spi|rdata[17]                                                                                                ; 0                 ; 6       ;
;      - spi_slave:spi|rdata[16]                                                                                                ; 0                 ; 6       ;
;      - spi_slave:spi|rdata[31]                                                                                                ; 0                 ; 6       ;
;      - spi_slave:spi|rdata[30]                                                                                                ; 0                 ; 6       ;
;      - spi_slave:spi|rdata[29]                                                                                                ; 0                 ; 6       ;
;      - spi_slave:spi|rdata[28]                                                                                                ; 0                 ; 6       ;
;      - spi_slave:spi|rdata[27]                                                                                                ; 0                 ; 6       ;
;      - spi_slave:spi|rdata[26]                                                                                                ; 0                 ; 6       ;
;      - spi_slave:spi|rdata[6]                                                                                                 ; 0                 ; 6       ;
;      - spi_slave:spi|treg[39]                                                                                                 ; 0                 ; 6       ;
;      - spi_slave:spi|rreg[8]                                                                                                  ; 0                 ; 6       ;
;      - spi_slave:spi|rreg[7]                                                                                                  ; 0                 ; 6       ;
;      - spi_slave:spi|treg[38]                                                                                                 ; 0                 ; 6       ;
;      - spi_slave:spi|treg[37]                                                                                                 ; 0                 ; 6       ;
;      - spi_slave:spi|treg[36]                                                                                                 ; 0                 ; 6       ;
;      - spi_slave:spi|treg[35]                                                                                                 ; 0                 ; 6       ;
;      - spi_slave:spi|treg[34]                                                                                                 ; 0                 ; 6       ;
;      - spi_slave:spi|treg[33]                                                                                                 ; 0                 ; 6       ;
;      - spi_slave:spi|treg[32]                                                                                                 ; 0                 ; 6       ;
;      - spi_slave:spi|treg[31]                                                                                                 ; 0                 ; 6       ;
;      - spi_slave:spi|treg[30]                                                                                                 ; 0                 ; 6       ;
;      - spi_slave:spi|treg[29]                                                                                                 ; 0                 ; 6       ;
;      - spi_slave:spi|treg[28]                                                                                                 ; 0                 ; 6       ;
;      - spi_slave:spi|treg[27]                                                                                                 ; 0                 ; 6       ;
;      - spi_slave:spi|treg[26]                                                                                                 ; 0                 ; 6       ;
;      - spi_slave:spi|treg[25]                                                                                                 ; 0                 ; 6       ;
;      - spi_slave:spi|treg[24]                                                                                                 ; 0                 ; 6       ;
;      - spi_slave:spi|treg[23]                                                                                                 ; 0                 ; 6       ;
;      - spi_slave:spi|treg[22]                                                                                                 ; 0                 ; 6       ;
;      - spi_slave:spi|treg[21]                                                                                                 ; 0                 ; 6       ;
;      - spi_slave:spi|treg[20]                                                                                                 ; 0                 ; 6       ;
;      - spi_slave:spi|treg[19]                                                                                                 ; 0                 ; 6       ;
;      - spi_slave:spi|treg[18]                                                                                                 ; 0                 ; 6       ;
;      - spi_slave:spi|treg[17]                                                                                                 ; 0                 ; 6       ;
;      - spi_slave:spi|treg[16]                                                                                                 ; 0                 ; 6       ;
;      - spi_slave:spi|treg[15]                                                                                                 ; 0                 ; 6       ;
;      - spi_slave:spi|treg[14]                                                                                                 ; 0                 ; 6       ;
;      - spi_slave:spi|treg[13]                                                                                                 ; 0                 ; 6       ;
;      - spi_slave:spi|treg[12]                                                                                                 ; 0                 ; 6       ;
;      - spi_slave:spi|treg[11]                                                                                                 ; 0                 ; 6       ;
;      - spi_slave:spi|treg[10]                                                                                                 ; 0                 ; 6       ;
;      - spi_slave:spi|treg[9]                                                                                                  ; 0                 ; 6       ;
;      - spi_slave:spi|treg[8]                                                                                                  ; 0                 ; 6       ;
;      - spi_slave:spi|treg[7]                                                                                                  ; 0                 ; 6       ;
;      - spi_slave:spi|treg[6]                                                                                                  ; 0                 ; 6       ;
;      - spi_slave:spi|treg[5]                                                                                                  ; 0                 ; 6       ;
;      - spi_slave:spi|treg[4]                                                                                                  ; 0                 ; 6       ;
;      - spi_slave:spi|treg[3]                                                                                                  ; 0                 ; 6       ;
;      - spi_slave:spi|treg[2]                                                                                                  ; 0                 ; 6       ;
;      - spi_slave:spi|treg[1]                                                                                                  ; 0                 ; 6       ;
;      - spi_slave:spi|treg[0]                                                                                                  ; 0                 ; 6       ;
; SPI_SS                                                                                                                        ;                   ;         ;
;      - spi_slave:spi|treg[63]                                                                                                 ; 0                 ; 6       ;
;      - spi_slave:spi|sdout~0                                                                                                  ; 0                 ; 6       ;
;      - spi_slave:spi|treg[62]                                                                                                 ; 0                 ; 6       ;
;      - spi_slave:spi|nb[7]                                                                                                    ; 0                 ; 6       ;
;      - spi_slave:spi|nb[6]                                                                                                    ; 0                 ; 6       ;
;      - spi_slave:spi|nb[5]                                                                                                    ; 0                 ; 6       ;
;      - spi_slave:spi|nb[4]                                                                                                    ; 0                 ; 6       ;
;      - spi_slave:spi|nb[3]                                                                                                    ; 0                 ; 6       ;
;      - spi_slave:spi|nb[2]                                                                                                    ; 0                 ; 6       ;
;      - spi_slave:spi|nb[1]                                                                                                    ; 0                 ; 6       ;
;      - spi_slave:spi|nb[0]                                                                                                    ; 0                 ; 6       ;
;      - spi_slave:spi|treg[61]                                                                                                 ; 0                 ; 6       ;
;      - spi_slave:spi|done                                                                                                     ; 0                 ; 6       ;
;      - spi_slave:spi|treg[60]                                                                                                 ; 0                 ; 6       ;
;      - spi_slave:spi|treg[59]                                                                                                 ; 0                 ; 6       ;
;      - spi_slave:spi|rreg[6]                                                                                                  ; 0                 ; 6       ;
;      - spi_slave:spi|rdata[7]~0                                                                                               ; 0                 ; 6       ;
;      - spi_slave:spi|treg[58]                                                                                                 ; 0                 ; 6       ;
;      - spi_slave:spi|rreg[31]                                                                                                 ; 0                 ; 6       ;
;      - spi_slave:spi|rreg[32]                                                                                                 ; 0                 ; 6       ;
;      - spi_slave:spi|rreg[33]                                                                                                 ; 0                 ; 6       ;
;      - spi_slave:spi|rreg[34]                                                                                                 ; 0                 ; 6       ;
;      - spi_slave:spi|rreg[37]                                                                                                 ; 0                 ; 6       ;
;      - spi_slave:spi|rreg[38]                                                                                                 ; 0                 ; 6       ;
;      - spi_slave:spi|rreg[35]                                                                                                 ; 0                 ; 6       ;
;      - spi_slave:spi|rreg[36]                                                                                                 ; 0                 ; 6       ;
;      - spi_slave:spi|rreg[42]                                                                                                 ; 0                 ; 6       ;
;      - spi_slave:spi|rreg[41]                                                                                                 ; 0                 ; 6       ;
;      - spi_slave:spi|rreg[40]                                                                                                 ; 0                 ; 6       ;
;      - spi_slave:spi|rreg[53]                                                                                                 ; 0                 ; 6       ;
;      - spi_slave:spi|rreg[54]                                                                                                 ; 0                 ; 6       ;
;      - spi_slave:spi|rreg[39]                                                                                                 ; 0                 ; 6       ;
;      - spi_slave:spi|rreg[52]                                                                                                 ; 0                 ; 6       ;
;      - spi_slave:spi|rreg[50]                                                                                                 ; 0                 ; 6       ;
;      - spi_slave:spi|rreg[51]                                                                                                 ; 0                 ; 6       ;
;      - spi_slave:spi|rreg[49]                                                                                                 ; 0                 ; 6       ;
;      - spi_slave:spi|rreg[48]                                                                                                 ; 0                 ; 6       ;
;      - spi_slave:spi|rreg[47]                                                                                                 ; 0                 ; 6       ;
;      - spi_slave:spi|rreg[62]                                                                                                 ; 0                 ; 6       ;
;      - spi_slave:spi|rreg[55]                                                                                                 ; 0                 ; 6       ;
;      - spi_slave:spi|rreg[56]                                                                                                 ; 0                 ; 6       ;
;      - spi_slave:spi|rreg[57]                                                                                                 ; 0                 ; 6       ;
;      - spi_slave:spi|rreg[58]                                                                                                 ; 0                 ; 6       ;
;      - spi_slave:spi|rreg[59]                                                                                                 ; 0                 ; 6       ;
;      - spi_slave:spi|rreg[60]                                                                                                 ; 0                 ; 6       ;
;      - spi_slave:spi|rreg[61]                                                                                                 ; 0                 ; 6       ;
;      - spi_slave:spi|rreg[46]                                                                                                 ; 0                 ; 6       ;
;      - spi_slave:spi|rreg[43]                                                                                                 ; 0                 ; 6       ;
;      - spi_slave:spi|rreg[44]                                                                                                 ; 0                 ; 6       ;
;      - spi_slave:spi|rreg[45]                                                                                                 ; 0                 ; 6       ;
;      - spi_slave:spi|rreg[5]                                                                                                  ; 0                 ; 6       ;
;      - spi_slave:spi|treg[57]                                                                                                 ; 0                 ; 6       ;
;      - spi_slave:spi|rreg[30]                                                                                                 ; 0                 ; 6       ;
;      - spi_slave:spi|rreg[4]                                                                                                  ; 0                 ; 6       ;
;      - spi_slave:spi|treg[56]                                                                                                 ; 0                 ; 6       ;
;      - spi_slave:spi|rreg[29]                                                                                                 ; 0                 ; 6       ;
;      - spi_slave:spi|rreg[3]                                                                                                  ; 0                 ; 6       ;
;      - spi_slave:spi|treg[55]                                                                                                 ; 0                 ; 6       ;
;      - spi_slave:spi|rreg[28]                                                                                                 ; 0                 ; 6       ;
;      - spi_slave:spi|rreg[2]                                                                                                  ; 0                 ; 6       ;
;      - spi_slave:spi|treg[54]                                                                                                 ; 0                 ; 6       ;
;      - spi_slave:spi|rreg[27]                                                                                                 ; 0                 ; 6       ;
;      - spi_slave:spi|rreg[1]                                                                                                  ; 0                 ; 6       ;
;      - spi_slave:spi|rreg[24]                                                                                                 ; 0                 ; 6       ;
;      - spi_slave:spi|rreg[23]                                                                                                 ; 0                 ; 6       ;
;      - spi_slave:spi|treg[53]                                                                                                 ; 0                 ; 6       ;
;      - spi_slave:spi|rreg[26]                                                                                                 ; 0                 ; 6       ;
;      - spi_slave:spi|rreg[0]                                                                                                  ; 0                 ; 6       ;
;      - spi_slave:spi|rreg[22]                                                                                                 ; 0                 ; 6       ;
;      - spi_slave:spi|treg[52]                                                                                                 ; 0                 ; 6       ;
;      - spi_slave:spi|rreg[25]                                                                                                 ; 0                 ; 6       ;
;      - spi_slave:spi|rreg[21]                                                                                                 ; 0                 ; 6       ;
;      - spi_slave:spi|treg[51]                                                                                                 ; 0                 ; 6       ;
;      - spi_slave:spi|rreg[20]                                                                                                 ; 0                 ; 6       ;
;      - spi_slave:spi|treg[50]                                                                                                 ; 0                 ; 6       ;
;      - spi_slave:spi|rreg[19]                                                                                                 ; 0                 ; 6       ;
;      - spi_slave:spi|treg[49]                                                                                                 ; 0                 ; 6       ;
;      - spi_slave:spi|rreg[18]                                                                                                 ; 0                 ; 6       ;
;      - spi_slave:spi|treg[48]                                                                                                 ; 0                 ; 6       ;
;      - spi_slave:spi|rreg[17]                                                                                                 ; 0                 ; 6       ;
;      - spi_slave:spi|treg[47]                                                                                                 ; 0                 ; 6       ;
;      - spi_slave:spi|rreg[16]                                                                                                 ; 0                 ; 6       ;
;      - spi_slave:spi|treg[46]                                                                                                 ; 0                 ; 6       ;
;      - spi_slave:spi|rreg[15]                                                                                                 ; 0                 ; 6       ;
;      - spi_slave:spi|treg[45]                                                                                                 ; 0                 ; 6       ;
;      - spi_slave:spi|rreg[14]                                                                                                 ; 0                 ; 6       ;
;      - spi_slave:spi|treg[44]                                                                                                 ; 0                 ; 6       ;
;      - spi_slave:spi|rreg[13]                                                                                                 ; 0                 ; 6       ;
;      - spi_slave:spi|treg[43]                                                                                                 ; 0                 ; 6       ;
;      - spi_slave:spi|rreg[12]                                                                                                 ; 0                 ; 6       ;
;      - spi_slave:spi|treg[42]                                                                                                 ; 0                 ; 6       ;
;      - spi_slave:spi|rreg[11]                                                                                                 ; 0                 ; 6       ;
;      - spi_slave:spi|treg[41]                                                                                                 ; 0                 ; 6       ;
;      - spi_slave:spi|rreg[10]                                                                                                 ; 0                 ; 6       ;
;      - spi_slave:spi|treg[40]                                                                                                 ; 0                 ; 6       ;
;      - spi_slave:spi|rreg[9]                                                                                                  ; 0                 ; 6       ;
;      - spi_slave:spi|treg[39]                                                                                                 ; 0                 ; 6       ;
;      - spi_slave:spi|rreg[8]                                                                                                  ; 0                 ; 6       ;
;      - spi_slave:spi|rreg[7]                                                                                                  ; 0                 ; 6       ;
;      - spi_slave:spi|treg[38]                                                                                                 ; 0                 ; 6       ;
;      - spi_slave:spi|treg[37]                                                                                                 ; 0                 ; 6       ;
;      - spi_slave:spi|treg[36]                                                                                                 ; 0                 ; 6       ;
;      - spi_slave:spi|treg[35]                                                                                                 ; 0                 ; 6       ;
;      - spi_slave:spi|treg[34]                                                                                                 ; 0                 ; 6       ;
;      - spi_slave:spi|treg[33]                                                                                                 ; 0                 ; 6       ;
;      - spi_slave:spi|treg[32]                                                                                                 ; 0                 ; 6       ;
;      - spi_slave:spi|treg[31]                                                                                                 ; 0                 ; 6       ;
;      - spi_slave:spi|treg[30]                                                                                                 ; 0                 ; 6       ;
;      - spi_slave:spi|treg[29]                                                                                                 ; 0                 ; 6       ;
;      - spi_slave:spi|treg[28]                                                                                                 ; 0                 ; 6       ;
;      - spi_slave:spi|treg[27]                                                                                                 ; 0                 ; 6       ;
;      - spi_slave:spi|treg[26]                                                                                                 ; 0                 ; 6       ;
;      - spi_slave:spi|treg[25]                                                                                                 ; 0                 ; 6       ;
;      - spi_slave:spi|treg[24]                                                                                                 ; 0                 ; 6       ;
;      - spi_slave:spi|treg[23]                                                                                                 ; 0                 ; 6       ;
;      - spi_slave:spi|treg[22]                                                                                                 ; 0                 ; 6       ;
;      - spi_slave:spi|treg[21]                                                                                                 ; 0                 ; 6       ;
;      - spi_slave:spi|treg[20]                                                                                                 ; 0                 ; 6       ;
;      - spi_slave:spi|treg[19]                                                                                                 ; 0                 ; 6       ;
;      - spi_slave:spi|treg[18]                                                                                                 ; 0                 ; 6       ;
;      - spi_slave:spi|treg[17]                                                                                                 ; 0                 ; 6       ;
;      - spi_slave:spi|treg[16]                                                                                                 ; 0                 ; 6       ;
;      - spi_slave:spi|treg[15]                                                                                                 ; 0                 ; 6       ;
;      - spi_slave:spi|treg[14]                                                                                                 ; 0                 ; 6       ;
;      - spi_slave:spi|treg[13]                                                                                                 ; 0                 ; 6       ;
;      - spi_slave:spi|treg[12]                                                                                                 ; 0                 ; 6       ;
;      - spi_slave:spi|treg[11]                                                                                                 ; 0                 ; 6       ;
;      - spi_slave:spi|treg[10]                                                                                                 ; 0                 ; 6       ;
;      - spi_slave:spi|treg[9]                                                                                                  ; 0                 ; 6       ;
;      - spi_slave:spi|treg[8]                                                                                                  ; 0                 ; 6       ;
;      - spi_slave:spi|treg[7]                                                                                                  ; 0                 ; 6       ;
;      - spi_slave:spi|treg[6]                                                                                                  ; 0                 ; 6       ;
;      - spi_slave:spi|treg[5]                                                                                                  ; 0                 ; 6       ;
;      - spi_slave:spi|treg[4]                                                                                                  ; 0                 ; 6       ;
;      - spi_slave:spi|treg[3]                                                                                                  ; 0                 ; 6       ;
;      - spi_slave:spi|treg[2]                                                                                                  ; 0                 ; 6       ;
;      - spi_slave:spi|treg[1]                                                                                                  ; 0                 ; 6       ;
;      - spi_slave:spi|treg[0]                                                                                                  ; 0                 ; 6       ;
; SPI_SCK                                                                                                                       ;                   ;         ;
;      - spi_slave:spi|nb[0]                                                                                                    ; 0                 ; 0       ;
;      - spi_slave:spi|nb[1]                                                                                                    ; 0                 ; 0       ;
;      - spi_slave:spi|nb[2]                                                                                                    ; 0                 ; 0       ;
;      - spi_slave:spi|nb[3]                                                                                                    ; 0                 ; 0       ;
;      - spi_slave:spi|nb[4]                                                                                                    ; 0                 ; 0       ;
;      - spi_slave:spi|nb[5]                                                                                                    ; 0                 ; 0       ;
;      - spi_slave:spi|nb[6]                                                                                                    ; 0                 ; 0       ;
;      - spi_slave:spi|nb[7]                                                                                                    ; 0                 ; 0       ;
;      - spi_slave:spi|treg[62]                                                                                                 ; 0                 ; 0       ;
;      - spi_slave:spi|treg[63]                                                                                                 ; 0                 ; 0       ;
;      - spi_slave:spi|treg[61]                                                                                                 ; 0                 ; 0       ;
;      - spi_slave:spi|done                                                                                                     ; 1                 ; 0       ;
;      - spi_slave:spi|treg[60]                                                                                                 ; 0                 ; 0       ;
;      - spi_slave:spi|rdata[7]                                                                                                 ; 0                 ; 0       ;
;      - spi_slave:spi|treg[59]                                                                                                 ; 0                 ; 0       ;
;      - spi_slave:spi|rdata[32]                                                                                                ; 0                 ; 0       ;
;      - spi_slave:spi|rdata[33]                                                                                                ; 0                 ; 0       ;
;      - spi_slave:spi|rdata[34]                                                                                                ; 0                 ; 0       ;
;      - spi_slave:spi|rdata[35]                                                                                                ; 0                 ; 0       ;
;      - spi_slave:spi|rdata[38]                                                                                                ; 0                 ; 0       ;
;      - spi_slave:spi|rdata[39]                                                                                                ; 0                 ; 0       ;
;      - spi_slave:spi|rdata[36]                                                                                                ; 0                 ; 0       ;
;      - spi_slave:spi|rdata[37]                                                                                                ; 0                 ; 0       ;
;      - spi_slave:spi|rdata[43]                                                                                                ; 1                 ; 0       ;
;      - spi_slave:spi|rdata[42]                                                                                                ; 0                 ; 0       ;
;      - spi_slave:spi|rdata[41]                                                                                                ; 1                 ; 0       ;
;      - spi_slave:spi|rdata[54]                                                                                                ; 0                 ; 0       ;
;      - spi_slave:spi|rdata[55]                                                                                                ; 0                 ; 0       ;
;      - spi_slave:spi|rdata[40]                                                                                                ; 1                 ; 0       ;
;      - spi_slave:spi|rdata[53]                                                                                                ; 0                 ; 0       ;
;      - spi_slave:spi|rdata[51]                                                                                                ; 0                 ; 0       ;
;      - spi_slave:spi|rdata[52]                                                                                                ; 0                 ; 0       ;
;      - spi_slave:spi|rdata[50]                                                                                                ; 0                 ; 0       ;
;      - spi_slave:spi|rdata[49]                                                                                                ; 0                 ; 0       ;
;      - spi_slave:spi|rdata[48]                                                                                                ; 0                 ; 0       ;
;      - spi_slave:spi|rdata[63]                                                                                                ; 0                 ; 0       ;
;      - spi_slave:spi|rdata[56]                                                                                                ; 0                 ; 0       ;
;      - spi_slave:spi|rdata[57]                                                                                                ; 0                 ; 0       ;
;      - spi_slave:spi|rdata[58]                                                                                                ; 0                 ; 0       ;
;      - spi_slave:spi|rdata[59]                                                                                                ; 0                 ; 0       ;
;      - spi_slave:spi|rdata[60]                                                                                                ; 0                 ; 0       ;
;      - spi_slave:spi|rdata[61]                                                                                                ; 0                 ; 0       ;
;      - spi_slave:spi|rdata[62]                                                                                                ; 1                 ; 0       ;
;      - spi_slave:spi|rdata[47]                                                                                                ; 0                 ; 0       ;
;      - spi_slave:spi|rdata[44]                                                                                                ; 0                 ; 0       ;
;      - spi_slave:spi|rdata[45]                                                                                                ; 0                 ; 0       ;
;      - spi_slave:spi|rdata[46]                                                                                                ; 0                 ; 0       ;
;      - spi_slave:spi|rreg[6]                                                                                                  ; 0                 ; 0       ;
;      - spi_slave:spi|treg[58]                                                                                                 ; 0                 ; 0       ;
;      - spi_slave:spi|rreg[31]                                                                                                 ; 0                 ; 0       ;
;      - spi_slave:spi|rreg[32]                                                                                                 ; 1                 ; 0       ;
;      - spi_slave:spi|rreg[33]                                                                                                 ; 1                 ; 0       ;
;      - spi_slave:spi|rreg[34]                                                                                                 ; 1                 ; 0       ;
;      - spi_slave:spi|rreg[37]                                                                                                 ; 1                 ; 0       ;
;      - spi_slave:spi|rreg[38]                                                                                                 ; 0                 ; 0       ;
;      - spi_slave:spi|rreg[35]                                                                                                 ; 1                 ; 0       ;
;      - spi_slave:spi|rreg[36]                                                                                                 ; 1                 ; 0       ;
;      - spi_slave:spi|rreg[42]                                                                                                 ; 0                 ; 0       ;
;      - spi_slave:spi|rreg[41]                                                                                                 ; 0                 ; 0       ;
;      - spi_slave:spi|rreg[40]                                                                                                 ; 0                 ; 0       ;
;      - spi_slave:spi|rreg[53]                                                                                                 ; 1                 ; 0       ;
;      - spi_slave:spi|rreg[54]                                                                                                 ; 1                 ; 0       ;
;      - spi_slave:spi|rreg[39]                                                                                                 ; 0                 ; 0       ;
;      - spi_slave:spi|rreg[52]                                                                                                 ; 1                 ; 0       ;
;      - spi_slave:spi|rreg[50]                                                                                                 ; 0                 ; 0       ;
;      - spi_slave:spi|rreg[51]                                                                                                 ; 0                 ; 0       ;
;      - spi_slave:spi|rreg[49]                                                                                                 ; 0                 ; 0       ;
;      - spi_slave:spi|rreg[48]                                                                                                 ; 0                 ; 0       ;
;      - spi_slave:spi|rreg[47]                                                                                                 ; 0                 ; 0       ;
;      - spi_slave:spi|rreg[62]                                                                                                 ; 0                 ; 0       ;
;      - spi_slave:spi|rreg[55]                                                                                                 ; 1                 ; 0       ;
;      - spi_slave:spi|rreg[56]                                                                                                 ; 1                 ; 0       ;
;      - spi_slave:spi|rreg[57]                                                                                                 ; 0                 ; 0       ;
;      - spi_slave:spi|rreg[58]                                                                                                 ; 0                 ; 0       ;
;      - spi_slave:spi|rreg[59]                                                                                                 ; 0                 ; 0       ;
;      - spi_slave:spi|rreg[60]                                                                                                 ; 0                 ; 0       ;
;      - spi_slave:spi|rreg[61]                                                                                                 ; 0                 ; 0       ;
;      - spi_slave:spi|rreg[46]                                                                                                 ; 0                 ; 0       ;
;      - spi_slave:spi|rreg[43]                                                                                                 ; 0                 ; 0       ;
;      - spi_slave:spi|rreg[44]                                                                                                 ; 0                 ; 0       ;
;      - spi_slave:spi|rreg[45]                                                                                                 ; 0                 ; 0       ;
;      - spi_slave:spi|rreg[5]                                                                                                  ; 0                 ; 0       ;
;      - spi_slave:spi|treg[57]                                                                                                 ; 0                 ; 0       ;
;      - spi_slave:spi|rreg[30]                                                                                                 ; 0                 ; 0       ;
;      - spi_slave:spi|rreg[4]                                                                                                  ; 0                 ; 0       ;
;      - spi_slave:spi|treg[56]                                                                                                 ; 0                 ; 0       ;
;      - spi_slave:spi|rreg[29]                                                                                                 ; 0                 ; 0       ;
;      - spi_slave:spi|rreg[3]                                                                                                  ; 0                 ; 0       ;
;      - spi_slave:spi|treg[55]                                                                                                 ; 0                 ; 0       ;
;      - spi_slave:spi|rreg[28]                                                                                                 ; 0                 ; 0       ;
;      - spi_slave:spi|rreg[2]                                                                                                  ; 0                 ; 0       ;
;      - spi_slave:spi|rdata[25]                                                                                                ; 0                 ; 0       ;
;      - spi_slave:spi|rdata[24]                                                                                                ; 1                 ; 0       ;
;      - spi_slave:spi|treg[54]                                                                                                 ; 0                 ; 0       ;
;      - spi_slave:spi|rreg[27]                                                                                                 ; 0                 ; 0       ;
;      - spi_slave:spi|rreg[1]                                                                                                  ; 1                 ; 0       ;
;      - spi_slave:spi|rreg[24]                                                                                                 ; 1                 ; 0       ;
;      - spi_slave:spi|rreg[23]                                                                                                 ; 1                 ; 0       ;
;      - spi_slave:spi|treg[53]                                                                                                 ; 0                 ; 0       ;
;      - spi_slave:spi|rreg[26]                                                                                                 ; 0                 ; 0       ;
;      - spi_slave:spi|rreg[0]                                                                                                  ; 0                 ; 0       ;
;      - spi_slave:spi|rreg[22]                                                                                                 ; 1                 ; 0       ;
;      - spi_slave:spi|treg[52]                                                                                                 ; 1                 ; 0       ;
;      - spi_slave:spi|rreg[25]                                                                                                 ; 1                 ; 0       ;
;      - spi_slave:spi|rreg[21]                                                                                                 ; 1                 ; 0       ;
;      - spi_slave:spi|treg[51]                                                                                                 ; 0                 ; 0       ;
;      - spi_slave:spi|rreg[20]                                                                                                 ; 0                 ; 0       ;
;      - spi_slave:spi|treg[50]                                                                                                 ; 0                 ; 0       ;
;      - spi_slave:spi|rreg[19]                                                                                                 ; 0                 ; 0       ;
;      - spi_slave:spi|treg[49]                                                                                                 ; 0                 ; 0       ;
;      - spi_slave:spi|rreg[18]                                                                                                 ; 0                 ; 0       ;
;      - spi_slave:spi|treg[48]                                                                                                 ; 0                 ; 0       ;
;      - spi_slave:spi|rreg[17]                                                                                                 ; 0                 ; 0       ;
;      - spi_slave:spi|treg[47]                                                                                                 ; 0                 ; 0       ;
;      - spi_slave:spi|rreg[16]                                                                                                 ; 0                 ; 0       ;
;      - spi_slave:spi|treg[46]                                                                                                 ; 0                 ; 0       ;
;      - spi_slave:spi|rreg[15]                                                                                                 ; 0                 ; 0       ;
;      - spi_slave:spi|treg[45]                                                                                                 ; 0                 ; 0       ;
;      - spi_slave:spi|rreg[14]                                                                                                 ; 0                 ; 0       ;
;      - spi_slave:spi|treg[44]                                                                                                 ; 0                 ; 0       ;
;      - spi_slave:spi|rreg[13]                                                                                                 ; 0                 ; 0       ;
;      - spi_slave:spi|treg[43]                                                                                                 ; 0                 ; 0       ;
;      - spi_slave:spi|rreg[12]                                                                                                 ; 0                 ; 0       ;
;      - spi_slave:spi|treg[42]                                                                                                 ; 0                 ; 0       ;
;      - spi_slave:spi|rreg[11]                                                                                                 ; 0                 ; 0       ;
;      - spi_slave:spi|treg[41]                                                                                                 ; 0                 ; 0       ;
;      - spi_slave:spi|rreg[10]                                                                                                 ; 0                 ; 0       ;
;      - spi_slave:spi|treg[40]                                                                                                 ; 0                 ; 0       ;
;      - spi_slave:spi|rreg[9]                                                                                                  ; 0                 ; 0       ;
;      - spi_slave:spi|rdata[5]                                                                                                 ; 1                 ; 0       ;
;      - spi_slave:spi|rdata[4]                                                                                                 ; 1                 ; 0       ;
;      - spi_slave:spi|rdata[3]                                                                                                 ; 1                 ; 0       ;
;      - spi_slave:spi|rdata[2]                                                                                                 ; 1                 ; 0       ;
;      - spi_slave:spi|rdata[1]                                                                                                 ; 1                 ; 0       ;
;      - spi_slave:spi|rdata[0]                                                                                                 ; 1                 ; 0       ;
;      - spi_slave:spi|rdata[15]                                                                                                ; 1                 ; 0       ;
;      - spi_slave:spi|rdata[14]                                                                                                ; 1                 ; 0       ;
;      - spi_slave:spi|rdata[13]                                                                                                ; 0                 ; 0       ;
;      - spi_slave:spi|rdata[12]                                                                                                ; 0                 ; 0       ;
;      - spi_slave:spi|rdata[11]                                                                                                ; 0                 ; 0       ;
;      - spi_slave:spi|rdata[10]                                                                                                ; 0                 ; 0       ;
;      - spi_slave:spi|rdata[9]                                                                                                 ; 0                 ; 0       ;
;      - spi_slave:spi|rdata[8]                                                                                                 ; 0                 ; 0       ;
;      - spi_slave:spi|rdata[23]                                                                                                ; 0                 ; 0       ;
;      - spi_slave:spi|rdata[22]                                                                                                ; 0                 ; 0       ;
;      - spi_slave:spi|rdata[21]                                                                                                ; 0                 ; 0       ;
;      - spi_slave:spi|rdata[20]                                                                                                ; 0                 ; 0       ;
;      - spi_slave:spi|rdata[19]                                                                                                ; 0                 ; 0       ;
;      - spi_slave:spi|rdata[18]                                                                                                ; 0                 ; 0       ;
;      - spi_slave:spi|rdata[17]                                                                                                ; 1                 ; 0       ;
;      - spi_slave:spi|rdata[16]                                                                                                ; 1                 ; 0       ;
;      - spi_slave:spi|rdata[31]                                                                                                ; 0                 ; 0       ;
;      - spi_slave:spi|rdata[30]                                                                                                ; 0                 ; 0       ;
;      - spi_slave:spi|rdata[29]                                                                                                ; 0                 ; 0       ;
;      - spi_slave:spi|rdata[28]                                                                                                ; 0                 ; 0       ;
;      - spi_slave:spi|rdata[27]                                                                                                ; 1                 ; 0       ;
;      - spi_slave:spi|rdata[26]                                                                                                ; 1                 ; 0       ;
;      - spi_slave:spi|rdata[6]                                                                                                 ; 1                 ; 0       ;
;      - spi_slave:spi|treg[39]                                                                                                 ; 0                 ; 0       ;
;      - spi_slave:spi|rreg[8]                                                                                                  ; 0                 ; 0       ;
;      - spi_slave:spi|rreg[7]                                                                                                  ; 0                 ; 0       ;
;      - spi_slave:spi|treg[38]                                                                                                 ; 0                 ; 0       ;
;      - spi_slave:spi|treg[37]                                                                                                 ; 0                 ; 0       ;
;      - spi_slave:spi|treg[36]                                                                                                 ; 0                 ; 0       ;
;      - spi_slave:spi|treg[35]                                                                                                 ; 0                 ; 0       ;
;      - spi_slave:spi|treg[34]                                                                                                 ; 0                 ; 0       ;
;      - spi_slave:spi|treg[33]                                                                                                 ; 0                 ; 0       ;
;      - spi_slave:spi|treg[32]                                                                                                 ; 0                 ; 0       ;
;      - spi_slave:spi|treg[31]                                                                                                 ; 0                 ; 0       ;
;      - spi_slave:spi|treg[30]                                                                                                 ; 0                 ; 0       ;
;      - spi_slave:spi|treg[29]                                                                                                 ; 0                 ; 0       ;
;      - spi_slave:spi|treg[28]                                                                                                 ; 0                 ; 0       ;
;      - spi_slave:spi|treg[27]                                                                                                 ; 0                 ; 0       ;
;      - spi_slave:spi|treg[26]                                                                                                 ; 0                 ; 0       ;
;      - spi_slave:spi|treg[25]                                                                                                 ; 0                 ; 0       ;
;      - spi_slave:spi|treg[24]                                                                                                 ; 0                 ; 0       ;
;      - spi_slave:spi|treg[23]                                                                                                 ; 0                 ; 0       ;
;      - spi_slave:spi|treg[22]                                                                                                 ; 0                 ; 0       ;
;      - spi_slave:spi|treg[21]                                                                                                 ; 0                 ; 0       ;
;      - spi_slave:spi|treg[20]                                                                                                 ; 0                 ; 0       ;
;      - spi_slave:spi|treg[19]                                                                                                 ; 0                 ; 0       ;
;      - spi_slave:spi|treg[18]                                                                                                 ; 0                 ; 0       ;
;      - spi_slave:spi|treg[17]                                                                                                 ; 0                 ; 0       ;
;      - spi_slave:spi|treg[16]                                                                                                 ; 0                 ; 0       ;
;      - spi_slave:spi|treg[15]                                                                                                 ; 0                 ; 0       ;
;      - spi_slave:spi|treg[14]                                                                                                 ; 0                 ; 0       ;
;      - spi_slave:spi|treg[13]                                                                                                 ; 0                 ; 0       ;
;      - spi_slave:spi|treg[12]                                                                                                 ; 0                 ; 0       ;
;      - spi_slave:spi|treg[11]                                                                                                 ; 0                 ; 0       ;
;      - spi_slave:spi|treg[10]                                                                                                 ; 0                 ; 0       ;
;      - spi_slave:spi|treg[9]                                                                                                  ; 0                 ; 0       ;
;      - spi_slave:spi|treg[8]                                                                                                  ; 0                 ; 0       ;
;      - spi_slave:spi|treg[7]                                                                                                  ; 0                 ; 0       ;
;      - spi_slave:spi|treg[6]                                                                                                  ; 0                 ; 0       ;
;      - spi_slave:spi|treg[5]                                                                                                  ; 0                 ; 0       ;
;      - spi_slave:spi|treg[4]                                                                                                  ; 0                 ; 0       ;
;      - spi_slave:spi|treg[3]                                                                                                  ; 0                 ; 0       ;
;      - spi_slave:spi|treg[2]                                                                                                  ; 0                 ; 0       ;
;      - spi_slave:spi|treg[1]                                                                                                  ; 0                 ; 0       ;
;      - spi_slave:spi|treg[0]                                                                                                  ; 0                 ; 0       ;
; n_ptt                                                                                                                         ;                   ;         ;
;      - rx_freq[0]                                                                                                             ; 1                 ; 6       ;
;      - rx_freq[1]                                                                                                             ; 1                 ; 6       ;
;      - rx_freq[2]                                                                                                             ; 1                 ; 6       ;
;      - rx_freq[3]                                                                                                             ; 1                 ; 6       ;
;      - rx_freq[4]                                                                                                             ; 1                 ; 6       ;
;      - rx_freq[5]                                                                                                             ; 1                 ; 6       ;
;      - rx_freq[6]                                                                                                             ; 1                 ; 6       ;
;      - rx_freq[7]                                                                                                             ; 1                 ; 6       ;
;      - rx_freq[8]                                                                                                             ; 1                 ; 6       ;
;      - rx_freq[9]                                                                                                             ; 1                 ; 6       ;
;      - rx_freq[10]                                                                                                            ; 1                 ; 6       ;
;      - rx_freq[11]                                                                                                            ; 1                 ; 6       ;
;      - rx_freq[12]                                                                                                            ; 1                 ; 6       ;
;      - rx_freq[13]                                                                                                            ; 1                 ; 6       ;
;      - rx_freq[14]                                                                                                            ; 1                 ; 6       ;
;      - rx_freq[15]                                                                                                            ; 1                 ; 6       ;
;      - rx_freq[16]                                                                                                            ; 1                 ; 6       ;
;      - rx_freq[17]                                                                                                            ; 1                 ; 6       ;
;      - rx_freq[18]                                                                                                            ; 1                 ; 6       ;
;      - rx_freq[19]                                                                                                            ; 1                 ; 6       ;
;      - rx_freq[20]                                                                                                            ; 1                 ; 6       ;
;      - rx_freq[21]                                                                                                            ; 1                 ; 6       ;
;      - rx_freq[22]                                                                                                            ; 1                 ; 6       ;
;      - rx_freq[23]                                                                                                            ; 1                 ; 6       ;
;      - rx_freq[24]                                                                                                            ; 1                 ; 6       ;
;      - rx_freq[25]                                                                                                            ; 1                 ; 6       ;
;      - rx_freq[26]                                                                                                            ; 1                 ; 6       ;
;      - rx_freq[27]                                                                                                            ; 1                 ; 6       ;
;      - rx_freq[28]                                                                                                            ; 1                 ; 6       ;
;      - rx_freq[29]                                                                                                            ; 1                 ; 6       ;
;      - rx_freq[30]                                                                                                            ; 1                 ; 6       ;
;      - rx_freq[31]                                                                                                            ; 1                 ; 6       ;
;      - tx_imag[7]                                                                                                             ; 1                 ; 6       ;
;      - rxToFifo~0                                                                                                             ; 1                 ; 6       ;
;      - tx_imag[6]                                                                                                             ; 1                 ; 6       ;
;      - rxToFifo~1                                                                                                             ; 1                 ; 6       ;
;      - s_rate[1]                                                                                                              ; 1                 ; 6       ;
;      - s_rate[0]                                                                                                              ; 1                 ; 6       ;
;      - tx_imag[5]                                                                                                             ; 1                 ; 6       ;
;      - rxToFifo~2                                                                                                             ; 1                 ; 6       ;
;      - tx_imag[4]                                                                                                             ; 1                 ; 6       ;
;      - rxToFifo~3                                                                                                             ; 1                 ; 6       ;
;      - tx_imag[3]                                                                                                             ; 1                 ; 6       ;
;      - rxToFifo~4                                                                                                             ; 1                 ; 6       ;
;      - tx_imag[2]                                                                                                             ; 1                 ; 6       ;
;      - rxToFifo~5                                                                                                             ; 1                 ; 6       ;
;      - tx_imag[1]                                                                                                             ; 1                 ; 6       ;
;      - rxToFifo~6                                                                                                             ; 1                 ; 6       ;
;      - tx_imag[0]                                                                                                             ; 1                 ; 6       ;
;      - rxToFifo~7                                                                                                             ; 1                 ; 6       ;
;      - tx_imag[15]                                                                                                            ; 1                 ; 6       ;
;      - rxToFifo~8                                                                                                             ; 1                 ; 6       ;
;      - tx_imag[14]                                                                                                            ; 1                 ; 6       ;
;      - rxToFifo~9                                                                                                             ; 1                 ; 6       ;
;      - tx_imag[13]                                                                                                            ; 1                 ; 6       ;
;      - rxToFifo~10                                                                                                            ; 1                 ; 6       ;
;      - tx_imag[12]                                                                                                            ; 1                 ; 6       ;
;      - rxToFifo~11                                                                                                            ; 1                 ; 6       ;
;      - tx_imag[11]                                                                                                            ; 1                 ; 6       ;
;      - rxToFifo~12                                                                                                            ; 1                 ; 6       ;
;      - tx_imag[10]                                                                                                            ; 1                 ; 6       ;
;      - rxToFifo~13                                                                                                            ; 1                 ; 6       ;
;      - tx_imag[9]                                                                                                             ; 1                 ; 6       ;
;      - rxToFifo~14                                                                                                            ; 1                 ; 6       ;
;      - tx_imag[8]                                                                                                             ; 1                 ; 6       ;
;      - rxToFifo~15                                                                                                            ; 1                 ; 6       ;
;      - rxToFifo~16                                                                                                            ; 1                 ; 6       ;
;      - rxToFifo~17                                                                                                            ; 1                 ; 6       ;
;      - tx_freq~0                                                                                                              ; 1                 ; 6       ;
;      - tx_freq~1                                                                                                              ; 1                 ; 6       ;
;      - tx_freq~2                                                                                                              ; 1                 ; 6       ;
;      - tx_freq~3                                                                                                              ; 1                 ; 6       ;
;      - tx_freq~4                                                                                                              ; 1                 ; 6       ;
;      - tx_freq~5                                                                                                              ; 1                 ; 6       ;
;      - tx_freq~6                                                                                                              ; 1                 ; 6       ;
;      - tx_freq~7                                                                                                              ; 1                 ; 6       ;
;      - tx_freq~8                                                                                                              ; 1                 ; 6       ;
;      - tx_freq~9                                                                                                              ; 1                 ; 6       ;
;      - tx_freq~10                                                                                                             ; 1                 ; 6       ;
;      - tx_freq~11                                                                                                             ; 1                 ; 6       ;
;      - tx_freq~12                                                                                                             ; 1                 ; 6       ;
;      - tx_freq~13                                                                                                             ; 1                 ; 6       ;
;      - tx_freq~14                                                                                                             ; 1                 ; 6       ;
;      - tx_freq~15                                                                                                             ; 1                 ; 6       ;
;      - tx_freq~16                                                                                                             ; 1                 ; 6       ;
;      - tx_freq~17                                                                                                             ; 1                 ; 6       ;
;      - tx_freq~18                                                                                                             ; 1                 ; 6       ;
;      - tx_freq~19                                                                                                             ; 1                 ; 6       ;
;      - tx_freq~20                                                                                                             ; 1                 ; 6       ;
;      - tx_freq~21                                                                                                             ; 1                 ; 6       ;
;      - tx_freq~22                                                                                                             ; 1                 ; 6       ;
;      - tx_freq~23                                                                                                             ; 1                 ; 6       ;
;      - tx_freq~24                                                                                                             ; 1                 ; 6       ;
;      - tx_freq~25                                                                                                             ; 1                 ; 6       ;
;      - tx_freq~26                                                                                                             ; 1                 ; 6       ;
;      - tx_freq~27                                                                                                             ; 1                 ; 6       ;
;      - tx_freq~28                                                                                                             ; 1                 ; 6       ;
;      - tx_freq~29                                                                                                             ; 1                 ; 6       ;
;      - tx_freq~30                                                                                                             ; 1                 ; 6       ;
;      - tx_freq~31                                                                                                             ; 1                 ; 6       ;
;      - rxToFifo~18                                                                                                            ; 1                 ; 6       ;
;      - rxToFifo~19                                                                                                            ; 1                 ; 6       ;
;      - rxToFifo~20                                                                                                            ; 1                 ; 6       ;
;      - rxToFifo~21                                                                                                            ; 1                 ; 6       ;
;      - rxToFifo~22                                                                                                            ; 1                 ; 6       ;
;      - rxToFifo~23                                                                                                            ; 1                 ; 6       ;
;      - tx_real[7]                                                                                                             ; 1                 ; 6       ;
;      - rxToFifo~24                                                                                                            ; 1                 ; 6       ;
;      - tx_real[6]                                                                                                             ; 1                 ; 6       ;
;      - rxToFifo~25                                                                                                            ; 1                 ; 6       ;
;      - tx_real[5]                                                                                                             ; 1                 ; 6       ;
;      - rxToFifo~26                                                                                                            ; 1                 ; 6       ;
;      - tx_real[4]                                                                                                             ; 1                 ; 6       ;
;      - rxToFifo~27                                                                                                            ; 1                 ; 6       ;
;      - tx_real[3]                                                                                                             ; 1                 ; 6       ;
;      - rxToFifo~28                                                                                                            ; 1                 ; 6       ;
;      - tx_real[0]                                                                                                             ; 1                 ; 6       ;
;      - tx_real[1]                                                                                                             ; 1                 ; 6       ;
;      - tx_real[2]                                                                                                             ; 1                 ; 6       ;
;      - tx_real[8]                                                                                                             ; 1                 ; 6       ;
;      - tx_real[9]                                                                                                             ; 1                 ; 6       ;
;      - tx_real[10]                                                                                                            ; 1                 ; 6       ;
;      - tx_real[11]                                                                                                            ; 1                 ; 6       ;
;      - tx_real[12]                                                                                                            ; 1                 ; 6       ;
;      - tx_real[13]                                                                                                            ; 1                 ; 6       ;
;      - tx_real[14]                                                                                                            ; 1                 ; 6       ;
;      - tx_real[15]                                                                                                            ; 1                 ; 6       ;
;      - rxToFifo~29                                                                                                            ; 1                 ; 6       ;
;      - rxToFifo~30                                                                                                            ; 1                 ; 6       ;
;      - rxToFifo~31                                                                                                            ; 1                 ; 6       ;
;      - rxToFifo~32                                                                                                            ; 1                 ; 6       ;
;      - rxToFifo~33                                                                                                            ; 1                 ; 6       ;
;      - rxToFifo~34                                                                                                            ; 1                 ; 6       ;
;      - rxToFifo~35                                                                                                            ; 1                 ; 6       ;
;      - rxToFifo~36                                                                                                            ; 1                 ; 6       ;
;      - rxToFifo~37                                                                                                            ; 1                 ; 6       ;
;      - rxToFifo~38                                                                                                            ; 1                 ; 6       ;
;      - rxToFifo~39                                                                                                            ; 1                 ; 6       ;
;      - rxToFifo~40                                                                                                            ; 1                 ; 6       ;
;      - rxToFifo~41                                                                                                            ; 1                 ; 6       ;
;      - rxToFifo~42                                                                                                            ; 1                 ; 6       ;
;      - rxToFifo~43                                                                                                            ; 1                 ; 6       ;
;      - rxToFifo~44                                                                                                            ; 1                 ; 6       ;
;      - rxToFifo~45                                                                                                            ; 1                 ; 6       ;
;      - rxToFifo~46                                                                                                            ; 1                 ; 6       ;
;      - rxToFifo~47                                                                                                            ; 1                 ; 6       ;
;      - rxToFifo[63]~56                                                                                                        ; 1                 ; 6       ;
; SPI_MOSI                                                                                                                      ;                   ;         ;
;      - spi_slave:spi|rreg[0]~feeder                                                                                           ; 0                 ; 6       ;
;      - spi_slave:spi|rdata[0]~feeder                                                                                          ; 0                 ; 6       ;
; n_buttons_r[7]                                                                                                                ;                   ;         ;
;      - rxToFifo[31]~48                                                                                                        ; 0                 ; 6       ;
; n_buttons_r[6]                                                                                                                ;                   ;         ;
;      - rxToFifo[30]~49                                                                                                        ; 1                 ; 6       ;
; n_buttons_r[5]                                                                                                                ;                   ;         ;
;      - rxToFifo[29]~50                                                                                                        ; 0                 ; 6       ;
; n_buttons_r[4]                                                                                                                ;                   ;         ;
;      - rxToFifo[28]~51                                                                                                        ; 1                 ; 6       ;
; n_buttons_r[3]                                                                                                                ;                   ;         ;
;      - rxToFifo[27]~52                                                                                                        ; 0                 ; 6       ;
; n_buttons_r[2]                                                                                                                ;                   ;         ;
;      - rxToFifo[26]~53                                                                                                        ; 0                 ; 6       ;
; n_buttons_r[1]                                                                                                                ;                   ;         ;
;      - rxToFifo[25]~54                                                                                                        ; 0                 ; 6       ;
; n_buttons_r[0]                                                                                                                ;                   ;         ;
;      - rxToFifo[24]~55                                                                                                        ; 0                 ; 6       ;
; adc_data[11]                                                                                                                  ;                   ;         ;
;      - reg_adc_data[11]~feeder                                                                                                ; 0                 ; 6       ;
; adc_data[10]                                                                                                                  ;                   ;         ;
;      - reg_adc_data[10]~feeder                                                                                                ; 1                 ; 6       ;
; adc_data[9]                                                                                                                   ;                   ;         ;
;      - reg_adc_data[9]~feeder                                                                                                 ; 0                 ; 6       ;
; adc_data[8]                                                                                                                   ;                   ;         ;
;      - reg_adc_data[8]                                                                                                        ; 1                 ; 6       ;
; adc_data[7]                                                                                                                   ;                   ;         ;
;      - reg_adc_data[7]~feeder                                                                                                 ; 0                 ; 6       ;
; adc_data[6]                                                                                                                   ;                   ;         ;
;      - reg_adc_data[6]~feeder                                                                                                 ; 0                 ; 6       ;
; adc_data[5]                                                                                                                   ;                   ;         ;
;      - reg_adc_data[5]~feeder                                                                                                 ; 0                 ; 6       ;
; adc_data[4]                                                                                                                   ;                   ;         ;
;      - reg_adc_data[4]~feeder                                                                                                 ; 0                 ; 6       ;
; adc_data[3]                                                                                                                   ;                   ;         ;
;      - reg_adc_data[3]~feeder                                                                                                 ; 0                 ; 6       ;
; adc_data[2]                                                                                                                   ;                   ;         ;
;      - reg_adc_data[2]~feeder                                                                                                 ; 0                 ; 6       ;
; adc_data[1]                                                                                                                   ;                   ;         ;
;      - reg_adc_data[1]                                                                                                        ; 0                 ; 6       ;
; adc_data[0]                                                                                                                   ;                   ;         ;
;      - reg_adc_data[0]~feeder                                                                                                 ; 0                 ; 6       ;
; n_tune                                                                                                                        ;                   ;         ;
;      - rxToFifo[62]~57                                                                                                        ; 0                 ; 6       ;
; n_cw_key                                                                                                                      ;                   ;         ;
;      - rxToFifo[61]~58                                                                                                        ; 0                 ; 6       ;
; n_buttons_l[4]                                                                                                                ;                   ;         ;
;      - rxToFifo[60]~59                                                                                                        ; 1                 ; 6       ;
; n_buttons_l[3]                                                                                                                ;                   ;         ;
;      - rxToFifo[59]~60                                                                                                        ; 0                 ; 6       ;
; n_buttons_l[2]                                                                                                                ;                   ;         ;
;      - rxToFifo[58]~61                                                                                                        ; 0                 ; 6       ;
; n_buttons_l[1]                                                                                                                ;                   ;         ;
;      - rxToFifo[57]~62                                                                                                        ; 0                 ; 6       ;
; n_buttons_l[0]                                                                                                                ;                   ;         ;
;      - rxToFifo[56]~63                                                                                                        ; 1                 ; 6       ;
+-------------------------------------------------------------------------------------------------------------------------------+-------------------+---------+


+-----------------------------------------------------------------------------------------------------------------------------------------------------------------------------------------------------------------------------------------------------------------------------------------------------+
; Control Signals                                                                                                                                                                                                                                                                                     ;
+----------------------------------------------------------------------------------------------------------------------------------------------------------+--------------------+---------+----------------------------+--------+----------------------+------------------+---------------------------+
; Name                                                                                                                                                     ; Location           ; Fan-Out ; Usage                      ; Global ; Global Resource Used ; Global Line Name ; Enable Signal Source Name ;
+----------------------------------------------------------------------------------------------------------------------------------------------------------+--------------------+---------+----------------------------+--------+----------------------+------------------+---------------------------+
; Receiver:rx|cordic_rx:cordic_rx|Z[0][18]                                                                                                                 ; FF_X35_Y18_N1      ; 45      ; Sync. load                 ; no     ; --                   ; --               ; --                        ;
; Receiver:rx|cordic_rx:cordic_rx|Z[13][6]                                                                                                                 ; FF_X36_Y5_N15      ; 22      ; Sync. load                 ; no     ; --                   ; --               ; --                        ;
; Receiver:rx|cordic_rx:cordic_rx|Z[14][5]                                                                                                                 ; FF_X35_Y5_N11      ; 20      ; Sync. load                 ; no     ; --                   ; --               ; --                        ;
; Receiver:rx|cordic_rx:cordic_rx|Z[1][18]                                                                                                                 ; FF_X37_Y18_N19     ; 49      ; Sync. load                 ; no     ; --                   ; --               ; --                        ;
; Receiver:rx|cordic_rx:cordic_rx|Z[2][17]                                                                                                                 ; FF_X38_Y18_N17     ; 54      ; Sync. load                 ; no     ; --                   ; --               ; --                        ;
; Receiver:rx|cordic_rx:cordic_rx|Z[3][16]                                                                                                                 ; FF_X39_Y19_N31     ; 53      ; Sync. load                 ; no     ; --                   ; --               ; --                        ;
; Receiver:rx|cordic_rx:cordic_rx|Z[6][13]                                                                                                                 ; FF_X39_Y18_N27     ; 41      ; Sync. load                 ; no     ; --                   ; --               ; --                        ;
; Receiver:rx|cordic_rx:cordic_rx|Z[7][12]                                                                                                                 ; FF_X38_Y14_N25     ; 39      ; Sync. load                 ; no     ; --                   ; --               ; --                        ;
; Receiver:rx|cordic_rx:cordic_rx|Z[8][11]                                                                                                                 ; FF_X37_Y14_N27     ; 37      ; Sync. load                 ; no     ; --                   ; --               ; --                        ;
; Receiver:rx|cordic_rx:cordic_rx|Z[9][10]                                                                                                                 ; FF_X37_Y12_N25     ; 35      ; Sync. load                 ; no     ; --                   ; --               ; --                        ;
; Receiver:rx|cordic_rx:cordic_rx|phase[30]                                                                                                                ; FF_X28_Y14_N29     ; 14      ; Sync. load                 ; no     ; --                   ; --               ; --                        ;
; Receiver:rx|fir:fir_inst_I|Mux0~1                                                                                                                        ; LCCOMB_X15_Y13_N22 ; 24      ; Clock enable               ; no     ; --                   ; --               ; --                        ;
; Receiver:rx|fir:fir_inst_I|clear_mac                                                                                                                     ; FF_X15_Y13_N17     ; 52      ; Async. clear, Sync. clear  ; no     ; --                   ; --               ; --                        ;
; Receiver:rx|fir:fir_inst_I|comb~0                                                                                                                        ; LCCOMB_X15_Y13_N14 ; 9       ; Clock enable               ; no     ; --                   ; --               ; --                        ;
; Receiver:rx|fir:fir_inst_I|fir_shiftreg:fir_shiftreg_inst|altshift_taps:ALTSHIFT_TAPS_component|shift_taps_frv:auto_generated|cntr_ksf:cntr1|cout_actual ; LCCOMB_X12_Y10_N26 ; 8       ; Sync. load                 ; no     ; --                   ; --               ; --                        ;
; Receiver:rx|fir:fir_inst_I|out_strobe                                                                                                                    ; FF_X15_Y13_N9      ; 192     ; Clock                      ; yes    ; Global Clock         ; GCLK0            ; --                        ;
; Receiver:rx|fir:fir_inst_Q|Decoder0~0                                                                                                                    ; LCCOMB_X17_Y17_N6  ; 24      ; Clock enable               ; no     ; --                   ; --               ; --                        ;
; Receiver:rx|fir:fir_inst_Q|clear_mac                                                                                                                     ; FF_X17_Y17_N21     ; 52      ; Async. clear, Sync. clear  ; no     ; --                   ; --               ; --                        ;
; Receiver:rx|fir:fir_inst_Q|comb~0                                                                                                                        ; LCCOMB_X14_Y17_N0  ; 9       ; Clock enable               ; no     ; --                   ; --               ; --                        ;
; Receiver:rx|fir:fir_inst_Q|fir_shiftreg:fir_shiftreg_inst|altshift_taps:ALTSHIFT_TAPS_component|shift_taps_frv:auto_generated|cntr_ksf:cntr1|cout_actual ; LCCOMB_X14_Y17_N2  ; 8       ; Sync. load                 ; no     ; --                   ; --               ; --                        ;
; Receiver:rx|memcic:memcic_inst_I|LessThan1~2                                                                                                             ; LCCOMB_X11_Y15_N18 ; 9       ; Sync. clear                ; no     ; --                   ; --               ; --                        ;
; Receiver:rx|memcic:memcic_inst_I|Mux0~0                                                                                                                  ; LCCOMB_X14_Y14_N6  ; 48      ; Clock enable               ; no     ; --                   ; --               ; --                        ;
; Receiver:rx|memcic:memcic_inst_I|out_strobe                                                                                                              ; FF_X14_Y14_N25     ; 63      ; Sync. clear                ; no     ; --                   ; --               ; --                        ;
; Receiver:rx|memcic:memcic_inst_I|rdaddress[2]~6                                                                                                          ; LCCOMB_X8_Y14_N4   ; 4       ; Clock enable               ; no     ; --                   ; --               ; --                        ;
; Receiver:rx|memcic:memcic_inst_I|sample_no[7]~16                                                                                                         ; LCCOMB_X11_Y15_N20 ; 8       ; Clock enable               ; no     ; --                   ; --               ; --                        ;
; Receiver:rx|memcic:memcic_inst_I|state[1]                                                                                                                ; FF_X14_Y14_N5      ; 159     ; Sync. clear, Sync. load    ; no     ; --                   ; --               ; --                        ;
; Receiver:rx|memcic:memcic_inst_I|state[2]                                                                                                                ; FF_X11_Y15_N25     ; 294     ; Sync. load                 ; no     ; --                   ; --               ; --                        ;
; Receiver:rx|memcic:memcic_inst_I|work_reg[47]~140                                                                                                        ; LCCOMB_X14_Y14_N28 ; 140     ; Clock enable               ; no     ; --                   ; --               ; --                        ;
; Receiver:rx|memcic:memcic_inst_I|wraddress[3]~4                                                                                                          ; LCCOMB_X12_Y14_N18 ; 4       ; Clock enable               ; no     ; --                   ; --               ; --                        ;
; Receiver:rx|memcic:memcic_inst_I|wren                                                                                                                    ; FF_X11_Y15_N31     ; 5       ; Clock enable, Write enable ; no     ; --                   ; --               ; --                        ;
; Receiver:rx|varcic:varcic_inst_I1|Equal0~6                                                                                                               ; LCCOMB_X5_Y12_N26  ; 17      ; Sync. clear                ; no     ; --                   ; --               ; --                        ;
; Receiver:rx|varcic:varcic_inst_I1|out_strobe                                                                                                             ; FF_X5_Y12_N21      ; 853     ; Clock enable               ; no     ; --                   ; --               ; --                        ;
; Receiver:rx|varcic:varcic_inst_Q1|Add3~50                                                                                                                ; LCCOMB_X8_Y10_N4   ; 48      ; Clock enable               ; no     ; --                   ; --               ; --                        ;
; SPI_SCK                                                                                                                                                  ; PIN_P22            ; 200     ; Clock                      ; no     ; --                   ; --               ; --                        ;
; SPI_SS                                                                                                                                                   ; PIN_R22            ; 138     ; Clock enable               ; no     ; --                   ; --               ; --                        ;
; Transmitter:tx|CicInterpM5:in2|Equal0~2                                                                                                                  ; LCCOMB_X31_Y7_N8   ; 491     ; Clock enable, Sync. clear  ; no     ; --                   ; --               ; --                        ;
; Transmitter:tx|FirInterp8:fi|Rmult[19]~24                                                                                                                ; LCCOMB_X30_Y5_N16  ; 94      ; Clock enable               ; no     ; --                   ; --               ; --                        ;
; Transmitter:tx|FirInterp8:fi|Selector1~0                                                                                                                 ; LCCOMB_X24_Y4_N20  ; 5       ; Clock enable               ; no     ; --                   ; --               ; --                        ;
; Transmitter:tx|FirInterp8:fi|WideOr10~0                                                                                                                  ; LCCOMB_X27_Y5_N22  ; 14      ; Clock enable               ; no     ; --                   ; --               ; --                        ;
; Transmitter:tx|FirInterp8:fi|req                                                                                                                         ; FF_X21_Y4_N1       ; 32      ; Clock                      ; yes    ; Global Clock         ; GCLK15           ; --                        ;
; Transmitter:tx|FirInterp8:fi|rstate.rDone                                                                                                                ; FF_X27_Y6_N5       ; 46      ; Clock enable               ; no     ; --                   ; --               ; --                        ;
; Transmitter:tx|FirInterp8:fi|rstate.rEnd1                                                                                                                ; FF_X24_Y4_N19      ; 8       ; Clock enable               ; no     ; --                   ; --               ; --                        ;
; Transmitter:tx|FirInterp8:fi|rstate.rRun                                                                                                                 ; FF_X27_Y6_N31      ; 98      ; Sync. clear, Sync. load    ; no     ; --                   ; --               ; --                        ;
; Transmitter:tx|FirInterp8:fi|we                                                                                                                          ; FF_X24_Y4_N3       ; 2       ; Clock enable, Write enable ; no     ; --                   ; --               ; --                        ;
; Transmitter:tx|cordic_tx:cordic_inst|Z[0][18]                                                                                                            ; FF_X23_Y24_N25     ; 55      ; Sync. load                 ; no     ; --                   ; --               ; --                        ;
; Transmitter:tx|cordic_tx:cordic_inst|Z[13][6]                                                                                                            ; FF_X7_Y21_N31      ; 24      ; Sync. load                 ; no     ; --                   ; --               ; --                        ;
; Transmitter:tx|cordic_tx:cordic_inst|Z[14][5]                                                                                                            ; FF_X8_Y21_N9       ; 22      ; Sync. load                 ; no     ; --                   ; --               ; --                        ;
; Transmitter:tx|cordic_tx:cordic_inst|Z[1][18]                                                                                                            ; FF_X23_Y24_N19     ; 59      ; Sync. load                 ; no     ; --                   ; --               ; --                        ;
; Transmitter:tx|cordic_tx:cordic_inst|Z[2][17]                                                                                                            ; FF_X24_Y24_N17     ; 58      ; Sync. load                 ; no     ; --                   ; --               ; --                        ;
; Transmitter:tx|cordic_tx:cordic_inst|Z[3][16]                                                                                                            ; FF_X27_Y25_N31     ; 55      ; Sync. load                 ; no     ; --                   ; --               ; --                        ;
; Transmitter:tx|cordic_tx:cordic_inst|Z[6][13]                                                                                                            ; FF_X17_Y25_N29     ; 43      ; Sync. load                 ; no     ; --                   ; --               ; --                        ;
; Transmitter:tx|cordic_tx:cordic_inst|Z[7][12]                                                                                                            ; FF_X14_Y25_N15     ; 41      ; Sync. load                 ; no     ; --                   ; --               ; --                        ;
; Transmitter:tx|cordic_tx:cordic_inst|Z[8][11]                                                                                                            ; FF_X11_Y25_N27     ; 39      ; Sync. load                 ; no     ; --                   ; --               ; --                        ;
; Transmitter:tx|cordic_tx:cordic_inst|Z[9][10]                                                                                                            ; FF_X10_Y25_N23     ; 37      ; Sync. load                 ; no     ; --                   ; --               ; --                        ;
; Transmitter:tx|cordic_tx:cordic_inst|phase[30]                                                                                                           ; FF_X22_Y16_N29     ; 37      ; Sync. load                 ; no     ; --                   ; --               ; --                        ;
; cdc_sync:done|sigb[0]                                                                                                                                    ; FF_X40_Y15_N27     ; 231     ; Clock                      ; yes    ; Global Clock         ; GCLK9            ; --                        ;
; clock_61M                                                                                                                                                ; PIN_AB11           ; 2       ; Clock                      ; no     ; --                   ; --               ; --                        ;
; clock_61M                                                                                                                                                ; PIN_AB11           ; 2927    ; Clock                      ; yes    ; Global Clock         ; GCLK16           ; --                        ;
; fifo:fm|dcfifo:dcfifo_component|dcfifo_5ti1:auto_generated|cmpr_p76:rdempty_eq_comp|aneb_result_wire[0]                                                  ; LCCOMB_X24_Y11_N22 ; 36      ; Clock enable               ; no     ; --                   ; --               ; --                        ;
; fifo:fm|dcfifo:dcfifo_component|dcfifo_5ti1:auto_generated|valid_wrreq~0                                                                                 ; LCCOMB_X24_Y15_N14 ; 36      ; Clock enable, Write enable ; no     ; --                   ; --               ; --                        ;
; n_ptt                                                                                                                                                    ; PIN_A5             ; 147     ; Clock enable               ; no     ; --                   ; --               ; --                        ;
; pll_rx:prx|altpll:altpll_component|pll_rx_altpll:auto_generated|wire_pll1_clk[0]                                                                         ; PLL_4              ; 2335    ; Clock                      ; yes    ; Global Clock         ; GCLK18           ; --                        ;
; pll_rx:prx|altpll:altpll_component|pll_rx_altpll:auto_generated|wire_pll1_clk[1]                                                                         ; PLL_4              ; 5       ; Clock                      ; yes    ; Global Clock         ; GCLK19           ; --                        ;
; spi_slave:spi|rdata[7]~2                                                                                                                                 ; LCCOMB_X28_Y13_N4  ; 64      ; Clock enable               ; no     ; --                   ; --               ; --                        ;
; spi_slave:spi|sdout~0                                                                                                                                    ; LCCOMB_X40_Y13_N20 ; 1       ; Output enable              ; no     ; --                   ; --               ; --                        ;
; start                                                                                                                                                    ; PIN_L22            ; 335     ; Async. clear               ; no     ; --                   ; --               ; --                        ;
+----------------------------------------------------------------------------------------------------------------------------------------------------------+--------------------+---------+----------------------------+--------+----------------------+------------------+---------------------------+


+--------------------------------------------------------------------------------------------------------------------------------------------------------------------------------------------------------------------------+
; Global & Other Fast Signals                                                                                                                                                                                              ;
+----------------------------------------------------------------------------------+----------------+---------+--------------------------------------+----------------------+------------------+---------------------------+
; Name                                                                             ; Location       ; Fan-Out ; Fan-Out Using Intentional Clock Skew ; Global Resource Used ; Global Line Name ; Enable Signal Source Name ;
+----------------------------------------------------------------------------------+----------------+---------+--------------------------------------+----------------------+------------------+---------------------------+
; Receiver:rx|fir:fir_inst_I|out_strobe                                            ; FF_X15_Y13_N9  ; 192     ; 0                                    ; Global Clock         ; GCLK0            ; --                        ;
; Transmitter:tx|FirInterp8:fi|req                                                 ; FF_X21_Y4_N1   ; 32      ; 0                                    ; Global Clock         ; GCLK15           ; --                        ;
; cdc_sync:done|sigb[0]                                                            ; FF_X40_Y15_N27 ; 231     ; 0                                    ; Global Clock         ; GCLK9            ; --                        ;
; clock_61M                                                                        ; PIN_AB11       ; 2927    ; 0                                    ; Global Clock         ; GCLK16           ; --                        ;
; pll_rx:prx|altpll:altpll_component|pll_rx_altpll:auto_generated|wire_pll1_clk[0] ; PLL_4          ; 2335    ; 0                                    ; Global Clock         ; GCLK18           ; --                        ;
; pll_rx:prx|altpll:altpll_component|pll_rx_altpll:auto_generated|wire_pll1_clk[1] ; PLL_4          ; 5       ; 0                                    ; Global Clock         ; GCLK19           ; --                        ;
+----------------------------------------------------------------------------------+----------------+---------+--------------------------------------+----------------------+------------------+---------------------------+


+--------------------------------------------------------+
; Non-Global High Fan-Out Signals                        ;
+----------------------------------------------+---------+
; Name                                         ; Fan-Out ;
+----------------------------------------------+---------+
; Receiver:rx|varcic:varcic_inst_I1|out_strobe ; 853     ;
+----------------------------------------------+---------+


+--------------------------------------------------------------------------------------------------------------------------------------------------------------------------------------------------------------------------------------------------------------------------------------------------------------------------------------------------------------------------------------------------------------------------------------------------------------------------------------------------------------------------------------------------------------------------------------------------------------------------------------------------------------------------------------------------------------------------------------------------------------------------------------------------------------------------------------------------------------------------------------------------------------------------------------------------------------+
; Fitter RAM Summary                                                                                                                                                                                                                                                                                                                                                                                                                                                                                                                                                                                                                                                                                                                                                                                                                                                                                                                                           ;
+----------------------------------------------------------------------------------------------------------------------------------------------------------------------+------+------------------+--------------+--------------+--------------+--------------+--------------+------------------------+-------------------------+------------------------+-------------------------+--------+-----------------------------+-----------------------------+-----------------------------+-----------------------------+---------------------+------+--------------------+------------------------------------------------------------------------------------------------------------------------------------------------------------------------------------------------------------------------------------------------------------+----------------------+------------------------+------------------------+----------+------------------------+---------------+
; Name                                                                                                                                                                 ; Type ; Mode             ; Clock Mode   ; Port A Depth ; Port A Width ; Port B Depth ; Port B Width ; Port A Input Registers ; Port A Output Registers ; Port B Input Registers ; Port B Output Registers ; Size   ; Implementation Port A Depth ; Implementation Port A Width ; Implementation Port B Depth ; Implementation Port B Width ; Implementation Bits ; M9Ks ; MIF                ; Location                                                                                                                                                                                                                                                   ; Mixed Width RDW Mode ; Port A RDW Mode        ; Port B RDW Mode        ; ECC Mode ; ECC Pipeline Registers ; Fits in MLABs ;
+----------------------------------------------------------------------------------------------------------------------------------------------------------------------+------+------------------+--------------+--------------+--------------+--------------+--------------+------------------------+-------------------------+------------------------+-------------------------+--------+-----------------------------+-----------------------------+-----------------------------+-----------------------------+---------------------+------+--------------------+------------------------------------------------------------------------------------------------------------------------------------------------------------------------------------------------------------------------------------------------------------+----------------------+------------------------+------------------------+----------+------------------------+---------------+
; Receiver:rx|fir:fir_inst_I|fir_shiftreg:fir_shiftreg_inst|altshift_taps:ALTSHIFT_TAPS_component|shift_taps_frv:auto_generated|altsyncram_rga1:altsyncram2|ALTSYNCRAM ; M9K  ; Simple Dual Port ; Single Clock ; 254          ; 25           ; 254          ; 25           ; yes                    ; no                      ; yes                    ; yes                     ; 6350   ; 254                         ; 25                          ; 254                         ; 25                          ; 6350                ; 1    ; None               ; M9K_X13_Y8_N0                                                                                                                                                                                                                                              ; Old data             ; New data with NBE Read ; New data with NBE Read ; Off      ; No                     ; No - Unknown  ;
; Receiver:rx|fir:fir_inst_Q|fir_shiftreg:fir_shiftreg_inst|altshift_taps:ALTSHIFT_TAPS_component|shift_taps_frv:auto_generated|altsyncram_rga1:altsyncram2|ALTSYNCRAM ; M9K  ; Simple Dual Port ; Single Clock ; 254          ; 25           ; 254          ; 25           ; yes                    ; no                      ; yes                    ; yes                     ; 6350   ; 254                         ; 25                          ; 254                         ; 25                          ; 6350                ; 1    ; None               ; M9K_X13_Y17_N0                                                                                                                                                                                                                                             ; Old data             ; New data with NBE Read ; New data with NBE Read ; Off      ; No                     ; No - Unknown  ;
; Receiver:rx|fir_coeffs:fir_coeffs_inst|fir_coeffs_rom:fir_coeffs_rom_inst|altsyncram:altsyncram_component|altsyncram_nvb1:auto_generated|ALTSYNCRAM                  ; M9K  ; ROM              ; Single Clock ; 256          ; 24           ; --           ; --           ; yes                    ; yes                     ; --                     ; --                      ; 6144   ; 256                         ; 24                          ; --                          ; --                          ; 6144                ; 1    ; fir_coeffs_rom.hex ; M9K_X13_Y16_N0                                                                                                                                                                                                                                             ; Don't care           ; New data with NBE Read ; New data with NBE Read ; Off      ; No                     ; No - Unknown  ;
; Receiver:rx|memcic:memcic_inst_I|memcic_ram:memcic_ram_inst|altsyncram:altsyncram_component|altsyncram_7bp1:auto_generated|ALTSYNCRAM                                ; M9K  ; Simple Dual Port ; Single Clock ; 32           ; 72           ; 32           ; 72           ; yes                    ; no                      ; yes                    ; yes                     ; 2304   ; 32                          ; 70                          ; 32                          ; 70                          ; 2240                ; 3    ; None               ; M9K_X13_Y19_N0, M9K_X13_Y12_N0, M9K_X13_Y10_N0                                                                                                                                                                                                             ; Don't care           ; New data with NBE Read ; New data with NBE Read ; Off      ; No                     ; No - Unknown  ;
; Receiver:rx|memcic:memcic_inst_Q|memcic_ram:memcic_ram_inst|altsyncram:altsyncram_component|altsyncram_7bp1:auto_generated|ALTSYNCRAM                                ; M9K  ; Simple Dual Port ; Single Clock ; 32           ; 72           ; 32           ; 72           ; yes                    ; no                      ; yes                    ; yes                     ; 2304   ; 32                          ; 70                          ; 32                          ; 70                          ; 2240                ; 2    ; None               ; M9K_X13_Y20_N0, M9K_X13_Y19_N0                                                                                                                                                                                                                             ; Don't care           ; New data with NBE Read ; New data with NBE Read ; Off      ; No                     ; No - Unknown  ;
; Transmitter:tx|FirInterp8:fi|firram36I:ram|altsyncram:altsyncram_component|altsyncram_jbp1:auto_generated|ALTSYNCRAM                                                 ; M9K  ; Simple Dual Port ; Single Clock ; 64           ; 36           ; 64           ; 36           ; yes                    ; no                      ; yes                    ; yes                     ; 2304   ; 64                          ; 36                          ; 64                          ; 36                          ; 2304                ; 1    ; None               ; M9K_X25_Y5_N0                                                                                                                                                                                                                                              ; Don't care           ; New data with NBE Read ; New data with NBE Read ; Off      ; No                     ; No - Unknown  ;
; Transmitter:tx|FirInterp8:fi|firromI:rom|altsyncram:altsyncram_component|altsyncram_83b1:auto_generated|ALTSYNCRAM                                                   ; M9K  ; ROM              ; Single Clock ; 512          ; 18           ; --           ; --           ; yes                    ; yes                     ; --                     ; --                      ; 9216   ; 512                         ; 18                          ; --                          ; --                          ; 9216                ; 1    ; coefI8.mif         ; M9K_X25_Y4_N0                                                                                                                                                                                                                                              ; Don't care           ; New data with NBE Read ; New data with NBE Read ; Off      ; No                     ; No - Unknown  ;
; fifo:fm|dcfifo:dcfifo_component|dcfifo_5ti1:auto_generated|altsyncram_g271:fifo_ram|ALTSYNCRAM                                                                       ; AUTO ; Simple Dual Port ; Dual Clocks  ; 2048         ; 64           ; 2048         ; 64           ; yes                    ; no                      ; yes                    ; yes                     ; 131072 ; 2048                        ; 64                          ; 2048                        ; 64                          ; 131072              ; 16   ; None               ; M9K_X25_Y8_N0, M9K_X25_Y17_N0, M9K_X25_Y16_N0, M9K_X25_Y12_N0, M9K_X25_Y10_N0, M9K_X13_Y14_N0, M9K_X25_Y6_N0, M9K_X25_Y9_N0, M9K_X13_Y15_N0, M9K_X25_Y7_N0, M9K_X25_Y11_N0, M9K_X13_Y11_N0, M9K_X13_Y13_N0, M9K_X25_Y14_N0, M9K_X25_Y15_N0, M9K_X25_Y13_N0 ; Don't care           ; New data with NBE Read ; New data with NBE Read ; Off      ; No                     ; No - Unknown  ;
+----------------------------------------------------------------------------------------------------------------------------------------------------------------------+------+------------------+--------------+--------------+--------------+--------------+--------------+------------------------+-------------------------+------------------------+-------------------------+--------+-----------------------------+-----------------------------+-----------------------------+-----------------------------+---------------------+------+--------------------+------------------------------------------------------------------------------------------------------------------------------------------------------------------------------------------------------------------------------------------------------------+----------------------+------------------------+------------------------+----------+------------------------+---------------+
Note: Fitter may spread logical memories into multiple blocks to improve timing. The actual required RAM blocks can be found in the Fitter Resource Usage section.


RAM content values are presented in the following format: (Binary) (Octal) (Decimal) (Hexadecimal) 
+------------------------------------------------------------------------------------------------------------------------------------------------------------------------------------------------------------------------------------------------------------------+
; |radio|Receiver:rx|fir_coeffs:fir_coeffs_inst|fir_coeffs_rom:fir_coeffs_rom_inst|altsyncram:altsyncram_component|altsyncram_nvb1:auto_generated|ALTSYNCRAM                                                                                                       ;
+------------------------------------------------------------------------------------------------------------------------------------------------------------------------------------------------------------------------------------------------------------------+
;   Addr   ;              +0              ;              +1              ;              +2              ;              +3              ;              +4              ;              +5              ;              +6              ;              +7              ;
+----------+------------------------------+------------------------------+------------------------------+------------------------------+------------------------------+------------------------------+------------------------------+------------------------------+
;0;(000000000000000000000000) (0) (0) (00)    ;(000000000000000000000000) (0) (0) (00)   ;(000000000000000000001110) (16) (14) (0E)   ;(000000000000000000000001) (1) (1) (01)   ;(111111111111111111100010) (77777742) (16777186) (FFFFE2)   ;(111111111111111111111101) (77777775) (16777213) (FFFFFD)   ;(000000000000000000111001) (71) (57) (39)   ;(000000000000000000000111) (7) (7) (07)   ;
;8;(111111111111111110011111) (77777637) (16777119) (FFFF9F)    ;(111111111111111111110010) (77777762) (16777202) (FFFFF2)   ;(000000000000000010011010) (232) (154) (9A)   ;(000000000000000000011010) (32) (26) (1A)   ;(111111111111111100011011) (77777433) (16776987) (FFFF1B)   ;(111111111111111111010011) (77777723) (16777171) (FFFFD3)   ;(000000000000000101000111) (507) (327) (147)   ;(000000000000000001001010) (112) (74) (4A)   ;
;16;(111111111111111000111011) (77777073) (16776763) (FFFE3B)    ;(111111111111111110001110) (77777616) (16777102) (FFFF8E)   ;(000000000000001001100100) (1144) (612) (264)   ;(000000000000000010101011) (253) (171) (AB)   ;(111111111111110011010111) (77776327) (16776407) (FFFCD7)   ;(111111111111111100000111) (77777407) (16776967) (FFFF07)   ;(000000000000010000011011) (2033) (1051) (41B)   ;(000000000000000101100010) (542) (354) (162)   ;
;24;(111111111111101010111110) (77775276) (16775870) (FFFABE)    ;(111111111111111000010101) (77777025) (16776725) (FFFE15)   ;(000000000000011010100101) (3245) (1701) (6A5)   ;(000000000000001010011111) (1237) (671) (29F)   ;(111111111111011110110100) (77773664) (16775092) (FFF7B4)   ;(111111111111110001111100) (77776174) (16776316) (FFFC7C)   ;(000000000000101001000001) (5101) (2625) (A41)   ;(000000000000010010100111) (2247) (1191) (4A7)   ;
;32;(111111111111001101110101) (77771565) (16774005) (FFF375)    ;(111111111111100111101100) (77774754) (16775660) (FFF9EC)   ;(000000000000111100110101) (7465) (3893) (F35)   ;(000000000000011111011000) (3730) (2008) (7D8)   ;(111111111110110110110111) (77766667) (16772535) (FFEDB7)   ;(111111111111010111111100) (77772774) (16774652) (FFF5FC)   ;(000000000001010111001111) (12717) (5583) (15CF)   ;(000000000000110010101001) (6251) (3241) (CA9)   ;
;40;(111111111110011000101101) (77763055) (16770605) (FFE62D)    ;(111111111111000000100100) (77770044) (16773156) (FFF024)   ;(000000000001111001011100) (17134) (7772) (1E5C)   ;(000000000001001110110001) (11661) (5041) (13B1)   ;(111111111101110010001010) (77756212) (16768138) (FFDC8A)   ;(111111111110011110111101) (77763675) (16771005) (FFE7BD)   ;(000000000010100100101000) (24450) (10536) (2928)   ;(000000000001110110101010) (16652) (7594) (1DAA)   ;
;48;(111111111101000010000101) (77750205) (16765061) (FFD085)    ;(111111111101101111111010) (77755772) (16767994) (FFDBFA)   ;(000000000011011001110110) (33166) (13942) (3676)   ;(000000000010101101110110) (25566) (11126) (2B76)   ;(111111111100000111100000) (77740740) (16761312) (FFC1E0)   ;(111111111100101111100100) (77745744) (16763876) (FFCBE4)   ;(000000000100011001111110) (43176) (18046) (467E)   ;(000000000011111000011111) (37037) (15903) (3E1F)   ;
;56;(111111111011000001101100) (77730154) (16756844) (FFB06C)    ;(111111111011011001011001) (77733131) (16758361) (FFB659)   ;(000000000101100101100101) (54545) (22885) (5965)   ;(000000000101011011100001) (53341) (22241) (56E1)   ;(111111111001110000010000) (77716020) (16751632) (FF9C10)   ;(111111111001101000000101) (77715005) (16751109) (FF9A05)   ;(000000000110111100110110) (67466) (28470) (6F36)   ;(000000000111011100101000) (73450) (30504) (7728)   ;
;64;(111111111000010011001111) (77702317) (16745679) (FF84CF)    ;(111111110111010101011111) (77672537) (16741727) (FF755F)   ;(000000001000011111011101) (103735) (34781) (87DD)   ;(000000001010000010011111) (120237) (41119) (A09F)   ;(111111110110101011010000) (77665320) (16739024) (FF6AD0)   ;(111111110100011010011110) (77643236) (16729758) (FF469E)   ;(000000001010001100011111) (121437) (41759) (A31F)   ;(000000001101010100110001) (152461) (54577) (D531)   ;
;72;(111111110100111001100100) (77647144) (16731748) (FF4E64)    ;(111111110000101110101010) (77605652) (16714666) (FF0BAA)   ;(000000001100000010010101) (140225) (49301) (C095)   ;(000000010001011100100100) (213444) (71460) (11724)   ;(111111110011000000001100) (77630014) (16723980) (FF300C)   ;(111111101100001000001011) (77541013) (16695819) (FEC20B)   ;(000000001101111110100001) (157641) (57249) (DFA1)   ;(000000010110100100101101) (264455) (92461) (1692D)   ;
;80;(111111110001000010000010) (77610202) (16715906) (FF1082)    ;(111111100110011011000010) (77463302) (16672450) (FE66C2)   ;(000000001111111101101001) (177551) (65385) (FF69)   ;(000000011100111010100110) (347246) (118438) (1CEA6)   ;(111111101111000011000111) (77570307) (16707783) (FEF0C7)   ;(111111011111011000001001) (77373011) (16643593) (FDF609)   ;(000000010001111011000001) (217301) (73409) (11EC1)   ;(000000100100101111011000) (445730) (150488) (24BD8)   ;
;88;(111111101101001000110100) (77551064) (16699956) (FED234)    ;(111111010110101011110001) (77265361) (16607985) (FD6AF1)   ;(000000010011110000011100) (236034) (80924) (13C1C)   ;(000000101110011010000110) (563206) (190086) (2E686)   ;(111111101011011010011011) (77533233) (16692891) (FEB69B)   ;(111111001011111010101001) (77137251) (16563881) (FCBEA9)   ;(000000010101010101001111) (252517) (87375) (1554F)   ;(000000111010011011011011) (723333) (239323) (3A6DB)   ;
;96;(111111101010000010010001) (77520221) (16687249) (FEA091)    ;(111110111110011101000000) (76763500) (16508736) (FBE740)   ;(000000010110011100111011) (263473) (91963) (1673B)   ;(000001001001100100100101) (1114445) (301349) (49925)   ;(111111101001001111111010) (77511772) (16684026) (FE93FA)   ;(111110101101010100111111) (76552477) (16438591) (FAD53F)   ;(000000010110110011101000) (266350) (93416) (16CE8)   ;(000001011101000100100111) (1350447) (381223) (5D127)   ;
;104;(111111101001011101011000) (77513530) (16684888) (FE9758)    ;(111110010110111011100110) (76267346) (16346854) (F96EE6)   ;(000000010101110110000111) (256607) (89479) (15D87)   ;(000001110111000100100001) (1670441) (487713) (77121)   ;(111111101011011100001101) (77533415) (16693005) (FEB70D)   ;(111101111000010110100000) (75702640) (16221600) (F785A0)   ;(000000010010011011111010) (223372) (75514) (126FA)   ;(000010011011101000010100) (2335024) (637460) (9BA14)   ;
;112;(111111110000111011000010) (77607302) (16715458) (FF0EC2)    ;(111101001011101111110100) (75135764) (16038900) (F4BBF4)   ;(000000001001110011011001) (116331) (40153) (9CD9)   ;(000011010011011100110010) (3233462) (866098) (D3732)   ;(111111111110101000011001) (77765031) (16771609) (FFEA19)   ;(111100000011100110111101) (74034675) (15743421) (F039BD)   ;(111111110011010011100101) (77632345) (16725221) (FF34E5)   ;(000100110100100110100000) (4644640) (1264032) (1349A0)   ;
;120;(000000100101110101001110) (456516) (154958) (25D4E)    ;(111001111001100110001011) (71714613) (15178123) (E7998B)   ;(111110101000001001101010) (76501152) (16417386) (FA826A)   ;(001000000110011111100111) (10063747) (2123751) (2067E7)   ;(000011001101000010101100) (3150254) (839852) (CD0AC)   ;(110100100001111010000110) (64417206) (13770374) (D21E86)   ;(110111010010010110101100) (67222654) (14493100) (DD25AC)   ;(010000010101111001110011) (20257163) (4284019) (415E73)   ;
;128;(011111111111111111111111) (37777777) (8388607) (7FFFFF)    ;(010000010101111001110011) (20257163) (4284019) (415E73)   ;(110111010010010110101100) (67222654) (14493100) (DD25AC)   ;(110100100001111010000110) (64417206) (13770374) (D21E86)   ;(000011001101000010101100) (3150254) (839852) (CD0AC)   ;(001000000110011111100111) (10063747) (2123751) (2067E7)   ;(111110101000001001101010) (76501152) (16417386) (FA826A)   ;(111001111001100110001011) (71714613) (15178123) (E7998B)   ;
;136;(000000100101110101001110) (456516) (154958) (25D4E)    ;(000100110100100110100000) (4644640) (1264032) (1349A0)   ;(111111110011010011100101) (77632345) (16725221) (FF34E5)   ;(111100000011100110111101) (74034675) (15743421) (F039BD)   ;(111111111110101000011001) (77765031) (16771609) (FFEA19)   ;(000011010011011100110010) (3233462) (866098) (D3732)   ;(000000001001110011011001) (116331) (40153) (9CD9)   ;(111101001011101111110100) (75135764) (16038900) (F4BBF4)   ;
;144;(111111110000111011000010) (77607302) (16715458) (FF0EC2)    ;(000010011011101000010100) (2335024) (637460) (9BA14)   ;(000000010010011011111010) (223372) (75514) (126FA)   ;(111101111000010110100000) (75702640) (16221600) (F785A0)   ;(111111101011011100001101) (77533415) (16693005) (FEB70D)   ;(000001110111000100100001) (1670441) (487713) (77121)   ;(000000010101110110000111) (256607) (89479) (15D87)   ;(111110010110111011100110) (76267346) (16346854) (F96EE6)   ;
;152;(111111101001011101011000) (77513530) (16684888) (FE9758)    ;(000001011101000100100111) (1350447) (381223) (5D127)   ;(000000010110110011101000) (266350) (93416) (16CE8)   ;(111110101101010100111111) (76552477) (16438591) (FAD53F)   ;(111111101001001111111010) (77511772) (16684026) (FE93FA)   ;(000001001001100100100101) (1114445) (301349) (49925)   ;(000000010110011100111011) (263473) (91963) (1673B)   ;(111110111110011101000000) (76763500) (16508736) (FBE740)   ;
;160;(111111101010000010010001) (77520221) (16687249) (FEA091)    ;(000000111010011011011011) (723333) (239323) (3A6DB)   ;(000000010101010101001111) (252517) (87375) (1554F)   ;(111111001011111010101001) (77137251) (16563881) (FCBEA9)   ;(111111101011011010011011) (77533233) (16692891) (FEB69B)   ;(000000101110011010000110) (563206) (190086) (2E686)   ;(000000010011110000011100) (236034) (80924) (13C1C)   ;(111111010110101011110001) (77265361) (16607985) (FD6AF1)   ;
;168;(111111101101001000110100) (77551064) (16699956) (FED234)    ;(000000100100101111011000) (445730) (150488) (24BD8)   ;(000000010001111011000001) (217301) (73409) (11EC1)   ;(111111011111011000001001) (77373011) (16643593) (FDF609)   ;(111111101111000011000111) (77570307) (16707783) (FEF0C7)   ;(000000011100111010100110) (347246) (118438) (1CEA6)   ;(000000001111111101101001) (177551) (65385) (FF69)   ;(111111100110011011000010) (77463302) (16672450) (FE66C2)   ;
;176;(111111110001000010000010) (77610202) (16715906) (FF1082)    ;(000000010110100100101101) (264455) (92461) (1692D)   ;(000000001101111110100001) (157641) (57249) (DFA1)   ;(111111101100001000001011) (77541013) (16695819) (FEC20B)   ;(111111110011000000001100) (77630014) (16723980) (FF300C)   ;(000000010001011100100100) (213444) (71460) (11724)   ;(000000001100000010010101) (140225) (49301) (C095)   ;(111111110000101110101010) (77605652) (16714666) (FF0BAA)   ;
;184;(111111110100111001100100) (77647144) (16731748) (FF4E64)    ;(000000001101010100110001) (152461) (54577) (D531)   ;(000000001010001100011111) (121437) (41759) (A31F)   ;(111111110100011010011110) (77643236) (16729758) (FF469E)   ;(111111110110101011010000) (77665320) (16739024) (FF6AD0)   ;(000000001010000010011111) (120237) (41119) (A09F)   ;(000000001000011111011101) (103735) (34781) (87DD)   ;(111111110111010101011111) (77672537) (16741727) (FF755F)   ;
;192;(111111111000010011001111) (77702317) (16745679) (FF84CF)    ;(000000000111011100101000) (73450) (30504) (7728)   ;(000000000110111100110110) (67466) (28470) (6F36)   ;(111111111001101000000101) (77715005) (16751109) (FF9A05)   ;(111111111001110000010000) (77716020) (16751632) (FF9C10)   ;(000000000101011011100001) (53341) (22241) (56E1)   ;(000000000101100101100101) (54545) (22885) (5965)   ;(111111111011011001011001) (77733131) (16758361) (FFB659)   ;
;200;(111111111011000001101100) (77730154) (16756844) (FFB06C)    ;(000000000011111000011111) (37037) (15903) (3E1F)   ;(000000000100011001111110) (43176) (18046) (467E)   ;(111111111100101111100100) (77745744) (16763876) (FFCBE4)   ;(111111111100000111100000) (77740740) (16761312) (FFC1E0)   ;(000000000010101101110110) (25566) (11126) (2B76)   ;(000000000011011001110110) (33166) (13942) (3676)   ;(111111111101101111111010) (77755772) (16767994) (FFDBFA)   ;
;208;(111111111101000010000101) (77750205) (16765061) (FFD085)    ;(000000000001110110101010) (16652) (7594) (1DAA)   ;(000000000010100100101000) (24450) (10536) (2928)   ;(111111111110011110111101) (77763675) (16771005) (FFE7BD)   ;(111111111101110010001010) (77756212) (16768138) (FFDC8A)   ;(000000000001001110110001) (11661) (5041) (13B1)   ;(000000000001111001011100) (17134) (7772) (1E5C)   ;(111111111111000000100100) (77770044) (16773156) (FFF024)   ;
;216;(111111111110011000101101) (77763055) (16770605) (FFE62D)    ;(000000000000110010101001) (6251) (3241) (CA9)   ;(000000000001010111001111) (12717) (5583) (15CF)   ;(111111111111010111111100) (77772774) (16774652) (FFF5FC)   ;(111111111110110110110111) (77766667) (16772535) (FFEDB7)   ;(000000000000011111011000) (3730) (2008) (7D8)   ;(000000000000111100110101) (7465) (3893) (F35)   ;(111111111111100111101100) (77774754) (16775660) (FFF9EC)   ;
;224;(111111111111001101110101) (77771565) (16774005) (FFF375)    ;(000000000000010010100111) (2247) (1191) (4A7)   ;(000000000000101001000001) (5101) (2625) (A41)   ;(111111111111110001111100) (77776174) (16776316) (FFFC7C)   ;(111111111111011110110100) (77773664) (16775092) (FFF7B4)   ;(000000000000001010011111) (1237) (671) (29F)   ;(000000000000011010100101) (3245) (1701) (6A5)   ;(111111111111111000010101) (77777025) (16776725) (FFFE15)   ;
;232;(111111111111101010111110) (77775276) (16775870) (FFFABE)    ;(000000000000000101100010) (542) (354) (162)   ;(000000000000010000011011) (2033) (1051) (41B)   ;(111111111111111100000111) (77777407) (16776967) (FFFF07)   ;(111111111111110011010111) (77776327) (16776407) (FFFCD7)   ;(000000000000000010101011) (253) (171) (AB)   ;(000000000000001001100100) (1144) (612) (264)   ;(111111111111111110001110) (77777616) (16777102) (FFFF8E)   ;
;240;(111111111111111000111011) (77777073) (16776763) (FFFE3B)    ;(000000000000000001001010) (112) (74) (4A)   ;(000000000000000101000111) (507) (327) (147)   ;(111111111111111111010011) (77777723) (16777171) (FFFFD3)   ;(111111111111111100011011) (77777433) (16776987) (FFFF1B)   ;(000000000000000000011010) (32) (26) (1A)   ;(000000000000000010011010) (232) (154) (9A)   ;(111111111111111111110010) (77777762) (16777202) (FFFFF2)   ;
;248;(111111111111111110011111) (77777637) (16777119) (FFFF9F)    ;(000000000000000000000111) (7) (7) (07)   ;(000000000000000000111001) (71) (57) (39)   ;(111111111111111111111101) (77777775) (16777213) (FFFFFD)   ;(111111111111111111100010) (77777742) (16777186) (FFFFE2)   ;(000000000000000000000001) (1) (1) (01)   ;(000000000000000000001110) (16) (14) (0E)   ;(000000000000000000000000) (0) (0) (00)   ;


RAM content values are presented in the following format: (Binary) (Octal) (Decimal) (Hexadecimal) 
+------------------------------------------------------------------------------------------------------------------------------------------------------------------------------------------------------------------------------------------------------------------+
; |radio|Transmitter:tx|FirInterp8:fi|firromI:rom|altsyncram:altsyncram_component|altsyncram_83b1:auto_generated|ALTSYNCRAM                                                                                                                                        ;
+------------------------------------------------------------------------------------------------------------------------------------------------------------------------------------------------------------------------------------------------------------------+
;   Addr   ;              +0              ;              +1              ;              +2              ;              +3              ;              +4              ;              +5              ;              +6              ;              +7              ;
+----------+------------------------------+------------------------------+------------------------------+------------------------------+------------------------------+------------------------------+------------------------------+------------------------------+
;0;(000000000000000101) (5) (5) (05)    ;(000000000000000010) (2) (2) (02)   ;(000000000000000010) (2) (2) (02)   ;(000000000000000010) (2) (2) (02)   ;(000000000000000010) (2) (2) (02)   ;(000000000000000001) (1) (1) (01)   ;(000000000000000000) (0) (0) (00)   ;(111111111111111110) (777776) (262142) (3FFFE)   ;
;8;(111111111111111100) (777774) (262140) (3FFFC)    ;(111111111111111001) (777771) (262137) (3FFF9)   ;(111111111111110110) (777766) (262134) (3FFF6)   ;(111111111111110010) (777762) (262130) (3FFF2)   ;(111111111111101111) (777757) (262127) (3FFEF)   ;(111111111111101010) (777752) (262122) (3FFEA)   ;(111111111111100101) (777745) (262117) (3FFE5)   ;(111111111111011111) (777737) (262111) (3FFDF)   ;
;16;(111111111111011001) (777731) (262105) (3FFD9)    ;(111111111111010011) (777723) (262099) (3FFD3)   ;(111111111111001110) (777716) (262094) (3FFCE)   ;(111111111111001000) (777710) (262088) (3FFC8)   ;(111111111111000011) (777703) (262083) (3FFC3)   ;(111111111110111110) (777676) (262078) (3FFBE)   ;(111111111110111010) (777672) (262074) (3FFBA)   ;(111111111110110111) (777667) (262071) (3FFB7)   ;
;24;(111111111110110110) (777666) (262070) (3FFB6)    ;(111111111110110110) (777666) (262070) (3FFB6)   ;(111111111110111000) (777670) (262072) (3FFB8)   ;(111111111110111100) (777674) (262076) (3FFBC)   ;(111111111111000010) (777702) (262082) (3FFC2)   ;(111111111111001010) (777712) (262090) (3FFCA)   ;(111111111111010011) (777723) (262099) (3FFD3)   ;(111111111111011110) (777736) (262110) (3FFDE)   ;
;32;(111111111111101011) (777753) (262123) (3FFEB)    ;(111111111111111000) (777770) (262136) (3FFF8)   ;(000000000000000111) (7) (7) (07)   ;(000000000000010110) (26) (22) (16)   ;(000000000000100110) (46) (38) (26)   ;(000000000000110101) (65) (53) (35)   ;(000000000001000100) (104) (68) (44)   ;(000000000001010001) (121) (81) (51)   ;
;40;(000000000001011101) (135) (93) (5D)    ;(000000000001100111) (147) (103) (67)   ;(000000000001101110) (156) (110) (6E)   ;(000000000001110001) (161) (113) (71)   ;(000000000001110001) (161) (113) (71)   ;(000000000001101110) (156) (110) (6E)   ;(000000000001100110) (146) (102) (66)   ;(000000000001011010) (132) (90) (5A)   ;
;48;(000000000001001011) (113) (75) (4B)    ;(000000000000110111) (67) (55) (37)   ;(000000000000100001) (41) (33) (21)   ;(000000000000001001) (11) (9) (09)   ;(111111111111101111) (777757) (262127) (3FFEF)   ;(111111111111010011) (777723) (262099) (3FFD3)   ;(111111111110110111) (777667) (262071) (3FFB7)   ;(111111111110011100) (777634) (262044) (3FF9C)   ;
;56;(111111111110000011) (777603) (262019) (3FF83)    ;(111111111101101101) (777555) (261997) (3FF6D)   ;(111111111101011001) (777531) (261977) (3FF59)   ;(111111111101001011) (777513) (261963) (3FF4B)   ;(111111111101000010) (777502) (261954) (3FF42)   ;(111111111100111111) (777477) (261951) (3FF3F)   ;(111111111101000011) (777503) (261955) (3FF43)   ;(111111111101001110) (777516) (261966) (3FF4E)   ;
;64;(111111111101011111) (777537) (261983) (3FF5F)    ;(111111111101110111) (777567) (262007) (3FF77)   ;(111111111110010101) (777625) (262037) (3FF95)   ;(111111111110111001) (777671) (262073) (3FFB9)   ;(111111111111100010) (777742) (262114) (3FFE2)   ;(000000000000001111) (17) (15) (0F)   ;(000000000000111101) (75) (61) (3D)   ;(000000000001101101) (155) (109) (6D)   ;
;72;(000000000010011011) (233) (155) (9B)    ;(000000000011001000) (310) (200) (C8)   ;(000000000011110000) (360) (240) (F0)   ;(000000000100010010) (422) (274) (112)   ;(000000000100101101) (455) (301) (12D)   ;(000000000100111111) (477) (319) (13F)   ;(000000000101000111) (507) (327) (147)   ;(000000000101000100) (504) (324) (144)   ;
;80;(000000000100110101) (465) (309) (135)    ;(000000000100011100) (434) (284) (11C)   ;(000000000011110111) (367) (247) (F7)   ;(000000000011001000) (310) (200) (C8)   ;(000000000010001111) (217) (143) (8F)   ;(000000000001001110) (116) (78) (4E)   ;(000000000000000110) (6) (6) (06)   ;(111111111110111010) (777672) (262074) (3FFBA)   ;
;88;(111111111101101110) (777556) (261998) (3FF6E)    ;(111111111100100010) (777442) (261922) (3FF22)   ;(111111111011011010) (777332) (261850) (3FEDA)   ;(111111111010011000) (777230) (261784) (3FE98)   ;(111111111001100000) (777140) (261728) (3FE60)   ;(111111111000110011) (777063) (261683) (3FE33)   ;(111111111000010100) (777024) (261652) (3FE14)   ;(111111111000000101) (777005) (261637) (3FE05)   ;
;96;(111111111000000111) (777007) (261639) (3FE07)    ;(111111111000011010) (777032) (261658) (3FE1A)   ;(111111111001000000) (777100) (261696) (3FE40)   ;(111111111001110111) (777167) (261751) (3FE77)   ;(111111111010111111) (777277) (261823) (3FEBF)   ;(111111111100010110) (777426) (261910) (3FF16)   ;(111111111101111010) (777572) (262010) (3FF7A)   ;(111111111111101000) (777750) (262120) (3FFE8)   ;
;104;(000000000001011011) (133) (91) (5B)    ;(000000000011010010) (322) (210) (D2)   ;(000000000101000111) (507) (327) (147)   ;(000000000110110110) (666) (438) (1B6)   ;(000000001000011011) (1033) (539) (21B)   ;(000000001001110011) (1163) (627) (273)   ;(000000001010111000) (1270) (696) (2B8)   ;(000000001011101001) (1351) (745) (2E9)   ;
;112;(000000001100000001) (1401) (769) (301)    ;(000000001100000000) (1400) (768) (300)   ;(000000001011100100) (1344) (740) (2E4)   ;(000000001010101101) (1255) (685) (2AD)   ;(000000001001011010) (1132) (602) (25A)   ;(000000000111101111) (757) (495) (1EF)   ;(000000000101101101) (555) (365) (16D)   ;(000000000011011000) (330) (216) (D8)   ;
;120;(000000000000110101) (65) (53) (35)    ;(111111111110001001) (777611) (262025) (3FF89)   ;(111111111011011001) (777331) (261849) (3FED9)   ;(111111111000101011) (777053) (261675) (3FE2B)   ;(111111110110000111) (776607) (261511) (3FD87)   ;(111111110011110001) (776361) (261361) (3FCF1)   ;(111111110001110000) (776160) (261232) (3FC70)   ;(111111110000001010) (776012) (261130) (3FC0A)   ;
;128;(111111101111000100) (775704) (261060) (3FBC4)    ;(111111101110100000) (775640) (261024) (3FBA0)   ;(111111101110100010) (775642) (261026) (3FBA2)   ;(111111101111001011) (775713) (261067) (3FBCB)   ;(111111110000011110) (776036) (261150) (3FC1E)   ;(111111110010010111) (776227) (261271) (3FC97)   ;(111111110100110100) (776464) (261428) (3FD34)   ;(111111110111110001) (776761) (261617) (3FDF1)   ;
;136;(111111111011001010) (777312) (261834) (3FECA)    ;(111111111110110110) (777666) (262070) (3FFB6)   ;(000000000010110001) (261) (177) (B1)   ;(000000000110101111) (657) (431) (1AF)   ;(000000001010101001) (1251) (681) (2A9)   ;(000000001110010110) (1626) (918) (396)   ;(000000010001101100) (2154) (1132) (46C)   ;(000000010100100100) (2444) (1316) (524)   ;
;144;(000000010110110110) (2666) (1462) (5B6)    ;(000000011000011010) (3032) (1562) (61A)   ;(000000011001001010) (3112) (1610) (64A)   ;(000000011001000011) (3103) (1603) (643)   ;(000000011000000100) (3004) (1540) (604)   ;(000000010110001100) (2614) (1420) (58C)   ;(000000010011011101) (2335) (1245) (4DD)   ;(000000001111111010) (1772) (1018) (3FA)   ;
;152;(000000001011101001) (1351) (745) (2E9)    ;(000000000110110011) (663) (435) (1B3)   ;(000000000001100000) (140) (96) (60)   ;(111111111011111100) (777374) (261884) (3FEFC)   ;(111111110110010010) (776622) (261522) (3FD92)   ;(111111110000101111) (776057) (261167) (3FC2F)   ;(111111101011100001) (775341) (260833) (3FAE1)   ;(111111100110110010) (774662) (260530) (3F9B2)   ;
;160;(111111100010110001) (774261) (260273) (3F8B1)    ;(111111011111100111) (773747) (260071) (3F7E7)   ;(111111011101011111) (773537) (259935) (3F75F)   ;(111111011100100000) (773440) (259872) (3F720)   ;(111111011100101111) (773457) (259887) (3F72F)   ;(111111011110001111) (773617) (259983) (3F78F)   ;(111111100000111111) (774077) (260159) (3F83F)   ;(111111100100111111) (774477) (260415) (3F93F)   ;
;168;(111111101010000101) (775205) (260741) (3FA85)    ;(111111110000001100) (776014) (261132) (3FC0C)   ;(111111110111001000) (776710) (261576) (3FDC8)   ;(111111111110101010) (777652) (262058) (3FFAA)   ;(000000000110100011) (643) (419) (1A3)   ;(000000001110100011) (1643) (931) (3A3)   ;(000000010110011000) (2630) (1432) (598)   ;(000000011101101110) (3556) (1902) (76E)   ;
;176;(000000100100010101) (4425) (2325) (915)    ;(000000101001111100) (5174) (2684) (A7C)   ;(000000101110010010) (5622) (2962) (B92)   ;(000000110001001100) (6114) (3148) (C4C)   ;(000000110010011100) (6234) (3228) (C9C)   ;(000000110001111110) (6176) (3198) (C7E)   ;(000000101111101101) (5755) (3053) (BED)   ;(000000101011101001) (5351) (2793) (AE9)   ;
;184;(000000100101110110) (4566) (2422) (976)    ;(000000011110011101) (3635) (1949) (79D)   ;(000000010101101010) (2552) (1386) (56A)   ;(000000001011101110) (1356) (750) (2EE)   ;(000000000000111011) (73) (59) (3B)   ;(111111110101101000) (776550) (261480) (3FD68)   ;(111111101010001100) (775214) (260748) (3FA8C)   ;(111111011111000001) (773701) (260033) (3F7C1)   ;
;192;(111111010100100010) (772442) (259362) (3F522)    ;(111111001011001000) (771310) (258760) (3F2C8)   ;(111111000011001011) (770313) (258251) (3F0CB)   ;(111110111101000011) (767503) (257859) (3EF43)   ;(111110111001000001) (767101) (257601) (3EE41)   ;(111110110111010101) (766725) (257493) (3EDD5)   ;(111110111000001011) (767013) (257547) (3EE0B)   ;(111110111011101000) (767350) (257768) (3EEE8)   ;
;200;(111111000001101100) (770154) (258156) (3F06C)    ;(111111001010010010) (771222) (258706) (3F292)   ;(111111010101001110) (772516) (259406) (3F54E)   ;(111111100010001110) (774216) (260238) (3F88E)   ;(111111110000111100) (776074) (261180) (3FC3C)   ;(000000000000111100) (74) (60) (3C)   ;(000000010001101111) (2157) (1135) (46F)   ;(000000100010110000) (4260) (2224) (8B0)   ;
;208;(000000110011011011) (6333) (3291) (CDB)    ;(000001000011001000) (10310) (4296) (10C8)   ;(000001010001010001) (12121) (5201) (1451)   ;(000001011101010001) (13521) (5969) (1751)   ;(000001100110100110) (14646) (6566) (19A6)   ;(000001101100110000) (15460) (6960) (1B30)   ;(000001101111010111) (15727) (7127) (1BD7)   ;(000001101110000111) (15607) (7047) (1B87)   ;
;216;(000001101000110101) (15065) (6709) (1A35)    ;(000001011111011110) (13736) (6110) (17DE)   ;(000001010010000110) (12206) (5254) (1486)   ;(000001000000111011) (10073) (4155) (103B)   ;(000000101100010101) (5425) (2837) (B15)   ;(000000010100110010) (2462) (1330) (532)   ;(111111111010111010) (777272) (261818) (3FEBA)   ;(111111011111011100) (773734) (260060) (3F7DC)   ;
;224;(111111000011001111) (770317) (258255) (3F0CF)    ;(111110100111001101) (764715) (256461) (3E9CD)   ;(111110001100010011) (761423) (254739) (3E313)   ;(111101110011100011) (756343) (253155) (3DCE3)   ;(111101011101111101) (753575) (251773) (3D77D)   ;(111101001100011111) (751437) (250655) (3D31F)   ;(111101000000000111) (750007) (249863) (3D007)   ;(111100111001101010) (747152) (249450) (3CE6A)   ;
;232;(111100111001110111) (747167) (249463) (3CE77)    ;(111101000001010110) (750126) (249942) (3D056)   ;(111101010000100100) (752044) (250916) (3D424)   ;(111101100111110010) (754762) (252402) (3D9F2)   ;(111110000111000110) (760706) (254406) (3E1C6)   ;(111110101110011010) (765632) (256922) (3EB9A)   ;(111111011101011001) (773531) (259929) (3F759)   ;(000000010011100010) (2342) (1250) (4E2)   ;
;240;(000001010000001001) (12011) (5129) (1409)    ;(000010010010010101) (22225) (9365) (2495)   ;(000011011001000010) (33102) (13890) (3642)   ;(000100100011000100) (44304) (18628) (48C4)   ;(000101101111000110) (55706) (23494) (5BC6)   ;(000110111011110000) (67360) (28400) (6EF0)   ;(001000000111100100) (100744) (33252) (81E4)   ;(001001010001000101) (112105) (37957) (9445)   ;
;248;(001010010110110100) (122664) (42420) (A5B4)    ;(001011010111011000) (132730) (46552) (B5D8)   ;(001100010001011100) (142134) (50268) (C45C)   ;(001101000011110100) (150364) (53492) (D0F4)   ;(001101101101011101) (155535) (56157) (DB5D)   ;(001110001101011110) (161536) (58206) (E35E)   ;(001110100011001101) (164315) (59597) (E8CD)   ;(001110101110001101) (165615) (60301) (EB8D)   ;
;256;(001110101110001101) (165615) (60301) (EB8D)    ;(001110100011001101) (164315) (59597) (E8CD)   ;(001110001101011110) (161536) (58206) (E35E)   ;(001101101101011101) (155535) (56157) (DB5D)   ;(001101000011110100) (150364) (53492) (D0F4)   ;(001100010001011100) (142134) (50268) (C45C)   ;(001011010111011000) (132730) (46552) (B5D8)   ;(001010010110110100) (122664) (42420) (A5B4)   ;
;264;(001001010001000101) (112105) (37957) (9445)    ;(001000000111100100) (100744) (33252) (81E4)   ;(000110111011110000) (67360) (28400) (6EF0)   ;(000101101111000110) (55706) (23494) (5BC6)   ;(000100100011000100) (44304) (18628) (48C4)   ;(000011011001000010) (33102) (13890) (3642)   ;(000010010010010101) (22225) (9365) (2495)   ;(000001010000001001) (12011) (5129) (1409)   ;
;272;(000000010011100010) (2342) (1250) (4E2)    ;(111111011101011001) (773531) (259929) (3F759)   ;(111110101110011010) (765632) (256922) (3EB9A)   ;(111110000111000110) (760706) (254406) (3E1C6)   ;(111101100111110010) (754762) (252402) (3D9F2)   ;(111101010000100100) (752044) (250916) (3D424)   ;(111101000001010110) (750126) (249942) (3D056)   ;(111100111001110111) (747167) (249463) (3CE77)   ;
;280;(111100111001101010) (747152) (249450) (3CE6A)    ;(111101000000000111) (750007) (249863) (3D007)   ;(111101001100011111) (751437) (250655) (3D31F)   ;(111101011101111101) (753575) (251773) (3D77D)   ;(111101110011100011) (756343) (253155) (3DCE3)   ;(111110001100010011) (761423) (254739) (3E313)   ;(111110100111001101) (764715) (256461) (3E9CD)   ;(111111000011001111) (770317) (258255) (3F0CF)   ;
;288;(111111011111011100) (773734) (260060) (3F7DC)    ;(111111111010111010) (777272) (261818) (3FEBA)   ;(000000010100110010) (2462) (1330) (532)   ;(000000101100010101) (5425) (2837) (B15)   ;(000001000000111011) (10073) (4155) (103B)   ;(000001010010000110) (12206) (5254) (1486)   ;(000001011111011110) (13736) (6110) (17DE)   ;(000001101000110101) (15065) (6709) (1A35)   ;
;296;(000001101110000111) (15607) (7047) (1B87)    ;(000001101111010111) (15727) (7127) (1BD7)   ;(000001101100110000) (15460) (6960) (1B30)   ;(000001100110100110) (14646) (6566) (19A6)   ;(000001011101010001) (13521) (5969) (1751)   ;(000001010001010001) (12121) (5201) (1451)   ;(000001000011001000) (10310) (4296) (10C8)   ;(000000110011011011) (6333) (3291) (CDB)   ;
;304;(000000100010110000) (4260) (2224) (8B0)    ;(000000010001101111) (2157) (1135) (46F)   ;(000000000000111100) (74) (60) (3C)   ;(111111110000111100) (776074) (261180) (3FC3C)   ;(111111100010001110) (774216) (260238) (3F88E)   ;(111111010101001110) (772516) (259406) (3F54E)   ;(111111001010010010) (771222) (258706) (3F292)   ;(111111000001101100) (770154) (258156) (3F06C)   ;
;312;(111110111011101000) (767350) (257768) (3EEE8)    ;(111110111000001011) (767013) (257547) (3EE0B)   ;(111110110111010101) (766725) (257493) (3EDD5)   ;(111110111001000001) (767101) (257601) (3EE41)   ;(111110111101000011) (767503) (257859) (3EF43)   ;(111111000011001011) (770313) (258251) (3F0CB)   ;(111111001011001000) (771310) (258760) (3F2C8)   ;(111111010100100010) (772442) (259362) (3F522)   ;
;320;(111111011111000001) (773701) (260033) (3F7C1)    ;(111111101010001100) (775214) (260748) (3FA8C)   ;(111111110101101000) (776550) (261480) (3FD68)   ;(000000000000111011) (73) (59) (3B)   ;(000000001011101110) (1356) (750) (2EE)   ;(000000010101101010) (2552) (1386) (56A)   ;(000000011110011101) (3635) (1949) (79D)   ;(000000100101110110) (4566) (2422) (976)   ;
;328;(000000101011101001) (5351) (2793) (AE9)    ;(000000101111101101) (5755) (3053) (BED)   ;(000000110001111110) (6176) (3198) (C7E)   ;(000000110010011100) (6234) (3228) (C9C)   ;(000000110001001100) (6114) (3148) (C4C)   ;(000000101110010010) (5622) (2962) (B92)   ;(000000101001111100) (5174) (2684) (A7C)   ;(000000100100010101) (4425) (2325) (915)   ;
;336;(000000011101101110) (3556) (1902) (76E)    ;(000000010110011000) (2630) (1432) (598)   ;(000000001110100011) (1643) (931) (3A3)   ;(000000000110100011) (643) (419) (1A3)   ;(111111111110101010) (777652) (262058) (3FFAA)   ;(111111110111001000) (776710) (261576) (3FDC8)   ;(111111110000001100) (776014) (261132) (3FC0C)   ;(111111101010000101) (775205) (260741) (3FA85)   ;
;344;(111111100100111111) (774477) (260415) (3F93F)    ;(111111100000111111) (774077) (260159) (3F83F)   ;(111111011110001111) (773617) (259983) (3F78F)   ;(111111011100101111) (773457) (259887) (3F72F)   ;(111111011100100000) (773440) (259872) (3F720)   ;(111111011101011111) (773537) (259935) (3F75F)   ;(111111011111100111) (773747) (260071) (3F7E7)   ;(111111100010110001) (774261) (260273) (3F8B1)   ;
;352;(111111100110110010) (774662) (260530) (3F9B2)    ;(111111101011100001) (775341) (260833) (3FAE1)   ;(111111110000101111) (776057) (261167) (3FC2F)   ;(111111110110010010) (776622) (261522) (3FD92)   ;(111111111011111100) (777374) (261884) (3FEFC)   ;(000000000001100000) (140) (96) (60)   ;(000000000110110011) (663) (435) (1B3)   ;(000000001011101001) (1351) (745) (2E9)   ;
;360;(000000001111111010) (1772) (1018) (3FA)    ;(000000010011011101) (2335) (1245) (4DD)   ;(000000010110001100) (2614) (1420) (58C)   ;(000000011000000100) (3004) (1540) (604)   ;(000000011001000011) (3103) (1603) (643)   ;(000000011001001010) (3112) (1610) (64A)   ;(000000011000011010) (3032) (1562) (61A)   ;(000000010110110110) (2666) (1462) (5B6)   ;
;368;(000000010100100100) (2444) (1316) (524)    ;(000000010001101100) (2154) (1132) (46C)   ;(000000001110010110) (1626) (918) (396)   ;(000000001010101001) (1251) (681) (2A9)   ;(000000000110101111) (657) (431) (1AF)   ;(000000000010110001) (261) (177) (B1)   ;(111111111110110110) (777666) (262070) (3FFB6)   ;(111111111011001010) (777312) (261834) (3FECA)   ;
;376;(111111110111110001) (776761) (261617) (3FDF1)    ;(111111110100110100) (776464) (261428) (3FD34)   ;(111111110010010111) (776227) (261271) (3FC97)   ;(111111110000011110) (776036) (261150) (3FC1E)   ;(111111101111001011) (775713) (261067) (3FBCB)   ;(111111101110100010) (775642) (261026) (3FBA2)   ;(111111101110100000) (775640) (261024) (3FBA0)   ;(111111101111000100) (775704) (261060) (3FBC4)   ;
;384;(111111110000001010) (776012) (261130) (3FC0A)    ;(111111110001110000) (776160) (261232) (3FC70)   ;(111111110011110001) (776361) (261361) (3FCF1)   ;(111111110110000111) (776607) (261511) (3FD87)   ;(111111111000101011) (777053) (261675) (3FE2B)   ;(111111111011011001) (777331) (261849) (3FED9)   ;(111111111110001001) (777611) (262025) (3FF89)   ;(000000000000110101) (65) (53) (35)   ;
;392;(000000000011011000) (330) (216) (D8)    ;(000000000101101101) (555) (365) (16D)   ;(000000000111101111) (757) (495) (1EF)   ;(000000001001011010) (1132) (602) (25A)   ;(000000001010101101) (1255) (685) (2AD)   ;(000000001011100100) (1344) (740) (2E4)   ;(000000001100000000) (1400) (768) (300)   ;(000000001100000001) (1401) (769) (301)   ;
;400;(000000001011101001) (1351) (745) (2E9)    ;(000000001010111000) (1270) (696) (2B8)   ;(000000001001110011) (1163) (627) (273)   ;(000000001000011011) (1033) (539) (21B)   ;(000000000110110110) (666) (438) (1B6)   ;(000000000101000111) (507) (327) (147)   ;(000000000011010010) (322) (210) (D2)   ;(000000000001011011) (133) (91) (5B)   ;
;408;(111111111111101000) (777750) (262120) (3FFE8)    ;(111111111101111010) (777572) (262010) (3FF7A)   ;(111111111100010110) (777426) (261910) (3FF16)   ;(111111111010111111) (777277) (261823) (3FEBF)   ;(111111111001110111) (777167) (261751) (3FE77)   ;(111111111001000000) (777100) (261696) (3FE40)   ;(111111111000011010) (777032) (261658) (3FE1A)   ;(111111111000000111) (777007) (261639) (3FE07)   ;
;416;(111111111000000101) (777005) (261637) (3FE05)    ;(111111111000010100) (777024) (261652) (3FE14)   ;(111111111000110011) (777063) (261683) (3FE33)   ;(111111111001100000) (777140) (261728) (3FE60)   ;(111111111010011000) (777230) (261784) (3FE98)   ;(111111111011011010) (777332) (261850) (3FEDA)   ;(111111111100100010) (777442) (261922) (3FF22)   ;(111111111101101110) (777556) (261998) (3FF6E)   ;
;424;(111111111110111010) (777672) (262074) (3FFBA)    ;(000000000000000110) (6) (6) (06)   ;(000000000001001110) (116) (78) (4E)   ;(000000000010001111) (217) (143) (8F)   ;(000000000011001000) (310) (200) (C8)   ;(000000000011110111) (367) (247) (F7)   ;(000000000100011100) (434) (284) (11C)   ;(000000000100110101) (465) (309) (135)   ;
;432;(000000000101000100) (504) (324) (144)    ;(000000000101000111) (507) (327) (147)   ;(000000000100111111) (477) (319) (13F)   ;(000000000100101101) (455) (301) (12D)   ;(000000000100010010) (422) (274) (112)   ;(000000000011110000) (360) (240) (F0)   ;(000000000011001000) (310) (200) (C8)   ;(000000000010011011) (233) (155) (9B)   ;
;440;(000000000001101101) (155) (109) (6D)    ;(000000000000111101) (75) (61) (3D)   ;(000000000000001111) (17) (15) (0F)   ;(111111111111100010) (777742) (262114) (3FFE2)   ;(111111111110111001) (777671) (262073) (3FFB9)   ;(111111111110010101) (777625) (262037) (3FF95)   ;(111111111101110111) (777567) (262007) (3FF77)   ;(111111111101011111) (777537) (261983) (3FF5F)   ;
;448;(111111111101001110) (777516) (261966) (3FF4E)    ;(111111111101000011) (777503) (261955) (3FF43)   ;(111111111100111111) (777477) (261951) (3FF3F)   ;(111111111101000010) (777502) (261954) (3FF42)   ;(111111111101001011) (777513) (261963) (3FF4B)   ;(111111111101011001) (777531) (261977) (3FF59)   ;(111111111101101101) (777555) (261997) (3FF6D)   ;(111111111110000011) (777603) (262019) (3FF83)   ;
;456;(111111111110011100) (777634) (262044) (3FF9C)    ;(111111111110110111) (777667) (262071) (3FFB7)   ;(111111111111010011) (777723) (262099) (3FFD3)   ;(111111111111101111) (777757) (262127) (3FFEF)   ;(000000000000001001) (11) (9) (09)   ;(000000000000100001) (41) (33) (21)   ;(000000000000110111) (67) (55) (37)   ;(000000000001001011) (113) (75) (4B)   ;
;464;(000000000001011010) (132) (90) (5A)    ;(000000000001100110) (146) (102) (66)   ;(000000000001101110) (156) (110) (6E)   ;(000000000001110001) (161) (113) (71)   ;(000000000001110001) (161) (113) (71)   ;(000000000001101110) (156) (110) (6E)   ;(000000000001100111) (147) (103) (67)   ;(000000000001011101) (135) (93) (5D)   ;
;472;(000000000001010001) (121) (81) (51)    ;(000000000001000100) (104) (68) (44)   ;(000000000000110101) (65) (53) (35)   ;(000000000000100110) (46) (38) (26)   ;(000000000000010110) (26) (22) (16)   ;(000000000000000111) (7) (7) (07)   ;(111111111111111000) (777770) (262136) (3FFF8)   ;(111111111111101011) (777753) (262123) (3FFEB)   ;
;480;(111111111111011110) (777736) (262110) (3FFDE)    ;(111111111111010011) (777723) (262099) (3FFD3)   ;(111111111111001010) (777712) (262090) (3FFCA)   ;(111111111111000010) (777702) (262082) (3FFC2)   ;(111111111110111100) (777674) (262076) (3FFBC)   ;(111111111110111000) (777670) (262072) (3FFB8)   ;(111111111110110110) (777666) (262070) (3FFB6)   ;(111111111110110110) (777666) (262070) (3FFB6)   ;
;488;(111111111110110111) (777667) (262071) (3FFB7)    ;(111111111110111010) (777672) (262074) (3FFBA)   ;(111111111110111110) (777676) (262078) (3FFBE)   ;(111111111111000011) (777703) (262083) (3FFC3)   ;(111111111111001000) (777710) (262088) (3FFC8)   ;(111111111111001110) (777716) (262094) (3FFCE)   ;(111111111111010011) (777723) (262099) (3FFD3)   ;(111111111111011001) (777731) (262105) (3FFD9)   ;
;496;(111111111111011111) (777737) (262111) (3FFDF)    ;(111111111111100101) (777745) (262117) (3FFE5)   ;(111111111111101010) (777752) (262122) (3FFEA)   ;(111111111111101111) (777757) (262127) (3FFEF)   ;(111111111111110010) (777762) (262130) (3FFF2)   ;(111111111111110110) (777766) (262134) (3FFF6)   ;(111111111111111001) (777771) (262137) (3FFF9)   ;(111111111111111100) (777774) (262140) (3FFFC)   ;
;504;(111111111111111110) (777776) (262142) (3FFFE)    ;(000000000000000000) (0) (0) (00)   ;(000000000000000001) (1) (1) (01)   ;(000000000000000010) (2) (2) (02)   ;(000000000000000010) (2) (2) (02)   ;(000000000000000010) (2) (2) (02)   ;(000000000000000010) (2) (2) (02)   ;(000000000000000101) (5) (5) (05)   ;


+-----------------------------------------------------------------------------------------------+
; Fitter DSP Block Usage Summary                                                                ;
+---------------------------------------+-------------+---------------------+-------------------+
; Statistic                             ; Number Used ; Available per Block ; Maximum Available ;
+---------------------------------------+-------------+---------------------+-------------------+
; Simple Multipliers (9-bit)            ; 2           ; 2                   ; 112               ;
; Simple Multipliers (18-bit)           ; 8           ; 1                   ; 56                ;
; Embedded Multiplier Blocks            ; 10          ; --                  ; 56                ;
; Embedded Multiplier 9-bit elements    ; 18          ; 2                   ; 112               ;
; Signed Embedded Multipliers           ; 4           ; --                  ; --                ;
; Unsigned Embedded Multipliers         ; 2           ; --                  ; --                ;
; Mixed Sign Embedded Multipliers       ; 4           ; --                  ; --                ;
; Variable Sign Embedded Multipliers    ; 0           ; --                  ; --                ;
; Dedicated Input Shift Register Chains ; 0           ; --                  ; --                ;
+---------------------------------------+-------------+---------------------+-------------------+


+------------------------------------------------------------------------------------------------------------------------------------------------------------------------------------------------------------------------------------------------------------------------------------------------------------------------------------------------+
; DSP Block Details                                                                                                                                                                                                                                                                                                                              ;
+-------------------------------------------------------------------------------------------------------------------------------------------------+----------------------------+--------------------+---------------------+--------------------------------+-----------------------+-----------------------+-------------------+-----------------+
; Name                                                                                                                                            ; Mode                       ; Location           ; Sign Representation ; Has Input Shift Register Chain ; Data A Input Register ; Data B Input Register ; Pipeline Register ; Output Register ;
+-------------------------------------------------------------------------------------------------------------------------------------------------+----------------------------+--------------------+---------------------+--------------------------------+-----------------------+-----------------------+-------------------+-----------------+
; Receiver:rx|fir:fir_inst_Q|fir_mac:fir_mac_inst|mult_24Sx24S:mult_24Sx24S_inst|lpm_mult:lpm_mult_component|mult_okp:auto_generated|w409w[0]     ; Simple Multiplier (18-bit) ; DSPOUT_X18_Y17_N2  ;                     ; No                             ;                       ;                       ;                   ; yes             ;
;    Receiver:rx|fir:fir_inst_Q|fir_mac:fir_mac_inst|mult_24Sx24S:mult_24Sx24S_inst|lpm_mult:lpm_mult_component|mult_okp:auto_generated|mac_mult1 ;                            ; DSPMULT_X18_Y17_N0 ; Unsigned            ;                                ; no                    ; no                    ; no                ;                 ;
; Receiver:rx|fir:fir_inst_Q|fir_mac:fir_mac_inst|mult_24Sx24S:mult_24Sx24S_inst|lpm_mult:lpm_mult_component|mult_okp:auto_generated|mac_out6     ; Simple Multiplier (18-bit) ; DSPOUT_X18_Y16_N2  ;                     ; No                             ;                       ;                       ;                   ; yes             ;
;    Receiver:rx|fir:fir_inst_Q|fir_mac:fir_mac_inst|mult_24Sx24S:mult_24Sx24S_inst|lpm_mult:lpm_mult_component|mult_okp:auto_generated|mac_mult5 ;                            ; DSPMULT_X18_Y16_N0 ; Mixed               ;                                ; no                    ; no                    ; no                ;                 ;
; Receiver:rx|fir:fir_inst_Q|fir_mac:fir_mac_inst|mult_24Sx24S:mult_24Sx24S_inst|lpm_mult:lpm_mult_component|mult_okp:auto_generated|mac_out4     ; Simple Multiplier (18-bit) ; DSPOUT_X18_Y18_N2  ;                     ; No                             ;                       ;                       ;                   ; yes             ;
;    Receiver:rx|fir:fir_inst_Q|fir_mac:fir_mac_inst|mult_24Sx24S:mult_24Sx24S_inst|lpm_mult:lpm_mult_component|mult_okp:auto_generated|mac_mult3 ;                            ; DSPMULT_X18_Y18_N0 ; Mixed               ;                                ; no                    ; no                    ; no                ;                 ;
; Receiver:rx|fir:fir_inst_Q|fir_mac:fir_mac_inst|mult_24Sx24S:mult_24Sx24S_inst|lpm_mult:lpm_mult_component|mult_okp:auto_generated|mac_out8     ; Simple Multiplier (9-bit)  ; DSPOUT_X18_Y15_N2  ;                     ; No                             ;                       ;                       ;                   ; yes             ;
;    Receiver:rx|fir:fir_inst_Q|fir_mac:fir_mac_inst|mult_24Sx24S:mult_24Sx24S_inst|lpm_mult:lpm_mult_component|mult_okp:auto_generated|mac_mult7 ;                            ; DSPMULT_X18_Y15_N0 ; Signed              ;                                ; no                    ; no                    ; no                ;                 ;
; Transmitter:tx|FirInterp8:fi|lpm_mult:Mult0|mult_c6t:auto_generated|mac_out2                                                                    ; Simple Multiplier (18-bit) ; DSPOUT_X34_Y5_N2   ;                     ; No                             ;                       ;                       ;                   ; no              ;
;    Transmitter:tx|FirInterp8:fi|lpm_mult:Mult0|mult_c6t:auto_generated|mac_mult1                                                                ;                            ; DSPMULT_X34_Y5_N0  ; Signed              ;                                ; yes                   ; yes                   ; no                ;                 ;
; Transmitter:tx|FirInterp8:fi|lpm_mult:Mult1|mult_c6t:auto_generated|mac_out2                                                                    ; Simple Multiplier (18-bit) ; DSPOUT_X34_Y4_N2   ;                     ; No                             ;                       ;                       ;                   ; no              ;
;    Transmitter:tx|FirInterp8:fi|lpm_mult:Mult1|mult_c6t:auto_generated|mac_mult1                                                                ;                            ; DSPMULT_X34_Y4_N0  ; Signed              ;                                ; yes                   ; yes                   ; no                ;                 ;
; Receiver:rx|fir:fir_inst_I|fir_mac:fir_mac_inst|mult_24Sx24S:mult_24Sx24S_inst|lpm_mult:lpm_mult_component|mult_okp:auto_generated|w409w[0]     ; Simple Multiplier (18-bit) ; DSPOUT_X18_Y14_N2  ;                     ; No                             ;                       ;                       ;                   ; yes             ;
;    Receiver:rx|fir:fir_inst_I|fir_mac:fir_mac_inst|mult_24Sx24S:mult_24Sx24S_inst|lpm_mult:lpm_mult_component|mult_okp:auto_generated|mac_mult1 ;                            ; DSPMULT_X18_Y14_N0 ; Unsigned            ;                                ; no                    ; no                    ; no                ;                 ;
; Receiver:rx|fir:fir_inst_I|fir_mac:fir_mac_inst|mult_24Sx24S:mult_24Sx24S_inst|lpm_mult:lpm_mult_component|mult_okp:auto_generated|mac_out6     ; Simple Multiplier (18-bit) ; DSPOUT_X18_Y13_N2  ;                     ; No                             ;                       ;                       ;                   ; yes             ;
;    Receiver:rx|fir:fir_inst_I|fir_mac:fir_mac_inst|mult_24Sx24S:mult_24Sx24S_inst|lpm_mult:lpm_mult_component|mult_okp:auto_generated|mac_mult5 ;                            ; DSPMULT_X18_Y13_N0 ; Mixed               ;                                ; no                    ; no                    ; no                ;                 ;
; Receiver:rx|fir:fir_inst_I|fir_mac:fir_mac_inst|mult_24Sx24S:mult_24Sx24S_inst|lpm_mult:lpm_mult_component|mult_okp:auto_generated|mac_out4     ; Simple Multiplier (18-bit) ; DSPOUT_X18_Y12_N2  ;                     ; No                             ;                       ;                       ;                   ; yes             ;
;    Receiver:rx|fir:fir_inst_I|fir_mac:fir_mac_inst|mult_24Sx24S:mult_24Sx24S_inst|lpm_mult:lpm_mult_component|mult_okp:auto_generated|mac_mult3 ;                            ; DSPMULT_X18_Y12_N0 ; Mixed               ;                                ; no                    ; no                    ; no                ;                 ;
; Receiver:rx|fir:fir_inst_I|fir_mac:fir_mac_inst|mult_24Sx24S:mult_24Sx24S_inst|lpm_mult:lpm_mult_component|mult_okp:auto_generated|mac_out8     ; Simple Multiplier (9-bit)  ; DSPOUT_X18_Y11_N2  ;                     ; No                             ;                       ;                       ;                   ; yes             ;
;    Receiver:rx|fir:fir_inst_I|fir_mac:fir_mac_inst|mult_24Sx24S:mult_24Sx24S_inst|lpm_mult:lpm_mult_component|mult_okp:auto_generated|mac_mult7 ;                            ; DSPMULT_X18_Y11_N0 ; Signed              ;                                ; no                    ; no                    ; no                ;                 ;
+-------------------------------------------------------------------------------------------------------------------------------------------------+----------------------------+--------------------+---------------------+--------------------------------+-----------------------+-----------------------+-------------------+-----------------+


+--------------------------------------------------+
; Routing Usage Summary                            ;
+-----------------------+--------------------------+
; Routing Resource Type ; Usage                    ;
+-----------------------+--------------------------+
; Block interconnects   ; 11,814 / 47,787 ( 25 % ) ;
; C16 interconnects     ; 89 / 1,804 ( 5 % )       ;
; C4 interconnects      ; 4,808 / 31,272 ( 15 % )  ;
; Direct links          ; 3,024 / 47,787 ( 6 % )   ;
; Global clocks         ; 6 / 20 ( 30 % )          ;
; Local interconnects   ; 2,065 / 15,408 ( 13 % )  ;
; R24 interconnects     ; 86 / 1,775 ( 5 % )       ;
; R4 interconnects      ; 6,337 / 41,310 ( 15 % )  ;
+-----------------------+--------------------------+


+-----------------------------------------------------------------------------+
; LAB Logic Elements                                                          ;
+---------------------------------------------+-------------------------------+
; Number of Logic Elements  (Average = 12.73) ; Number of LABs  (Total = 628) ;
+---------------------------------------------+-------------------------------+
; 1                                           ; 22                            ;
; 2                                           ; 10                            ;
; 3                                           ; 11                            ;
; 4                                           ; 18                            ;
; 5                                           ; 13                            ;
; 6                                           ; 12                            ;
; 7                                           ; 17                            ;
; 8                                           ; 10                            ;
; 9                                           ; 33                            ;
; 10                                          ; 11                            ;
; 11                                          ; 26                            ;
; 12                                          ; 38                            ;
; 13                                          ; 22                            ;
; 14                                          ; 21                            ;
; 15                                          ; 41                            ;
; 16                                          ; 323                           ;
+---------------------------------------------+-------------------------------+


+--------------------------------------------------------------------+
; LAB-wide Signals                                                   ;
+------------------------------------+-------------------------------+
; LAB-wide Signals  (Average = 1.39) ; Number of LABs  (Total = 628) ;
+------------------------------------+-------------------------------+
; 1 Async. clear                     ; 35                            ;
; 1 Clock                            ; 481                           ;
; 1 Clock enable                     ; 210                           ;
; 1 Sync. clear                      ; 17                            ;
; 1 Sync. load                       ; 62                            ;
; 2 Clock enables                    ; 6                             ;
; 2 Clocks                           ; 64                            ;
+------------------------------------+-------------------------------+


+------------------------------------------------------------------------------+
; LAB Signals Sourced                                                          ;
+----------------------------------------------+-------------------------------+
; Number of Signals Sourced  (Average = 21.48) ; Number of LABs  (Total = 628) ;
+----------------------------------------------+-------------------------------+
; 0                                            ; 0                             ;
; 1                                            ; 9                             ;
; 2                                            ; 16                            ;
; 3                                            ; 5                             ;
; 4                                            ; 10                            ;
; 5                                            ; 7                             ;
; 6                                            ; 6                             ;
; 7                                            ; 5                             ;
; 8                                            ; 15                            ;
; 9                                            ; 13                            ;
; 10                                           ; 11                            ;
; 11                                           ; 9                             ;
; 12                                           ; 20                            ;
; 13                                           ; 12                            ;
; 14                                           ; 16                            ;
; 15                                           ; 9                             ;
; 16                                           ; 29                            ;
; 17                                           ; 8                             ;
; 18                                           ; 19                            ;
; 19                                           ; 9                             ;
; 20                                           ; 11                            ;
; 21                                           ; 12                            ;
; 22                                           ; 29                            ;
; 23                                           ; 10                            ;
; 24                                           ; 40                            ;
; 25                                           ; 24                            ;
; 26                                           ; 42                            ;
; 27                                           ; 18                            ;
; 28                                           ; 65                            ;
; 29                                           ; 8                             ;
; 30                                           ; 24                            ;
; 31                                           ; 18                            ;
; 32                                           ; 99                            ;
+----------------------------------------------+-------------------------------+


+----------------------------------------------------------------------------------+
; LAB Signals Sourced Out                                                          ;
+--------------------------------------------------+-------------------------------+
; Number of Signals Sourced Out  (Average = 10.88) ; Number of LABs  (Total = 628) ;
+--------------------------------------------------+-------------------------------+
; 0                                                ; 7                             ;
; 1                                                ; 25                            ;
; 2                                                ; 15                            ;
; 3                                                ; 14                            ;
; 4                                                ; 22                            ;
; 5                                                ; 28                            ;
; 6                                                ; 20                            ;
; 7                                                ; 20                            ;
; 8                                                ; 21                            ;
; 9                                                ; 41                            ;
; 10                                               ; 41                            ;
; 11                                               ; 54                            ;
; 12                                               ; 69                            ;
; 13                                               ; 22                            ;
; 14                                               ; 34                            ;
; 15                                               ; 38                            ;
; 16                                               ; 148                           ;
; 17                                               ; 4                             ;
; 18                                               ; 1                             ;
; 19                                               ; 1                             ;
; 20                                               ; 1                             ;
; 21                                               ; 0                             ;
; 22                                               ; 0                             ;
; 23                                               ; 1                             ;
; 24                                               ; 0                             ;
; 25                                               ; 0                             ;
; 26                                               ; 0                             ;
; 27                                               ; 0                             ;
; 28                                               ; 0                             ;
; 29                                               ; 0                             ;
; 30                                               ; 1                             ;
+--------------------------------------------------+-------------------------------+


+------------------------------------------------------------------------------+
; LAB Distinct Inputs                                                          ;
+----------------------------------------------+-------------------------------+
; Number of Distinct Inputs  (Average = 16.83) ; Number of LABs  (Total = 628) ;
+----------------------------------------------+-------------------------------+
; 0                                            ; 0                             ;
; 1                                            ; 0                             ;
; 2                                            ; 12                            ;
; 3                                            ; 27                            ;
; 4                                            ; 10                            ;
; 5                                            ; 15                            ;
; 6                                            ; 25                            ;
; 7                                            ; 18                            ;
; 8                                            ; 12                            ;
; 9                                            ; 20                            ;
; 10                                           ; 16                            ;
; 11                                           ; 15                            ;
; 12                                           ; 25                            ;
; 13                                           ; 22                            ;
; 14                                           ; 18                            ;
; 15                                           ; 16                            ;
; 16                                           ; 38                            ;
; 17                                           ; 37                            ;
; 18                                           ; 60                            ;
; 19                                           ; 29                            ;
; 20                                           ; 23                            ;
; 21                                           ; 29                            ;
; 22                                           ; 15                            ;
; 23                                           ; 21                            ;
; 24                                           ; 16                            ;
; 25                                           ; 21                            ;
; 26                                           ; 10                            ;
; 27                                           ; 5                             ;
; 28                                           ; 11                            ;
; 29                                           ; 7                             ;
; 30                                           ; 9                             ;
; 31                                           ; 4                             ;
; 32                                           ; 3                             ;
; 33                                           ; 15                            ;
; 34                                           ; 2                             ;
; 35                                           ; 16                            ;
; 36                                           ; 5                             ;
; 37                                           ; 1                             ;
+----------------------------------------------+-------------------------------+


+------------------------------------------+
; I/O Rules Summary                        ;
+----------------------------------+-------+
; I/O Rules Statistic              ; Total ;
+----------------------------------+-------+
; Total I/O Rules                  ; 30    ;
; Number of I/O Rules Passed       ; 9     ;
; Number of I/O Rules Failed       ; 0     ;
; Number of I/O Rules Unchecked    ; 0     ;
; Number of I/O Rules Inapplicable ; 21    ;
+----------------------------------+-------+


+--------------------------------------------------------------------------------------------------------------------------------------------------------------------------------------------------------------------------------------------------------------------------------------+
; I/O Rules Details                                                                                                                                                                                                                                                                    ;
+--------------+-----------+-----------------------------------+------------------------------------------------------------------------------------------------------+----------+--------------------------------------------------------------------------+------+-------------------+
; Status       ; ID        ; Category                          ; Rule Description                                                                                     ; Severity ; Information                                                              ; Area ; Extra Information ;
+--------------+-----------+-----------------------------------+------------------------------------------------------------------------------------------------------+----------+--------------------------------------------------------------------------+------+-------------------+
; Inapplicable ; IO_000002 ; Capacity Checks                   ; Number of clocks in an I/O bank should not exceed the number of clocks available.                    ; Critical ; No Global Signal assignments found.                                      ; I/O  ;                   ;
; Pass         ; IO_000003 ; Capacity Checks                   ; Number of pins in a Vrefgroup should not exceed the number of locations available.                   ; Critical ; 0 such failures found.                                                   ; I/O  ;                   ;
; Pass         ; IO_000001 ; Capacity Checks                   ; Number of pins in an I/O bank should not exceed the number of locations available.                   ; Critical ; 0 such failures found.                                                   ; I/O  ;                   ;
; Inapplicable ; IO_000004 ; Voltage Compatibility Checks      ; The I/O bank should support the requested VCCIO.                                                     ; Critical ; No IOBANK_VCCIO assignments found.                                       ; I/O  ;                   ;
; Inapplicable ; IO_000005 ; Voltage Compatibility Checks      ; The I/O bank should not have competing VREF values.                                                  ; Critical ; No VREF I/O Standard assignments found.                                  ; I/O  ;                   ;
; Pass         ; IO_000006 ; Voltage Compatibility Checks      ; The I/O bank should not have competing VCCIO values.                                                 ; Critical ; 0 such failures found.                                                   ; I/O  ;                   ;
; Pass         ; IO_000007 ; Valid Location Checks             ; Checks for unavailable locations.                                                                    ; Critical ; 0 such failures found.                                                   ; I/O  ;                   ;
; Inapplicable ; IO_000008 ; Valid Location Checks             ; Checks for reserved locations.                                                                       ; Critical ; No reserved LogicLock region found.                                      ; I/O  ;                   ;
; Inapplicable ; IO_000022 ; I/O Properties Checks for One I/O ; The I/O standard should support the requested Bus Hold value.                                        ; Critical ; No Enable Bus-Hold Circuitry assignments found.                          ; I/O  ;                   ;
; Inapplicable ; IO_000021 ; I/O Properties Checks for One I/O ; The I/O standard should support the requested Weak Pull Up value.                                    ; Critical ; No Weak Pull-Up Resistor assignments found.                              ; I/O  ;                   ;
; Inapplicable ; IO_000046 ; I/O Properties Checks for One I/O ; The location should support the requested Slew Rate value.                                           ; Critical ; No Slew Rate assignments found.                                          ; I/O  ;                   ;
; Inapplicable ; IO_000023 ; I/O Properties Checks for One I/O ; The I/O standard should support the Open Drain value.                                                ; Critical ; No open drain assignments found.                                         ; I/O  ;                   ;
; Inapplicable ; IO_000024 ; I/O Properties Checks for One I/O ; The I/O direction should support the On Chip Termination value.                                      ; Critical ; No Termination assignments found.                                        ; I/O  ;                   ;
; Inapplicable ; IO_000026 ; I/O Properties Checks for One I/O ; On Chip Termination and Current Strength should not be used at the same time.                        ; Critical ; No Current Strength or Termination assignments found.                    ; I/O  ;                   ;
; Inapplicable ; IO_000027 ; I/O Properties Checks for One I/O ; Weak Pull Up and Bus Hold should not be used at the same time.                                       ; Critical ; No Enable Bus-Hold Circuitry or Weak Pull-Up Resistor assignments found. ; I/O  ;                   ;
; Inapplicable ; IO_000045 ; I/O Properties Checks for One I/O ; The I/O standard should support the requested Slew Rate value.                                       ; Critical ; No Slew Rate assignments found.                                          ; I/O  ;                   ;
; Inapplicable ; IO_000047 ; I/O Properties Checks for One I/O ; On Chip Termination and Slew Rate should not be used at the same time.                               ; Critical ; No Slew Rate assignments found.                                          ; I/O  ;                   ;
; Pass         ; IO_000020 ; I/O Properties Checks for One I/O ; The I/O standard should support the requested PCI Clamp Diode.                                       ; Critical ; 0 such failures found.                                                   ; I/O  ;                   ;
; Inapplicable ; IO_000019 ; I/O Properties Checks for One I/O ; The I/O standard should support the requested On Chip Termination value.                             ; Critical ; No Termination assignments found.                                        ; I/O  ;                   ;
; Inapplicable ; IO_000018 ; I/O Properties Checks for One I/O ; The I/O standard should support the requested Current Strength.                                      ; Critical ; No Current Strength assignments found.                                   ; I/O  ;                   ;
; Pass         ; IO_000015 ; I/O Properties Checks for One I/O ; The location should support the requested PCI Clamp Diode.                                           ; Critical ; 0 such failures found.                                                   ; I/O  ;                   ;
; Inapplicable ; IO_000014 ; I/O Properties Checks for One I/O ; The location should support the requested Weak Pull Up value.                                        ; Critical ; No Weak Pull-Up Resistor assignments found.                              ; I/O  ;                   ;
; Inapplicable ; IO_000013 ; I/O Properties Checks for One I/O ; The location should support the requested Bus Hold value.                                            ; Critical ; No Enable Bus-Hold Circuitry assignments found.                          ; I/O  ;                   ;
; Inapplicable ; IO_000012 ; I/O Properties Checks for One I/O ; The location should support the requested On Chip Termination value.                                 ; Critical ; No Termination assignments found.                                        ; I/O  ;                   ;
; Inapplicable ; IO_000011 ; I/O Properties Checks for One I/O ; The location should support the requested Current Strength.                                          ; Critical ; No Current Strength assignments found.                                   ; I/O  ;                   ;
; Pass         ; IO_000010 ; I/O Properties Checks for One I/O ; The location should support the requested I/O direction.                                             ; Critical ; 0 such failures found.                                                   ; I/O  ;                   ;
; Pass         ; IO_000009 ; I/O Properties Checks for One I/O ; The location should support the requested I/O standard.                                              ; Critical ; 0 such failures found.                                                   ; I/O  ;                   ;
; Pass         ; IO_000033 ; Electromigration Checks           ; Current density for consecutive I/Os should not exceed 240mA for row I/Os and 240mA for column I/Os. ; Critical ; 0 such failures found.                                                   ; I/O  ;                   ;
; Inapplicable ; IO_000034 ; SI Related Distance Checks        ; Single-ended outputs should be 5 LAB row(s) away from a differential I/O.                            ; High     ; No Differential I/O Standard assignments found.                          ; I/O  ;                   ;
; Inapplicable ; IO_000042 ; SI Related SSO Limit Checks       ; No more than 20 outputs are allowed in a VREF group when VREF is being read from.                    ; High     ; No VREF I/O Standard assignments found.                                  ; I/O  ;                   ;
+--------------+-----------+-----------------------------------+------------------------------------------------------------------------------------------------------+----------+--------------------------------------------------------------------------+------+-------------------+


+--------------------------------------------------------------------------------------------------------------------------------------------------------------------------------------------------------------------------------------------------------------------------------------------------------------------------------------------------------------------------------------------------------------------------------------------------------------------------+
; I/O Rules Matrix                                                                                                                                                                                                                                                                                                                                                                                                                                                         ;
+--------------------+--------------+--------------+--------------+--------------+--------------+-----------+--------------+--------------+--------------+--------------+--------------+--------------+--------------+--------------+--------------+--------------+--------------+--------------+--------------+--------------+--------------+--------------+--------------+--------------+--------------+-----------+-----------+-----------+--------------+--------------+
; Pin/Rules          ; IO_000002    ; IO_000003    ; IO_000001    ; IO_000004    ; IO_000005    ; IO_000006 ; IO_000007    ; IO_000008    ; IO_000022    ; IO_000021    ; IO_000046    ; IO_000023    ; IO_000024    ; IO_000026    ; IO_000027    ; IO_000045    ; IO_000047    ; IO_000020    ; IO_000019    ; IO_000018    ; IO_000015    ; IO_000014    ; IO_000013    ; IO_000012    ; IO_000011    ; IO_000010 ; IO_000009 ; IO_000033 ; IO_000034    ; IO_000042    ;
+--------------------+--------------+--------------+--------------+--------------+--------------+-----------+--------------+--------------+--------------+--------------+--------------+--------------+--------------+--------------+--------------+--------------+--------------+--------------+--------------+--------------+--------------+--------------+--------------+--------------+--------------+-----------+-----------+-----------+--------------+--------------+
; Total Pass         ; 0            ; 49           ; 49           ; 0            ; 0            ; 63        ; 49           ; 0            ; 0            ; 0            ; 0            ; 0            ; 0            ; 0            ; 0            ; 0            ; 0            ; 34           ; 0            ; 0            ; 34           ; 0            ; 0            ; 0            ; 0            ; 63        ; 63        ; 63        ; 0            ; 0            ;
; Total Unchecked    ; 0            ; 0            ; 0            ; 0            ; 0            ; 0         ; 0            ; 0            ; 0            ; 0            ; 0            ; 0            ; 0            ; 0            ; 0            ; 0            ; 0            ; 0            ; 0            ; 0            ; 0            ; 0            ; 0            ; 0            ; 0            ; 0         ; 0         ; 0         ; 0            ; 0            ;
; Total Inapplicable ; 63           ; 14           ; 14           ; 63           ; 63           ; 0         ; 14           ; 63           ; 63           ; 63           ; 63           ; 63           ; 63           ; 63           ; 63           ; 63           ; 63           ; 29           ; 63           ; 63           ; 29           ; 63           ; 63           ; 63           ; 63           ; 0         ; 0         ; 0         ; 63           ; 63           ;
; Total Fail         ; 0            ; 0            ; 0            ; 0            ; 0            ; 0         ; 0            ; 0            ; 0            ; 0            ; 0            ; 0            ; 0            ; 0            ; 0            ; 0            ; 0            ; 0            ; 0            ; 0            ; 0            ; 0            ; 0            ; 0            ; 0            ; 0         ; 0         ; 0         ; 0            ; 0            ;
; dac_data[0]        ; Inapplicable ; Pass         ; Pass         ; Inapplicable ; Inapplicable ; Pass      ; Pass         ; Inapplicable ; Inapplicable ; Inapplicable ; Inapplicable ; Inapplicable ; Inapplicable ; Inapplicable ; Inapplicable ; Inapplicable ; Inapplicable ; Inapplicable ; Inapplicable ; Inapplicable ; Inapplicable ; Inapplicable ; Inapplicable ; Inapplicable ; Inapplicable ; Pass      ; Pass      ; Pass      ; Inapplicable ; Inapplicable ;
; dac_data[1]        ; Inapplicable ; Pass         ; Pass         ; Inapplicable ; Inapplicable ; Pass      ; Pass         ; Inapplicable ; Inapplicable ; Inapplicable ; Inapplicable ; Inapplicable ; Inapplicable ; Inapplicable ; Inapplicable ; Inapplicable ; Inapplicable ; Inapplicable ; Inapplicable ; Inapplicable ; Inapplicable ; Inapplicable ; Inapplicable ; Inapplicable ; Inapplicable ; Pass      ; Pass      ; Pass      ; Inapplicable ; Inapplicable ;
; dac_data[2]        ; Inapplicable ; Pass         ; Pass         ; Inapplicable ; Inapplicable ; Pass      ; Pass         ; Inapplicable ; Inapplicable ; Inapplicable ; Inapplicable ; Inapplicable ; Inapplicable ; Inapplicable ; Inapplicable ; Inapplicable ; Inapplicable ; Inapplicable ; Inapplicable ; Inapplicable ; Inapplicable ; Inapplicable ; Inapplicable ; Inapplicable ; Inapplicable ; Pass      ; Pass      ; Pass      ; Inapplicable ; Inapplicable ;
; dac_data[3]        ; Inapplicable ; Pass         ; Pass         ; Inapplicable ; Inapplicable ; Pass      ; Pass         ; Inapplicable ; Inapplicable ; Inapplicable ; Inapplicable ; Inapplicable ; Inapplicable ; Inapplicable ; Inapplicable ; Inapplicable ; Inapplicable ; Inapplicable ; Inapplicable ; Inapplicable ; Inapplicable ; Inapplicable ; Inapplicable ; Inapplicable ; Inapplicable ; Pass      ; Pass      ; Pass      ; Inapplicable ; Inapplicable ;
; dac_data[4]        ; Inapplicable ; Pass         ; Pass         ; Inapplicable ; Inapplicable ; Pass      ; Pass         ; Inapplicable ; Inapplicable ; Inapplicable ; Inapplicable ; Inapplicable ; Inapplicable ; Inapplicable ; Inapplicable ; Inapplicable ; Inapplicable ; Inapplicable ; Inapplicable ; Inapplicable ; Inapplicable ; Inapplicable ; Inapplicable ; Inapplicable ; Inapplicable ; Pass      ; Pass      ; Pass      ; Inapplicable ; Inapplicable ;
; dac_data[5]        ; Inapplicable ; Pass         ; Pass         ; Inapplicable ; Inapplicable ; Pass      ; Pass         ; Inapplicable ; Inapplicable ; Inapplicable ; Inapplicable ; Inapplicable ; Inapplicable ; Inapplicable ; Inapplicable ; Inapplicable ; Inapplicable ; Inapplicable ; Inapplicable ; Inapplicable ; Inapplicable ; Inapplicable ; Inapplicable ; Inapplicable ; Inapplicable ; Pass      ; Pass      ; Pass      ; Inapplicable ; Inapplicable ;
; dac_data[6]        ; Inapplicable ; Pass         ; Pass         ; Inapplicable ; Inapplicable ; Pass      ; Pass         ; Inapplicable ; Inapplicable ; Inapplicable ; Inapplicable ; Inapplicable ; Inapplicable ; Inapplicable ; Inapplicable ; Inapplicable ; Inapplicable ; Inapplicable ; Inapplicable ; Inapplicable ; Inapplicable ; Inapplicable ; Inapplicable ; Inapplicable ; Inapplicable ; Pass      ; Pass      ; Pass      ; Inapplicable ; Inapplicable ;
; dac_data[7]        ; Inapplicable ; Pass         ; Pass         ; Inapplicable ; Inapplicable ; Pass      ; Pass         ; Inapplicable ; Inapplicable ; Inapplicable ; Inapplicable ; Inapplicable ; Inapplicable ; Inapplicable ; Inapplicable ; Inapplicable ; Inapplicable ; Inapplicable ; Inapplicable ; Inapplicable ; Inapplicable ; Inapplicable ; Inapplicable ; Inapplicable ; Inapplicable ; Pass      ; Pass      ; Pass      ; Inapplicable ; Inapplicable ;
; dac_data[8]        ; Inapplicable ; Pass         ; Pass         ; Inapplicable ; Inapplicable ; Pass      ; Pass         ; Inapplicable ; Inapplicable ; Inapplicable ; Inapplicable ; Inapplicable ; Inapplicable ; Inapplicable ; Inapplicable ; Inapplicable ; Inapplicable ; Inapplicable ; Inapplicable ; Inapplicable ; Inapplicable ; Inapplicable ; Inapplicable ; Inapplicable ; Inapplicable ; Pass      ; Pass      ; Pass      ; Inapplicable ; Inapplicable ;
; dac_data[9]        ; Inapplicable ; Pass         ; Pass         ; Inapplicable ; Inapplicable ; Pass      ; Pass         ; Inapplicable ; Inapplicable ; Inapplicable ; Inapplicable ; Inapplicable ; Inapplicable ; Inapplicable ; Inapplicable ; Inapplicable ; Inapplicable ; Inapplicable ; Inapplicable ; Inapplicable ; Inapplicable ; Inapplicable ; Inapplicable ; Inapplicable ; Inapplicable ; Pass      ; Pass      ; Pass      ; Inapplicable ; Inapplicable ;
; dac_data[10]       ; Inapplicable ; Pass         ; Pass         ; Inapplicable ; Inapplicable ; Pass      ; Pass         ; Inapplicable ; Inapplicable ; Inapplicable ; Inapplicable ; Inapplicable ; Inapplicable ; Inapplicable ; Inapplicable ; Inapplicable ; Inapplicable ; Inapplicable ; Inapplicable ; Inapplicable ; Inapplicable ; Inapplicable ; Inapplicable ; Inapplicable ; Inapplicable ; Pass      ; Pass      ; Pass      ; Inapplicable ; Inapplicable ;
; dac_data[11]       ; Inapplicable ; Pass         ; Pass         ; Inapplicable ; Inapplicable ; Pass      ; Pass         ; Inapplicable ; Inapplicable ; Inapplicable ; Inapplicable ; Inapplicable ; Inapplicable ; Inapplicable ; Inapplicable ; Inapplicable ; Inapplicable ; Inapplicable ; Inapplicable ; Inapplicable ; Inapplicable ; Inapplicable ; Inapplicable ; Inapplicable ; Inapplicable ; Pass      ; Pass      ; Pass      ; Inapplicable ; Inapplicable ;
; dac_data[12]       ; Inapplicable ; Pass         ; Pass         ; Inapplicable ; Inapplicable ; Pass      ; Pass         ; Inapplicable ; Inapplicable ; Inapplicable ; Inapplicable ; Inapplicable ; Inapplicable ; Inapplicable ; Inapplicable ; Inapplicable ; Inapplicable ; Inapplicable ; Inapplicable ; Inapplicable ; Inapplicable ; Inapplicable ; Inapplicable ; Inapplicable ; Inapplicable ; Pass      ; Pass      ; Pass      ; Inapplicable ; Inapplicable ;
; dac_data[13]       ; Inapplicable ; Pass         ; Pass         ; Inapplicable ; Inapplicable ; Pass      ; Pass         ; Inapplicable ; Inapplicable ; Inapplicable ; Inapplicable ; Inapplicable ; Inapplicable ; Inapplicable ; Inapplicable ; Inapplicable ; Inapplicable ; Inapplicable ; Inapplicable ; Inapplicable ; Inapplicable ; Inapplicable ; Inapplicable ; Inapplicable ; Inapplicable ; Pass      ; Pass      ; Pass      ; Inapplicable ; Inapplicable ;
; dac_clk            ; Inapplicable ; Pass         ; Pass         ; Inapplicable ; Inapplicable ; Pass      ; Pass         ; Inapplicable ; Inapplicable ; Inapplicable ; Inapplicable ; Inapplicable ; Inapplicable ; Inapplicable ; Inapplicable ; Inapplicable ; Inapplicable ; Inapplicable ; Inapplicable ; Inapplicable ; Inapplicable ; Inapplicable ; Inapplicable ; Inapplicable ; Inapplicable ; Pass      ; Pass      ; Pass      ; Inapplicable ; Inapplicable ;
; level_pwm          ; Inapplicable ; Pass         ; Pass         ; Inapplicable ; Inapplicable ; Pass      ; Pass         ; Inapplicable ; Inapplicable ; Inapplicable ; Inapplicable ; Inapplicable ; Inapplicable ; Inapplicable ; Inapplicable ; Inapplicable ; Inapplicable ; Inapplicable ; Inapplicable ; Inapplicable ; Inapplicable ; Inapplicable ; Inapplicable ; Inapplicable ; Inapplicable ; Pass      ; Pass      ; Pass      ; Inapplicable ; Inapplicable ;
; SPI_MISO           ; Inapplicable ; Pass         ; Pass         ; Inapplicable ; Inapplicable ; Pass      ; Pass         ; Inapplicable ; Inapplicable ; Inapplicable ; Inapplicable ; Inapplicable ; Inapplicable ; Inapplicable ; Inapplicable ; Inapplicable ; Inapplicable ; Pass         ; Inapplicable ; Inapplicable ; Pass         ; Inapplicable ; Inapplicable ; Inapplicable ; Inapplicable ; Pass      ; Pass      ; Pass      ; Inapplicable ; Inapplicable ;
; filter[0]          ; Inapplicable ; Pass         ; Pass         ; Inapplicable ; Inapplicable ; Pass      ; Pass         ; Inapplicable ; Inapplicable ; Inapplicable ; Inapplicable ; Inapplicable ; Inapplicable ; Inapplicable ; Inapplicable ; Inapplicable ; Inapplicable ; Inapplicable ; Inapplicable ; Inapplicable ; Inapplicable ; Inapplicable ; Inapplicable ; Inapplicable ; Inapplicable ; Pass      ; Pass      ; Pass      ; Inapplicable ; Inapplicable ;
; filter[1]          ; Inapplicable ; Pass         ; Pass         ; Inapplicable ; Inapplicable ; Pass      ; Pass         ; Inapplicable ; Inapplicable ; Inapplicable ; Inapplicable ; Inapplicable ; Inapplicable ; Inapplicable ; Inapplicable ; Inapplicable ; Inapplicable ; Inapplicable ; Inapplicable ; Inapplicable ; Inapplicable ; Inapplicable ; Inapplicable ; Inapplicable ; Inapplicable ; Pass      ; Pass      ; Pass      ; Inapplicable ; Inapplicable ;
; filter[2]          ; Inapplicable ; Pass         ; Pass         ; Inapplicable ; Inapplicable ; Pass      ; Pass         ; Inapplicable ; Inapplicable ; Inapplicable ; Inapplicable ; Inapplicable ; Inapplicable ; Inapplicable ; Inapplicable ; Inapplicable ; Inapplicable ; Inapplicable ; Inapplicable ; Inapplicable ; Inapplicable ; Inapplicable ; Inapplicable ; Inapplicable ; Inapplicable ; Pass      ; Pass      ; Pass      ; Inapplicable ; Inapplicable ;
; filter[3]          ; Inapplicable ; Pass         ; Pass         ; Inapplicable ; Inapplicable ; Pass      ; Pass         ; Inapplicable ; Inapplicable ; Inapplicable ; Inapplicable ; Inapplicable ; Inapplicable ; Inapplicable ; Inapplicable ; Inapplicable ; Inapplicable ; Inapplicable ; Inapplicable ; Inapplicable ; Inapplicable ; Inapplicable ; Inapplicable ; Inapplicable ; Inapplicable ; Pass      ; Pass      ; Pass      ; Inapplicable ; Inapplicable ;
; filter[4]          ; Inapplicable ; Pass         ; Pass         ; Inapplicable ; Inapplicable ; Pass      ; Pass         ; Inapplicable ; Inapplicable ; Inapplicable ; Inapplicable ; Inapplicable ; Inapplicable ; Inapplicable ; Inapplicable ; Inapplicable ; Inapplicable ; Inapplicable ; Inapplicable ; Inapplicable ; Inapplicable ; Inapplicable ; Inapplicable ; Inapplicable ; Inapplicable ; Pass      ; Pass      ; Pass      ; Inapplicable ; Inapplicable ;
; p_att[0]           ; Inapplicable ; Pass         ; Pass         ; Inapplicable ; Inapplicable ; Pass      ; Pass         ; Inapplicable ; Inapplicable ; Inapplicable ; Inapplicable ; Inapplicable ; Inapplicable ; Inapplicable ; Inapplicable ; Inapplicable ; Inapplicable ; Inapplicable ; Inapplicable ; Inapplicable ; Inapplicable ; Inapplicable ; Inapplicable ; Inapplicable ; Inapplicable ; Pass      ; Pass      ; Pass      ; Inapplicable ; Inapplicable ;
; p_att[1]           ; Inapplicable ; Pass         ; Pass         ; Inapplicable ; Inapplicable ; Pass      ; Pass         ; Inapplicable ; Inapplicable ; Inapplicable ; Inapplicable ; Inapplicable ; Inapplicable ; Inapplicable ; Inapplicable ; Inapplicable ; Inapplicable ; Inapplicable ; Inapplicable ; Inapplicable ; Inapplicable ; Inapplicable ; Inapplicable ; Inapplicable ; Inapplicable ; Pass      ; Pass      ; Pass      ; Inapplicable ; Inapplicable ;
; p_att[2]           ; Inapplicable ; Pass         ; Pass         ; Inapplicable ; Inapplicable ; Pass      ; Pass         ; Inapplicable ; Inapplicable ; Inapplicable ; Inapplicable ; Inapplicable ; Inapplicable ; Inapplicable ; Inapplicable ; Inapplicable ; Inapplicable ; Inapplicable ; Inapplicable ; Inapplicable ; Inapplicable ; Inapplicable ; Inapplicable ; Inapplicable ; Inapplicable ; Pass      ; Pass      ; Pass      ; Inapplicable ; Inapplicable ;
; p_att[3]           ; Inapplicable ; Pass         ; Pass         ; Inapplicable ; Inapplicable ; Pass      ; Pass         ; Inapplicable ; Inapplicable ; Inapplicable ; Inapplicable ; Inapplicable ; Inapplicable ; Inapplicable ; Inapplicable ; Inapplicable ; Inapplicable ; Inapplicable ; Inapplicable ; Inapplicable ; Inapplicable ; Inapplicable ; Inapplicable ; Inapplicable ; Inapplicable ; Pass      ; Pass      ; Pass      ; Inapplicable ; Inapplicable ;
; p_att[4]           ; Inapplicable ; Pass         ; Pass         ; Inapplicable ; Inapplicable ; Pass      ; Pass         ; Inapplicable ; Inapplicable ; Inapplicable ; Inapplicable ; Inapplicable ; Inapplicable ; Inapplicable ; Inapplicable ; Inapplicable ; Inapplicable ; Inapplicable ; Inapplicable ; Inapplicable ; Inapplicable ; Inapplicable ; Inapplicable ; Inapplicable ; Inapplicable ; Pass      ; Pass      ; Pass      ; Inapplicable ; Inapplicable ;
; p_att[5]           ; Inapplicable ; Pass         ; Pass         ; Inapplicable ; Inapplicable ; Pass      ; Pass         ; Inapplicable ; Inapplicable ; Inapplicable ; Inapplicable ; Inapplicable ; Inapplicable ; Inapplicable ; Inapplicable ; Inapplicable ; Inapplicable ; Inapplicable ; Inapplicable ; Inapplicable ; Inapplicable ; Inapplicable ; Inapplicable ; Inapplicable ; Inapplicable ; Pass      ; Pass      ; Pass      ; Inapplicable ; Inapplicable ;
; led                ; Inapplicable ; Pass         ; Pass         ; Inapplicable ; Inapplicable ; Pass      ; Pass         ; Inapplicable ; Inapplicable ; Inapplicable ; Inapplicable ; Inapplicable ; Inapplicable ; Inapplicable ; Inapplicable ; Inapplicable ; Inapplicable ; Inapplicable ; Inapplicable ; Inapplicable ; Inapplicable ; Inapplicable ; Inapplicable ; Inapplicable ; Inapplicable ; Pass      ; Pass      ; Pass      ; Inapplicable ; Inapplicable ;
; test               ; Inapplicable ; Pass         ; Pass         ; Inapplicable ; Inapplicable ; Pass      ; Pass         ; Inapplicable ; Inapplicable ; Inapplicable ; Inapplicable ; Inapplicable ; Inapplicable ; Inapplicable ; Inapplicable ; Inapplicable ; Inapplicable ; Inapplicable ; Inapplicable ; Inapplicable ; Inapplicable ; Inapplicable ; Inapplicable ; Inapplicable ; Inapplicable ; Pass      ; Pass      ; Pass      ; Inapplicable ; Inapplicable ;
; clock_61M          ; Inapplicable ; Pass         ; Pass         ; Inapplicable ; Inapplicable ; Pass      ; Pass         ; Inapplicable ; Inapplicable ; Inapplicable ; Inapplicable ; Inapplicable ; Inapplicable ; Inapplicable ; Inapplicable ; Inapplicable ; Inapplicable ; Pass         ; Inapplicable ; Inapplicable ; Pass         ; Inapplicable ; Inapplicable ; Inapplicable ; Inapplicable ; Pass      ; Pass      ; Pass      ; Inapplicable ; Inapplicable ;
; start              ; Inapplicable ; Pass         ; Pass         ; Inapplicable ; Inapplicable ; Pass      ; Pass         ; Inapplicable ; Inapplicable ; Inapplicable ; Inapplicable ; Inapplicable ; Inapplicable ; Inapplicable ; Inapplicable ; Inapplicable ; Inapplicable ; Pass         ; Inapplicable ; Inapplicable ; Pass         ; Inapplicable ; Inapplicable ; Inapplicable ; Inapplicable ; Pass      ; Pass      ; Pass      ; Inapplicable ; Inapplicable ;
; SPI_SS             ; Inapplicable ; Pass         ; Pass         ; Inapplicable ; Inapplicable ; Pass      ; Pass         ; Inapplicable ; Inapplicable ; Inapplicable ; Inapplicable ; Inapplicable ; Inapplicable ; Inapplicable ; Inapplicable ; Inapplicable ; Inapplicable ; Pass         ; Inapplicable ; Inapplicable ; Pass         ; Inapplicable ; Inapplicable ; Inapplicable ; Inapplicable ; Pass      ; Pass      ; Pass      ; Inapplicable ; Inapplicable ;
; SPI_SCK            ; Inapplicable ; Pass         ; Pass         ; Inapplicable ; Inapplicable ; Pass      ; Pass         ; Inapplicable ; Inapplicable ; Inapplicable ; Inapplicable ; Inapplicable ; Inapplicable ; Inapplicable ; Inapplicable ; Inapplicable ; Inapplicable ; Pass         ; Inapplicable ; Inapplicable ; Pass         ; Inapplicable ; Inapplicable ; Inapplicable ; Inapplicable ; Pass      ; Pass      ; Pass      ; Inapplicable ; Inapplicable ;
; n_ptt              ; Inapplicable ; Pass         ; Pass         ; Inapplicable ; Inapplicable ; Pass      ; Pass         ; Inapplicable ; Inapplicable ; Inapplicable ; Inapplicable ; Inapplicable ; Inapplicable ; Inapplicable ; Inapplicable ; Inapplicable ; Inapplicable ; Pass         ; Inapplicable ; Inapplicable ; Pass         ; Inapplicable ; Inapplicable ; Inapplicable ; Inapplicable ; Pass      ; Pass      ; Pass      ; Inapplicable ; Inapplicable ;
; SPI_MOSI           ; Inapplicable ; Pass         ; Pass         ; Inapplicable ; Inapplicable ; Pass      ; Pass         ; Inapplicable ; Inapplicable ; Inapplicable ; Inapplicable ; Inapplicable ; Inapplicable ; Inapplicable ; Inapplicable ; Inapplicable ; Inapplicable ; Pass         ; Inapplicable ; Inapplicable ; Pass         ; Inapplicable ; Inapplicable ; Inapplicable ; Inapplicable ; Pass      ; Pass      ; Pass      ; Inapplicable ; Inapplicable ;
; n_buttons_r[7]     ; Inapplicable ; Inapplicable ; Inapplicable ; Inapplicable ; Inapplicable ; Pass      ; Inapplicable ; Inapplicable ; Inapplicable ; Inapplicable ; Inapplicable ; Inapplicable ; Inapplicable ; Inapplicable ; Inapplicable ; Inapplicable ; Inapplicable ; Pass         ; Inapplicable ; Inapplicable ; Pass         ; Inapplicable ; Inapplicable ; Inapplicable ; Inapplicable ; Pass      ; Pass      ; Pass      ; Inapplicable ; Inapplicable ;
; n_buttons_r[6]     ; Inapplicable ; Inapplicable ; Inapplicable ; Inapplicable ; Inapplicable ; Pass      ; Inapplicable ; Inapplicable ; Inapplicable ; Inapplicable ; Inapplicable ; Inapplicable ; Inapplicable ; Inapplicable ; Inapplicable ; Inapplicable ; Inapplicable ; Pass         ; Inapplicable ; Inapplicable ; Pass         ; Inapplicable ; Inapplicable ; Inapplicable ; Inapplicable ; Pass      ; Pass      ; Pass      ; Inapplicable ; Inapplicable ;
; n_buttons_r[5]     ; Inapplicable ; Inapplicable ; Inapplicable ; Inapplicable ; Inapplicable ; Pass      ; Inapplicable ; Inapplicable ; Inapplicable ; Inapplicable ; Inapplicable ; Inapplicable ; Inapplicable ; Inapplicable ; Inapplicable ; Inapplicable ; Inapplicable ; Pass         ; Inapplicable ; Inapplicable ; Pass         ; Inapplicable ; Inapplicable ; Inapplicable ; Inapplicable ; Pass      ; Pass      ; Pass      ; Inapplicable ; Inapplicable ;
; n_buttons_r[4]     ; Inapplicable ; Inapplicable ; Inapplicable ; Inapplicable ; Inapplicable ; Pass      ; Inapplicable ; Inapplicable ; Inapplicable ; Inapplicable ; Inapplicable ; Inapplicable ; Inapplicable ; Inapplicable ; Inapplicable ; Inapplicable ; Inapplicable ; Pass         ; Inapplicable ; Inapplicable ; Pass         ; Inapplicable ; Inapplicable ; Inapplicable ; Inapplicable ; Pass      ; Pass      ; Pass      ; Inapplicable ; Inapplicable ;
; n_buttons_r[3]     ; Inapplicable ; Inapplicable ; Inapplicable ; Inapplicable ; Inapplicable ; Pass      ; Inapplicable ; Inapplicable ; Inapplicable ; Inapplicable ; Inapplicable ; Inapplicable ; Inapplicable ; Inapplicable ; Inapplicable ; Inapplicable ; Inapplicable ; Pass         ; Inapplicable ; Inapplicable ; Pass         ; Inapplicable ; Inapplicable ; Inapplicable ; Inapplicable ; Pass      ; Pass      ; Pass      ; Inapplicable ; Inapplicable ;
; n_buttons_r[2]     ; Inapplicable ; Inapplicable ; Inapplicable ; Inapplicable ; Inapplicable ; Pass      ; Inapplicable ; Inapplicable ; Inapplicable ; Inapplicable ; Inapplicable ; Inapplicable ; Inapplicable ; Inapplicable ; Inapplicable ; Inapplicable ; Inapplicable ; Pass         ; Inapplicable ; Inapplicable ; Pass         ; Inapplicable ; Inapplicable ; Inapplicable ; Inapplicable ; Pass      ; Pass      ; Pass      ; Inapplicable ; Inapplicable ;
; n_buttons_r[1]     ; Inapplicable ; Inapplicable ; Inapplicable ; Inapplicable ; Inapplicable ; Pass      ; Inapplicable ; Inapplicable ; Inapplicable ; Inapplicable ; Inapplicable ; Inapplicable ; Inapplicable ; Inapplicable ; Inapplicable ; Inapplicable ; Inapplicable ; Pass         ; Inapplicable ; Inapplicable ; Pass         ; Inapplicable ; Inapplicable ; Inapplicable ; Inapplicable ; Pass      ; Pass      ; Pass      ; Inapplicable ; Inapplicable ;
; n_buttons_r[0]     ; Inapplicable ; Inapplicable ; Inapplicable ; Inapplicable ; Inapplicable ; Pass      ; Inapplicable ; Inapplicable ; Inapplicable ; Inapplicable ; Inapplicable ; Inapplicable ; Inapplicable ; Inapplicable ; Inapplicable ; Inapplicable ; Inapplicable ; Pass         ; Inapplicable ; Inapplicable ; Pass         ; Inapplicable ; Inapplicable ; Inapplicable ; Inapplicable ; Pass      ; Pass      ; Pass      ; Inapplicable ; Inapplicable ;
; adc_data[11]       ; Inapplicable ; Pass         ; Pass         ; Inapplicable ; Inapplicable ; Pass      ; Pass         ; Inapplicable ; Inapplicable ; Inapplicable ; Inapplicable ; Inapplicable ; Inapplicable ; Inapplicable ; Inapplicable ; Inapplicable ; Inapplicable ; Pass         ; Inapplicable ; Inapplicable ; Pass         ; Inapplicable ; Inapplicable ; Inapplicable ; Inapplicable ; Pass      ; Pass      ; Pass      ; Inapplicable ; Inapplicable ;
; adc_data[10]       ; Inapplicable ; Pass         ; Pass         ; Inapplicable ; Inapplicable ; Pass      ; Pass         ; Inapplicable ; Inapplicable ; Inapplicable ; Inapplicable ; Inapplicable ; Inapplicable ; Inapplicable ; Inapplicable ; Inapplicable ; Inapplicable ; Pass         ; Inapplicable ; Inapplicable ; Pass         ; Inapplicable ; Inapplicable ; Inapplicable ; Inapplicable ; Pass      ; Pass      ; Pass      ; Inapplicable ; Inapplicable ;
; adc_data[9]        ; Inapplicable ; Pass         ; Pass         ; Inapplicable ; Inapplicable ; Pass      ; Pass         ; Inapplicable ; Inapplicable ; Inapplicable ; Inapplicable ; Inapplicable ; Inapplicable ; Inapplicable ; Inapplicable ; Inapplicable ; Inapplicable ; Pass         ; Inapplicable ; Inapplicable ; Pass         ; Inapplicable ; Inapplicable ; Inapplicable ; Inapplicable ; Pass      ; Pass      ; Pass      ; Inapplicable ; Inapplicable ;
; adc_data[8]        ; Inapplicable ; Pass         ; Pass         ; Inapplicable ; Inapplicable ; Pass      ; Pass         ; Inapplicable ; Inapplicable ; Inapplicable ; Inapplicable ; Inapplicable ; Inapplicable ; Inapplicable ; Inapplicable ; Inapplicable ; Inapplicable ; Pass         ; Inapplicable ; Inapplicable ; Pass         ; Inapplicable ; Inapplicable ; Inapplicable ; Inapplicable ; Pass      ; Pass      ; Pass      ; Inapplicable ; Inapplicable ;
; adc_data[7]        ; Inapplicable ; Pass         ; Pass         ; Inapplicable ; Inapplicable ; Pass      ; Pass         ; Inapplicable ; Inapplicable ; Inapplicable ; Inapplicable ; Inapplicable ; Inapplicable ; Inapplicable ; Inapplicable ; Inapplicable ; Inapplicable ; Pass         ; Inapplicable ; Inapplicable ; Pass         ; Inapplicable ; Inapplicable ; Inapplicable ; Inapplicable ; Pass      ; Pass      ; Pass      ; Inapplicable ; Inapplicable ;
; adc_data[6]        ; Inapplicable ; Pass         ; Pass         ; Inapplicable ; Inapplicable ; Pass      ; Pass         ; Inapplicable ; Inapplicable ; Inapplicable ; Inapplicable ; Inapplicable ; Inapplicable ; Inapplicable ; Inapplicable ; Inapplicable ; Inapplicable ; Pass         ; Inapplicable ; Inapplicable ; Pass         ; Inapplicable ; Inapplicable ; Inapplicable ; Inapplicable ; Pass      ; Pass      ; Pass      ; Inapplicable ; Inapplicable ;
; adc_data[5]        ; Inapplicable ; Pass         ; Pass         ; Inapplicable ; Inapplicable ; Pass      ; Pass         ; Inapplicable ; Inapplicable ; Inapplicable ; Inapplicable ; Inapplicable ; Inapplicable ; Inapplicable ; Inapplicable ; Inapplicable ; Inapplicable ; Pass         ; Inapplicable ; Inapplicable ; Pass         ; Inapplicable ; Inapplicable ; Inapplicable ; Inapplicable ; Pass      ; Pass      ; Pass      ; Inapplicable ; Inapplicable ;
; adc_data[4]        ; Inapplicable ; Pass         ; Pass         ; Inapplicable ; Inapplicable ; Pass      ; Pass         ; Inapplicable ; Inapplicable ; Inapplicable ; Inapplicable ; Inapplicable ; Inapplicable ; Inapplicable ; Inapplicable ; Inapplicable ; Inapplicable ; Pass         ; Inapplicable ; Inapplicable ; Pass         ; Inapplicable ; Inapplicable ; Inapplicable ; Inapplicable ; Pass      ; Pass      ; Pass      ; Inapplicable ; Inapplicable ;
; adc_data[3]        ; Inapplicable ; Pass         ; Pass         ; Inapplicable ; Inapplicable ; Pass      ; Pass         ; Inapplicable ; Inapplicable ; Inapplicable ; Inapplicable ; Inapplicable ; Inapplicable ; Inapplicable ; Inapplicable ; Inapplicable ; Inapplicable ; Pass         ; Inapplicable ; Inapplicable ; Pass         ; Inapplicable ; Inapplicable ; Inapplicable ; Inapplicable ; Pass      ; Pass      ; Pass      ; Inapplicable ; Inapplicable ;
; adc_data[2]        ; Inapplicable ; Pass         ; Pass         ; Inapplicable ; Inapplicable ; Pass      ; Pass         ; Inapplicable ; Inapplicable ; Inapplicable ; Inapplicable ; Inapplicable ; Inapplicable ; Inapplicable ; Inapplicable ; Inapplicable ; Inapplicable ; Pass         ; Inapplicable ; Inapplicable ; Pass         ; Inapplicable ; Inapplicable ; Inapplicable ; Inapplicable ; Pass      ; Pass      ; Pass      ; Inapplicable ; Inapplicable ;
; adc_data[1]        ; Inapplicable ; Pass         ; Pass         ; Inapplicable ; Inapplicable ; Pass      ; Pass         ; Inapplicable ; Inapplicable ; Inapplicable ; Inapplicable ; Inapplicable ; Inapplicable ; Inapplicable ; Inapplicable ; Inapplicable ; Inapplicable ; Pass         ; Inapplicable ; Inapplicable ; Pass         ; Inapplicable ; Inapplicable ; Inapplicable ; Inapplicable ; Pass      ; Pass      ; Pass      ; Inapplicable ; Inapplicable ;
; adc_data[0]        ; Inapplicable ; Pass         ; Pass         ; Inapplicable ; Inapplicable ; Pass      ; Pass         ; Inapplicable ; Inapplicable ; Inapplicable ; Inapplicable ; Inapplicable ; Inapplicable ; Inapplicable ; Inapplicable ; Inapplicable ; Inapplicable ; Pass         ; Inapplicable ; Inapplicable ; Pass         ; Inapplicable ; Inapplicable ; Inapplicable ; Inapplicable ; Pass      ; Pass      ; Pass      ; Inapplicable ; Inapplicable ;
; n_tune             ; Inapplicable ; Inapplicable ; Inapplicable ; Inapplicable ; Inapplicable ; Pass      ; Inapplicable ; Inapplicable ; Inapplicable ; Inapplicable ; Inapplicable ; Inapplicable ; Inapplicable ; Inapplicable ; Inapplicable ; Inapplicable ; Inapplicable ; Pass         ; Inapplicable ; Inapplicable ; Pass         ; Inapplicable ; Inapplicable ; Inapplicable ; Inapplicable ; Pass      ; Pass      ; Pass      ; Inapplicable ; Inapplicable ;
; n_cw_key           ; Inapplicable ; Pass         ; Pass         ; Inapplicable ; Inapplicable ; Pass      ; Pass         ; Inapplicable ; Inapplicable ; Inapplicable ; Inapplicable ; Inapplicable ; Inapplicable ; Inapplicable ; Inapplicable ; Inapplicable ; Inapplicable ; Pass         ; Inapplicable ; Inapplicable ; Pass         ; Inapplicable ; Inapplicable ; Inapplicable ; Inapplicable ; Pass      ; Pass      ; Pass      ; Inapplicable ; Inapplicable ;
; n_buttons_l[4]     ; Inapplicable ; Inapplicable ; Inapplicable ; Inapplicable ; Inapplicable ; Pass      ; Inapplicable ; Inapplicable ; Inapplicable ; Inapplicable ; Inapplicable ; Inapplicable ; Inapplicable ; Inapplicable ; Inapplicable ; Inapplicable ; Inapplicable ; Pass         ; Inapplicable ; Inapplicable ; Pass         ; Inapplicable ; Inapplicable ; Inapplicable ; Inapplicable ; Pass      ; Pass      ; Pass      ; Inapplicable ; Inapplicable ;
; n_buttons_l[3]     ; Inapplicable ; Inapplicable ; Inapplicable ; Inapplicable ; Inapplicable ; Pass      ; Inapplicable ; Inapplicable ; Inapplicable ; Inapplicable ; Inapplicable ; Inapplicable ; Inapplicable ; Inapplicable ; Inapplicable ; Inapplicable ; Inapplicable ; Pass         ; Inapplicable ; Inapplicable ; Pass         ; Inapplicable ; Inapplicable ; Inapplicable ; Inapplicable ; Pass      ; Pass      ; Pass      ; Inapplicable ; Inapplicable ;
; n_buttons_l[2]     ; Inapplicable ; Inapplicable ; Inapplicable ; Inapplicable ; Inapplicable ; Pass      ; Inapplicable ; Inapplicable ; Inapplicable ; Inapplicable ; Inapplicable ; Inapplicable ; Inapplicable ; Inapplicable ; Inapplicable ; Inapplicable ; Inapplicable ; Pass         ; Inapplicable ; Inapplicable ; Pass         ; Inapplicable ; Inapplicable ; Inapplicable ; Inapplicable ; Pass      ; Pass      ; Pass      ; Inapplicable ; Inapplicable ;
; n_buttons_l[1]     ; Inapplicable ; Inapplicable ; Inapplicable ; Inapplicable ; Inapplicable ; Pass      ; Inapplicable ; Inapplicable ; Inapplicable ; Inapplicable ; Inapplicable ; Inapplicable ; Inapplicable ; Inapplicable ; Inapplicable ; Inapplicable ; Inapplicable ; Pass         ; Inapplicable ; Inapplicable ; Pass         ; Inapplicable ; Inapplicable ; Inapplicable ; Inapplicable ; Pass      ; Pass      ; Pass      ; Inapplicable ; Inapplicable ;
; n_buttons_l[0]     ; Inapplicable ; Inapplicable ; Inapplicable ; Inapplicable ; Inapplicable ; Pass      ; Inapplicable ; Inapplicable ; Inapplicable ; Inapplicable ; Inapplicable ; Inapplicable ; Inapplicable ; Inapplicable ; Inapplicable ; Inapplicable ; Inapplicable ; Pass         ; Inapplicable ; Inapplicable ; Pass         ; Inapplicable ; Inapplicable ; Inapplicable ; Inapplicable ; Pass      ; Pass      ; Pass      ; Inapplicable ; Inapplicable ;
+--------------------+--------------+--------------+--------------+--------------+--------------+-----------+--------------+--------------+--------------+--------------+--------------+--------------+--------------+--------------+--------------+--------------+--------------+--------------+--------------+--------------+--------------+--------------+--------------+--------------+--------------+-----------+-----------+-----------+--------------+--------------+


+---------------------------------------------------------------------------------------------+
; Fitter Device Options                                                                       ;
+------------------------------------------------------------------+--------------------------+
; Option                                                           ; Setting                  ;
+------------------------------------------------------------------+--------------------------+
; Enable user-supplied start-up clock (CLKUSR)                     ; Off                      ;
; Enable device-wide reset (DEV_CLRn)                              ; Off                      ;
; Enable device-wide output enable (DEV_OE)                        ; Off                      ;
; Enable INIT_DONE output                                          ; Off                      ;
; Configuration scheme                                             ; Active Serial            ;
; Error detection CRC                                              ; Off                      ;
; Enable open drain on CRC_ERROR pin                               ; Off                      ;
; Enable input tri-state on active configuration pins in user mode ; Off                      ;
; Configuration Voltage Level                                      ; Auto                     ;
; Force Configuration Voltage Level                                ; On                       ;
; nCEO                                                             ; Unreserved               ;
; Data[0]                                                          ; Unreserved               ;
; Data[1]/ASDO                                                     ; As input tri-stated      ;
; Data[7..2]                                                       ; Unreserved               ;
; FLASH_nCE/nCSO                                                   ; As input tri-stated      ;
; Other Active Parallel pins                                       ; Unreserved               ;
; DCLK                                                             ; As output driving ground ;
+------------------------------------------------------------------+--------------------------+


+------------------------------------+
; Operating Settings and Conditions  ;
+---------------------------+--------+
; Setting                   ; Value  ;
+---------------------------+--------+
; Nominal Core Voltage      ; 1.20 V ;
; Low Junction Temperature  ; 0 °C   ;
; High Junction Temperature ; 85 °C  ;
+---------------------------+--------+


+-------------------------------------------------------------------------------------------------------------+
; Estimated Delay Added for Hold Timing Summary                                                               ;
+-------------------------------------------------+---------------------------------------+-------------------+
; Source Clock(s)                                 ; Destination Clock(s)                  ; Delay Added in ns ;
+-------------------------------------------------+---------------------------------------+-------------------+
; prx|altpll_component|auto_generated|pll1|clk[0] ; Transmitter:tx|FirInterp8:fi|req      ; 170.1             ;
; clock_61M                                       ; Receiver:rx|fir:fir_inst_I|out_strobe ; 61.7              ;
; cdc_sync:done|sigb[0]                           ; Receiver:rx|fir:fir_inst_I|out_strobe ; 41.5              ;
; SPI_SCK                                         ; clock_61M                             ; 15.3              ;
; cdc_sync:done|sigb[0]                           ; SPI_SCK                               ; 13.8              ;
; clock_61M                                       ; clock_61M                             ; 11.7              ;
+-------------------------------------------------+---------------------------------------+-------------------+
Note: For more information on problematic transfers, consider running the Fitter again with the Optimize hold timing option (Settings Menu) turned off.
This will disable optimization of problematic paths and expose them for further analysis using the TimeQuest Timing Analyzer.


+------------------------------------------------------------------------------------------------------+
; Estimated Delay Added for Hold Timing Details                                                        ;
+------------------------------------------+---------------------------------------+-------------------+
; Source Register                          ; Destination Register                  ; Delay Added in ns ;
+------------------------------------------+---------------------------------------+-------------------+
; Transmitter:tx|cdc_sync:re_data|sigb[6]  ; Transmitter:tx|tx_reg_real[6]         ; 5.847             ;
; Transmitter:tx|cdc_sync:re_data|sigb[7]  ; Transmitter:tx|tx_reg_real[7]         ; 5.847             ;
; Transmitter:tx|cdc_sync:re_data|sigb[9]  ; Transmitter:tx|tx_reg_real[9]         ; 5.847             ;
; Transmitter:tx|cdc_sync:re_data|sigb[14] ; Transmitter:tx|tx_reg_real[14]        ; 5.592             ;
; Transmitter:tx|cdc_sync:im_data|sigb[10] ; Transmitter:tx|tx_reg_imag[10]        ; 5.592             ;
; Transmitter:tx|cdc_sync:re_data|sigb[5]  ; Transmitter:tx|tx_reg_real[5]         ; 5.543             ;
; Transmitter:tx|cdc_sync:im_data|sigb[13] ; Transmitter:tx|tx_reg_imag[13]        ; 5.543             ;
; Transmitter:tx|cdc_sync:im_data|sigb[2]  ; Transmitter:tx|tx_reg_imag[2]         ; 5.531             ;
; Transmitter:tx|cdc_sync:re_data|sigb[1]  ; Transmitter:tx|tx_reg_real[1]         ; 5.412             ;
; Transmitter:tx|cdc_sync:re_data|sigb[2]  ; Transmitter:tx|tx_reg_real[2]         ; 5.412             ;
; Transmitter:tx|cdc_sync:re_data|sigb[15] ; Transmitter:tx|tx_reg_real[15]        ; 5.412             ;
; Transmitter:tx|cdc_sync:re_data|sigb[8]  ; Transmitter:tx|tx_reg_real[8]         ; 5.238             ;
; Transmitter:tx|cdc_sync:re_data|sigb[4]  ; Transmitter:tx|tx_reg_real[4]         ; 5.232             ;
; Transmitter:tx|cdc_sync:re_data|sigb[10] ; Transmitter:tx|tx_reg_real[10]        ; 5.227             ;
; Transmitter:tx|cdc_sync:im_data|sigb[9]  ; Transmitter:tx|tx_reg_imag[9]         ; 5.227             ;
; Transmitter:tx|cdc_sync:re_data|sigb[0]  ; Transmitter:tx|tx_reg_real[0]         ; 5.223             ;
; Transmitter:tx|cdc_sync:re_data|sigb[12] ; Transmitter:tx|tx_reg_real[12]        ; 5.219             ;
; Transmitter:tx|cdc_sync:im_data|sigb[1]  ; Transmitter:tx|tx_reg_imag[1]         ; 5.219             ;
; Transmitter:tx|cdc_sync:im_data|sigb[12] ; Transmitter:tx|tx_reg_imag[12]        ; 5.219             ;
; Transmitter:tx|cdc_sync:re_data|sigb[11] ; Transmitter:tx|tx_reg_real[11]        ; 5.216             ;
; Transmitter:tx|cdc_sync:im_data|sigb[0]  ; Transmitter:tx|tx_reg_imag[0]         ; 5.216             ;
; Transmitter:tx|cdc_sync:im_data|sigb[8]  ; Transmitter:tx|tx_reg_imag[8]         ; 5.216             ;
; Transmitter:tx|cdc_sync:im_data|sigb[15] ; Transmitter:tx|tx_reg_imag[15]        ; 5.216             ;
; Transmitter:tx|cdc_sync:im_data|sigb[3]  ; Transmitter:tx|tx_reg_imag[3]         ; 5.211             ;
; Transmitter:tx|cdc_sync:im_data|sigb[14] ; Transmitter:tx|tx_reg_imag[14]        ; 5.182             ;
; Transmitter:tx|cdc_sync:re_data|sigb[3]  ; Transmitter:tx|tx_reg_real[3]         ; 5.181             ;
; Transmitter:tx|cdc_sync:re_data|sigb[13] ; Transmitter:tx|tx_reg_real[13]        ; 5.180             ;
; Transmitter:tx|cdc_sync:im_data|sigb[5]  ; Transmitter:tx|tx_reg_imag[5]         ; 5.028             ;
; Transmitter:tx|cdc_sync:im_data|sigb[6]  ; Transmitter:tx|tx_reg_imag[6]         ; 5.028             ;
; Transmitter:tx|cdc_sync:im_data|sigb[7]  ; Transmitter:tx|tx_reg_imag[7]         ; 5.028             ;
; Transmitter:tx|cdc_sync:im_data|sigb[4]  ; Transmitter:tx|tx_reg_imag[4]         ; 4.992             ;
; Transmitter:tx|cdc_sync:im_data|sigb[11] ; Transmitter:tx|tx_reg_imag[11]        ; 4.992             ;
; Receiver:rx|fir:fir_inst_I|out_strobe    ; Receiver:rx|fir:fir_inst_I|out_strobe ; 3.708             ;
; Receiver:rx|fir:fir_inst_I|even_sample   ; Receiver:rx|fir:fir_inst_I|out_strobe ; 1.854             ;
; Receiver:rx|fir:fir_inst_I|state[1]      ; Receiver:rx|fir:fir_inst_I|out_strobe ; 1.854             ;
; Receiver:rx|fir:fir_inst_I|state[2]      ; Receiver:rx|fir:fir_inst_I|out_strobe ; 1.854             ;
; Receiver:rx|fir:fir_inst_I|state[0]      ; Receiver:rx|fir:fir_inst_I|out_strobe ; 1.854             ;
; tx_real[14]                              ; rxToFifo[46]                          ; 1.607             ;
; tx_imag[14]                              ; rxToFifo[14]                          ; 1.556             ;
; tx_real[1]                               ; rxToFifo[33]                          ; 1.545             ;
; tx_real[8]                               ; rxToFifo[40]                          ; 1.545             ;
; tx_real[9]                               ; rxToFifo[41]                          ; 1.545             ;
; tx_real[10]                              ; rxToFifo[42]                          ; 1.545             ;
; tx_real[15]                              ; rxToFifo[47]                          ; 1.545             ;
; tx_imag[4]                               ; rxToFifo[4]                           ; 1.545             ;
; tx_imag[8]                               ; rxToFifo[8]                           ; 1.545             ;
; tx_imag[9]                               ; rxToFifo[9]                           ; 1.545             ;
; tx_imag[10]                              ; rxToFifo[10]                          ; 1.545             ;
; tx_imag[13]                              ; rxToFifo[13]                          ; 1.545             ;
; tx_imag[15]                              ; rxToFifo[15]                          ; 1.545             ;
; Receiver:rx|fir:fir_inst_I|out_data[17]  ; Receiver:rx|rx_real[17]               ; 1.452             ;
; Receiver:rx|fir:fir_inst_I|out_data[18]  ; Receiver:rx|rx_real[18]               ; 1.452             ;
; Receiver:rx|fir:fir_inst_I|out_data[21]  ; Receiver:rx|rx_real[21]               ; 1.452             ;
; Receiver:rx|fir:fir_inst_I|out_data[23]  ; Receiver:rx|rx_real[23]               ; 1.452             ;
; Receiver:rx|fir:fir_inst_I|out_data[12]  ; Receiver:rx|rx_real[12]               ; 1.452             ;
; Receiver:rx|fir:fir_inst_I|out_data[13]  ; Receiver:rx|rx_real[13]               ; 1.452             ;
; Receiver:rx|fir:fir_inst_I|out_data[0]   ; Receiver:rx|rx_real[0]                ; 1.452             ;
; Receiver:rx|fir:fir_inst_I|out_data[1]   ; Receiver:rx|rx_real[1]                ; 1.452             ;
; Receiver:rx|fir:fir_inst_I|out_data[2]   ; Receiver:rx|rx_real[2]                ; 1.452             ;
; Receiver:rx|fir:fir_inst_I|out_data[3]   ; Receiver:rx|rx_real[3]                ; 1.452             ;
; Receiver:rx|fir:fir_inst_I|out_data[4]   ; Receiver:rx|rx_real[4]                ; 1.452             ;
; Receiver:rx|fir:fir_inst_I|out_data[7]   ; Receiver:rx|rx_real[7]                ; 1.452             ;
; Receiver:rx|fir:fir_inst_Q|out_data[20]  ; Receiver:rx|rx_imag[20]               ; 1.452             ;
; Receiver:rx|fir:fir_inst_Q|out_data[21]  ; Receiver:rx|rx_imag[21]               ; 1.452             ;
; Receiver:rx|fir:fir_inst_Q|out_data[8]   ; Receiver:rx|rx_imag[8]                ; 1.452             ;
; Receiver:rx|fir:fir_inst_Q|out_data[9]   ; Receiver:rx|rx_imag[9]                ; 1.452             ;
; Receiver:rx|fir:fir_inst_Q|out_data[12]  ; Receiver:rx|rx_imag[12]               ; 1.452             ;
; Receiver:rx|fir:fir_inst_Q|out_data[13]  ; Receiver:rx|rx_imag[13]               ; 1.452             ;
; Receiver:rx|fir:fir_inst_Q|out_data[15]  ; Receiver:rx|rx_imag[15]               ; 1.452             ;
; Receiver:rx|fir:fir_inst_Q|out_data[0]   ; Receiver:rx|rx_imag[0]                ; 1.452             ;
; Receiver:rx|fir:fir_inst_Q|out_data[1]   ; Receiver:rx|rx_imag[1]                ; 1.452             ;
; Receiver:rx|fir:fir_inst_Q|out_data[2]   ; Receiver:rx|rx_imag[2]                ; 1.452             ;
; Receiver:rx|fir:fir_inst_Q|out_data[3]   ; Receiver:rx|rx_imag[3]                ; 1.452             ;
; Receiver:rx|fir:fir_inst_Q|out_data[5]   ; Receiver:rx|rx_imag[5]                ; 1.452             ;
; tx_real[0]                               ; rxToFifo[32]                          ; 1.426             ;
; tx_imag[12]                              ; rxToFifo[12]                          ; 1.287             ;
; tx_real[6]                               ; rxToFifo[38]                          ; 1.283             ;
; Receiver:rx|fir:fir_inst_I|out_data[19]  ; Receiver:rx|rx_real[19]               ; 1.275             ;
; Receiver:rx|fir:fir_inst_I|out_data[9]   ; Receiver:rx|rx_real[9]                ; 1.275             ;
; Receiver:rx|fir:fir_inst_Q|out_data[16]  ; Receiver:rx|rx_imag[16]               ; 1.275             ;
; Receiver:rx|fir:fir_inst_Q|out_data[11]  ; Receiver:rx|rx_imag[11]               ; 1.275             ;
; tx_real[13]                              ; rxToFifo[45]                          ; 1.267             ;
; Receiver:rx|fir:fir_inst_I|out_data[16]  ; Receiver:rx|rx_real[16]               ; 1.250             ;
; Receiver:rx|fir:fir_inst_I|out_data[11]  ; Receiver:rx|rx_real[11]               ; 1.250             ;
; Receiver:rx|fir:fir_inst_I|out_data[14]  ; Receiver:rx|rx_real[14]               ; 1.250             ;
; Receiver:rx|fir:fir_inst_Q|out_data[23]  ; Receiver:rx|rx_imag[23]               ; 1.250             ;
; Receiver:rx|fir:fir_inst_Q|out_data[7]   ; Receiver:rx|rx_imag[7]                ; 1.250             ;
; tx_real[3]                               ; rxToFifo[35]                          ; 1.243             ;
; tx_real[4]                               ; rxToFifo[36]                          ; 1.243             ;
; tx_imag[2]                               ; rxToFifo[2]                           ; 1.225             ;
; tx_real[11]                              ; rxToFifo[43]                          ; 1.213             ;
; tx_imag[5]                               ; rxToFifo[5]                           ; 1.212             ;
; tx_real[12]                              ; rxToFifo[44]                          ; 1.211             ;
; tx_imag[6]                               ; rxToFifo[6]                           ; 1.198             ;
; tx_imag[7]                               ; rxToFifo[7]                           ; 1.198             ;
; tx_real[7]                               ; rxToFifo[39]                          ; 1.197             ;
; Receiver:rx|fir:fir_inst_Q|out_data[19]  ; Receiver:rx|rx_imag[19]               ; 1.197             ;
; tx_real[5]                               ; rxToFifo[37]                          ; 1.172             ;
; tx_real[2]                               ; rxToFifo[34]                          ; 1.164             ;
; Receiver:rx|fir:fir_inst_Q|out_data[17]  ; Receiver:rx|rx_imag[17]               ; 1.148             ;
+------------------------------------------+---------------------------------------+-------------------+
Note: This table only shows the top 100 path(s) that have the largest delay added for hold.


+-----------------+
; Fitter Messages ;
+-----------------+
Warning (18236): Number of processors has not been specified which may cause overloading on shared machines.  Set the global assignment NUM_PARALLEL_PROCESSORS in your QSF to an appropriate value for best performance.
Info (20030): Parallel compilation is enabled and will use 2 of the 2 processors detected
Info (119006): Selected device EP4CE15F23C8 for design "Radio"
Info (21077): Low junction temperature is 0 degrees C
Info (21077): High junction temperature is 85 degrees C
Info (15535): Implemented PLL "pll_rx:prx|altpll:altpll_component|pll_rx_altpll:auto_generated|pll1" as Cyclone IV E PLL type File: /home/tvl/Arduino/esp32-s3-sdr/fpga_projects/cyclone_project/db/pll_rx_altpll.v Line: 43
    Info (15099): Implementing clock multiplication of 2, clock division of 1, and phase shift of 0 degrees (0 ps) for pll_rx:prx|altpll:altpll_component|pll_rx_altpll:auto_generated|wire_pll1_clk[0] port File: /home/tvl/Arduino/esp32-s3-sdr/fpga_projects/cyclone_project/db/pll_rx_altpll.v Line: 43
    Info (15099): Implementing clock multiplication of 1, clock division of 5, and phase shift of 0 degrees (0 ps) for pll_rx:prx|altpll:altpll_component|pll_rx_altpll:auto_generated|wire_pll1_clk[1] port File: /home/tvl/Arduino/esp32-s3-sdr/fpga_projects/cyclone_project/db/pll_rx_altpll.v Line: 43
Info (171004): Fitter is performing a Standard Fit compilation using maximum Fitter effort to optimize design performance
Warning (292013): Feature LogicLock is only available with a valid subscription license. You can purchase a software subscription to gain full access to this feature.
Info (176444): Device migration not selected. If you intend to use device migration later, you may need to change the pin assignments as they may be incompatible with other devices
    Info (176445): Device EP4CE40F23C8 is compatible
    Info (176445): Device EP4CE30F23C8 is compatible
    Info (176445): Device EP4CE55F23C8 is compatible
    Info (176445): Device EP4CE75F23C8 is compatible
    Info (176445): Device EP4CE115F23C8 is compatible
Info (169124): Fitter converted 3 user pins into dedicated programming pins
    Info (169125): Pin ~ALTERA_ASDO_DATA1~ is reserved at location D1
    Info (169125): Pin ~ALTERA_FLASH_nCE_nCSO~ is reserved at location E2
    Info (169125): Pin ~ALTERA_DCLK~ is reserved at location K2
Info (169141): DATA[0] dual-purpose pin not reserved
Warning (15714): Some pins have incomplete I/O assignments. Refer to the I/O Assignment Warnings report for details
Info (176045): Design uses memory blocks. Violating setup or hold times of memory block address registers for either read or write operations could cause memory contents to be corrupted. Make sure that all memory block address registers meet the setup and hold time requirements.
Critical Warning (169085): No exact pin location assignment(s) for 14 pins of 63 total pins. For the list of pins please refer to the I/O Assignment Warnings table in the fitter report.
Info (332164): Evaluating HDL-embedded SDC commands
    Info (332165): Entity dcfifo_5ti1
        Info (332166): set_false_path -from *rdptr_g* -to *ws_dgrp|dffpipe_2f9:dffpipe8|dffe9a* 
        Info (332166): set_false_path -from *delayed_wrptr_g* -to *rs_dgwp|dffpipe_1f9:dffpipe5|dffe6a* 
Critical Warning (332012): Synopsys Design Constraints File file not found: 'Radio.sdc'. A Synopsys Design Constraints File is required by the TimeQuest Timing Analyzer to get proper timing constraints. Without it, the Compiler will not properly optimize the design.
Info (332144): No user constrained generated clocks found in the design
Info (332144): No user constrained base clocks found in the design
Info (332143): No user constrained clock uncertainty found in the design. Calling "derive_clock_uncertainty"
Info (332123): Deriving Clock Uncertainty. Please refer to report_sdc in TimeQuest to see clock uncertainties.
Info (332128): Timing requirements not specified -- optimizing circuit to achieve the following default global requirements
    Info (332127): Assuming a default timing requirement
Info (332111): Found 7 clocks
    Info (332111):   Period   Clock Name
    Info (332111): ======== ============
    Info (332111):    1.000 cdc_sync:done|sigb[0]
    Info (332111):   16.276    clock_61M
    Info (332111):    8.138 prx|altpll_component|auto_generated|pll1|clk[0]
    Info (332111):   81.380 prx|altpll_component|auto_generated|pll1|clk[1]
    Info (332111):    1.000 Receiver:rx|fir:fir_inst_I|out_strobe
    Info (332111):    1.000      SPI_SCK
    Info (332111):    1.000 Transmitter:tx|FirInterp8:fi|req
Info (176353): Automatically promoted node clock_61M~input (placed in PIN AB11 (CLK14, DIFFCLK_6n)) File: /home/tvl/Arduino/esp32-s3-sdr/fpga_projects/cyclone_project/Radio.v Line: 6
    Info (176355): Automatically promoted destinations to use location or clock signal Global Clock CLKCTRL_G16
Info (176353): Automatically promoted node pll_rx:prx|altpll:altpll_component|pll_rx_altpll:auto_generated|wire_pll1_clk[0] (placed in counter C0 of PLL_4) File: /home/tvl/Arduino/esp32-s3-sdr/fpga_projects/cyclone_project/db/pll_rx_altpll.v Line: 77
    Info (176355): Automatically promoted destinations to use location or clock signal Global Clock CLKCTRL_G18
Info (176353): Automatically promoted node pll_rx:prx|altpll:altpll_component|pll_rx_altpll:auto_generated|wire_pll1_clk[1] (placed in counter C1 of PLL_4) File: /home/tvl/Arduino/esp32-s3-sdr/fpga_projects/cyclone_project/db/pll_rx_altpll.v Line: 77
    Info (176355): Automatically promoted destinations to use location or clock signal Global Clock CLKCTRL_G19
Info (176353): Automatically promoted node cdc_sync:done|sigb[0]  File: /home/tvl/Arduino/esp32-s3-sdr/fpga_projects/cyclone_project/cdc_sync.v Line: 37
    Info (176355): Automatically promoted destinations to use location or clock signal Global Clock
Info (176353): Automatically promoted node Receiver:rx|fir:fir_inst_I|out_strobe  File: /home/tvl/Arduino/esp32-s3-sdr/fpga_projects/cyclone_project/firfilt.v Line: 19
    Info (176355): Automatically promoted destinations to use location or clock signal Global Clock
    Info (176356): Following destination nodes may be non-global or may not use global or regional clocks
        Info (176357): Destination node Receiver:rx|fir:fir_inst_I|out_strobe~0 File: /home/tvl/Arduino/esp32-s3-sdr/fpga_projects/cyclone_project/firfilt.v Line: 19
        Info (176357): Destination node test~output File: /home/tvl/Arduino/esp32-s3-sdr/fpga_projects/cyclone_project/Radio.v Line: 38
Info (176353): Automatically promoted node Transmitter:tx|FirInterp8:fi|req  File: /home/tvl/Arduino/esp32-s3-sdr/fpga_projects/cyclone_project/firinterp.v Line: 9
    Info (176355): Automatically promoted destinations to use location or clock signal Global Clock
    Info (176356): Following destination nodes may be non-global or may not use global or regional clocks
        Info (176357): Destination node Transmitter:tx|FirInterp8:fi|Selector129~0 File: /home/tvl/Arduino/esp32-s3-sdr/fpga_projects/cyclone_project/firinterp.v Line: 75
Info (176233): Starting register packing
Info (176235): Finished register packing
    Extra Info (176218): Packed 72 registers into blocks of type Embedded multiplier block
    Extra Info (176220): Created 18 register duplicates
Info (176214): Statistics of I/O pins that need to be placed that use the same VCCIO and VREF, before I/O pin placement
    Info (176211): Number of I/O pins in group: 14 (unused VREF, 3.3V VCCIO, 14 input, 0 output, 0 bidirectional)
        Info (176212): I/O standards used: 3.3-V LVCMOS.
Info (176215): I/O bank details before I/O pin placement
    Info (176214): Statistics of I/O banks
        Info (176213): I/O bank number 1 does not use VREF pins and has 3.3V VCCIO pins. 4 total pin(s) used --  28 pins available
        Info (176213): I/O bank number 2 does not use VREF pins and has 3.3V VCCIO pins. 1 total pin(s) used --  46 pins available
        Info (176213): I/O bank number 3 does not use VREF pins and has undetermined VCCIO pins. 1 total pin(s) used --  45 pins available
        Info (176213): I/O bank number 4 does not use VREF pins and has undetermined VCCIO pins. 0 total pin(s) used --  41 pins available
        Info (176213): I/O bank number 5 does not use VREF pins and has 3.3V VCCIO pins. 7 total pin(s) used --  38 pins available
        Info (176213): I/O bank number 6 does not use VREF pins and has undetermined VCCIO pins. 10 total pin(s) used --  33 pins available
        Info (176213): I/O bank number 7 does not use VREF pins and has 3.3V VCCIO pins. 16 total pin(s) used --  31 pins available
        Info (176213): I/O bank number 8 does not use VREF pins and has 3.3V VCCIO pins. 13 total pin(s) used --  30 pins available
Warning (15064): PLL "pll_rx:prx|altpll:altpll_component|pll_rx_altpll:auto_generated|pll1" output port clk[0] feeds output pin "dac_clk~output" via non-dedicated routing -- jitter performance depends on switching rate of other design elements. Use PLL dedicated clock outputs to ensure jitter performance File: /home/tvl/Arduino/esp32-s3-sdr/fpga_projects/cyclone_project/db/pll_rx_altpll.v Line: 43
Info (171121): Fitter preparation operations ending: elapsed time is 00:00:06
Info (14896): Fitter has disabled Advanced Physical Optimization because it is not supported for the current family.
Info (170189): Fitter placement preparation operations beginning
Info (170190): Fitter placement preparation operations ending: elapsed time is 00:00:03
Info (170191): Fitter placement operations beginning
Info (170137): Fitter placement was successful
Info (170192): Fitter placement operations ending: elapsed time is 00:00:42
Info (170193): Fitter routing operations beginning
Info (170195): Router estimated average interconnect usage is 13% of the available device resources
    Info (170196): Router estimated peak interconnect usage is 23% of the available device resources in the region that extends from location X10_Y10 to location X20_Y19
Info (170194): Fitter routing operations ending: elapsed time is 00:00:09
Info (11888): Total time spent on timing analysis during the Fitter is 11.28 seconds.
Info (334003): Started post-fitting delay annotation
Info (334004): Delay annotation completed successfully
Info (334003): Started post-fitting delay annotation
Info (334004): Delay annotation completed successfully
Info (11218): Fitter post-fit operations ending: elapsed time is 00:00:06
Warning (169177): 34 pins must meet Intel FPGA requirements for 3.3-, 3.0-, and 2.5-V interfaces. For more information, refer to AN 447: Interfacing Cyclone IV E Devices with 3.3/3.0/2.5-V LVTTL/LVCMOS I/O Systems.
    Info (169178): Pin SPI_MISO uses I/O standard 3.3-V LVCMOS at M22 File: /home/tvl/Arduino/esp32-s3-sdr/fpga_projects/cyclone_project/Radio.v Line: 16
    Info (169178): Pin clock_61M uses I/O standard 3.3-V LVCMOS at AB11 File: /home/tvl/Arduino/esp32-s3-sdr/fpga_projects/cyclone_project/Radio.v Line: 6
    Info (169178): Pin start uses I/O standard 3.3-V LVCMOS at L22 File: /home/tvl/Arduino/esp32-s3-sdr/fpga_projects/cyclone_project/Radio.v Line: 35
    Info (169178): Pin SPI_SS uses I/O standard 3.3-V LVCMOS at R22 File: /home/tvl/Arduino/esp32-s3-sdr/fpga_projects/cyclone_project/Radio.v Line: 17
    Info (169178): Pin SPI_SCK uses I/O standard 3.3-V LVCMOS at P22 File: /home/tvl/Arduino/esp32-s3-sdr/fpga_projects/cyclone_project/Radio.v Line: 18
    Info (169178): Pin n_ptt uses I/O standard 3.3-V LVCMOS at A5 File: /home/tvl/Arduino/esp32-s3-sdr/fpga_projects/cyclone_project/Radio.v Line: 23
    Info (169178): Pin SPI_MOSI uses I/O standard 3.3-V LVCMOS at N22 File: /home/tvl/Arduino/esp32-s3-sdr/fpga_projects/cyclone_project/Radio.v Line: 15
    Info (169178): Pin n_buttons_r[7] uses I/O standard 3.3-V LVCMOS at W13 File: /home/tvl/Arduino/esp32-s3-sdr/fpga_projects/cyclone_project/Radio.v Line: 25
    Info (169178): Pin n_buttons_r[6] uses I/O standard 3.3-V LVCMOS at T11 File: /home/tvl/Arduino/esp32-s3-sdr/fpga_projects/cyclone_project/Radio.v Line: 25
    Info (169178): Pin n_buttons_r[5] uses I/O standard 3.3-V LVCMOS at AB15 File: /home/tvl/Arduino/esp32-s3-sdr/fpga_projects/cyclone_project/Radio.v Line: 25
    Info (169178): Pin n_buttons_r[4] uses I/O standard 3.3-V LVCMOS at U12 File: /home/tvl/Arduino/esp32-s3-sdr/fpga_projects/cyclone_project/Radio.v Line: 25
    Info (169178): Pin n_buttons_r[3] uses I/O standard 3.3-V LVCMOS at AA13 File: /home/tvl/Arduino/esp32-s3-sdr/fpga_projects/cyclone_project/Radio.v Line: 25
    Info (169178): Pin n_buttons_r[2] uses I/O standard 3.3-V LVCMOS at Y13 File: /home/tvl/Arduino/esp32-s3-sdr/fpga_projects/cyclone_project/Radio.v Line: 25
    Info (169178): Pin n_buttons_r[1] uses I/O standard 3.3-V LVCMOS at AA15 File: /home/tvl/Arduino/esp32-s3-sdr/fpga_projects/cyclone_project/Radio.v Line: 25
    Info (169178): Pin n_buttons_r[0] uses I/O standard 3.3-V LVCMOS at R19 File: /home/tvl/Arduino/esp32-s3-sdr/fpga_projects/cyclone_project/Radio.v Line: 25
    Info (169178): Pin adc_data[11] uses I/O standard 3.3-V LVCMOS at F21 File: /home/tvl/Arduino/esp32-s3-sdr/fpga_projects/cyclone_project/Radio.v Line: 8
    Info (169178): Pin adc_data[10] uses I/O standard 3.3-V LVCMOS at E22 File: /home/tvl/Arduino/esp32-s3-sdr/fpga_projects/cyclone_project/Radio.v Line: 8
    Info (169178): Pin adc_data[9] uses I/O standard 3.3-V LVCMOS at E21 File: /home/tvl/Arduino/esp32-s3-sdr/fpga_projects/cyclone_project/Radio.v Line: 8
    Info (169178): Pin adc_data[8] uses I/O standard 3.3-V LVCMOS at D22 File: /home/tvl/Arduino/esp32-s3-sdr/fpga_projects/cyclone_project/Radio.v Line: 8
    Info (169178): Pin adc_data[7] uses I/O standard 3.3-V LVCMOS at D21 File: /home/tvl/Arduino/esp32-s3-sdr/fpga_projects/cyclone_project/Radio.v Line: 8
    Info (169178): Pin adc_data[6] uses I/O standard 3.3-V LVCMOS at C22 File: /home/tvl/Arduino/esp32-s3-sdr/fpga_projects/cyclone_project/Radio.v Line: 8
    Info (169178): Pin adc_data[5] uses I/O standard 3.3-V LVCMOS at C21 File: /home/tvl/Arduino/esp32-s3-sdr/fpga_projects/cyclone_project/Radio.v Line: 8
    Info (169178): Pin adc_data[4] uses I/O standard 3.3-V LVCMOS at B22 File: /home/tvl/Arduino/esp32-s3-sdr/fpga_projects/cyclone_project/Radio.v Line: 8
    Info (169178): Pin adc_data[3] uses I/O standard 3.3-V LVCMOS at B21 File: /home/tvl/Arduino/esp32-s3-sdr/fpga_projects/cyclone_project/Radio.v Line: 8
    Info (169178): Pin adc_data[2] uses I/O standard 3.3-V LVCMOS at N20 File: /home/tvl/Arduino/esp32-s3-sdr/fpga_projects/cyclone_project/Radio.v Line: 8
    Info (169178): Pin adc_data[1] uses I/O standard 3.3-V LVCMOS at N19 File: /home/tvl/Arduino/esp32-s3-sdr/fpga_projects/cyclone_project/Radio.v Line: 8
    Info (169178): Pin adc_data[0] uses I/O standard 3.3-V LVCMOS at M20 File: /home/tvl/Arduino/esp32-s3-sdr/fpga_projects/cyclone_project/Radio.v Line: 8
    Info (169178): Pin n_tune uses I/O standard 3.3-V LVCMOS at AA14 File: /home/tvl/Arduino/esp32-s3-sdr/fpga_projects/cyclone_project/Radio.v Line: 21
    Info (169178): Pin n_cw_key uses I/O standard 3.3-V LVCMOS at C3 File: /home/tvl/Arduino/esp32-s3-sdr/fpga_projects/cyclone_project/Radio.v Line: 22
    Info (169178): Pin n_buttons_l[4] uses I/O standard 3.3-V LVCMOS at AB14 File: /home/tvl/Arduino/esp32-s3-sdr/fpga_projects/cyclone_project/Radio.v Line: 24
    Info (169178): Pin n_buttons_l[3] uses I/O standard 3.3-V LVCMOS at AB13 File: /home/tvl/Arduino/esp32-s3-sdr/fpga_projects/cyclone_project/Radio.v Line: 24
    Info (169178): Pin n_buttons_l[2] uses I/O standard 3.3-V LVCMOS at V12 File: /home/tvl/Arduino/esp32-s3-sdr/fpga_projects/cyclone_project/Radio.v Line: 24
    Info (169178): Pin n_buttons_l[1] uses I/O standard 3.3-V LVCMOS at Y10 File: /home/tvl/Arduino/esp32-s3-sdr/fpga_projects/cyclone_project/Radio.v Line: 24
    Info (169178): Pin n_buttons_l[0] uses I/O standard 3.3-V LVCMOS at R18 File: /home/tvl/Arduino/esp32-s3-sdr/fpga_projects/cyclone_project/Radio.v Line: 24
Info (144001): Generated suppressed messages file /home/tvl/Arduino/esp32-s3-sdr/fpga_projects/cyclone_project/output_files/Radio.fit.smsg
Info: Quartus Prime Fitter was successful. 0 errors, 7 warnings
    Info: Peak virtual memory: 1368 megabytes
    Info: Processing ended: Sat Jan  4 22:33:02 2025
    Info: Elapsed time: 00:01:15
    Info: Total CPU time (on all processors): 00:01:48


+----------------------------+
; Fitter Suppressed Messages ;
+----------------------------+
The suppressed messages can be found in /home/tvl/Arduino/esp32-s3-sdr/fpga_projects/cyclone_project/output_files/Radio.fit.smsg.


